{
  "dir": "/Users/nolson/printing-press/.runstate/claude_scratch-a8b0db3a/runs/20260721-105814-1da3c401/working/printgoat-pp-cli",
  "binary": "/Users/nolson/printing-press/.runstate/claude_scratch-a8b0db3a/runs/20260721-105814-1da3c401/working/printgoat-pp-cli/printgoat-pp-cli",
  "level": "full",
  "verdict": "PASS",
  "matrix_size": 150,
  "passed": 150,
  "failed": 0,
  "skipped": 121,
  "commands": [
    "api",
    "browse category",
    "browse user",
    "categories list",
    "categories things",
    "collections get",
    "collections things",
    "config get",
    "config set",
    "creations get",
    "creations search",
    "designer stats",
    "doctor",
    "download",
    "duplicates",
    "export",
    "feed",
    "feedback list",
    "files",
    "follow designer add",
    "follow designer list",
    "formats gaps",
    "history diff",
    "import",
    "job download",
    "job resume",
    "learnings candidates",
    "learnings confirm",
    "learnings forget",
    "learnings list",
    "learnings purge",
    "learnings reject",
    "learnings stats",
    "library doctor",
    "license audit",
    "log fail",
    "models",
    "playbook amend",
    "playbook list",
    "profile delete",
    "profile list",
    "profile save",
    "profile show",
    "profile use",
    "recall",
    "search",
    "search-things",
    "similar",
    "snapshot create",
    "snapshot verify",
    "sync",
    "tags",
    "teach",
    "teach-lookup",
    "teach-pattern",
    "teach-playbook",
    "things categories",
    "things files",
    "things get",
    "things images",
    "things tags",
    "users collections",
    "users get",
    "users things",
    "which",
    "workflow archive",
    "workflow status"
  ],
  "tests": [
    {
      "command": "api",
      "kind": "help",
      "args": [
        "api",
        "--help"
      ],
      "status": "pass",
      "output_sample": "Browse and call any API endpoint using the raw interface names.\n\nThe friendly top-level commands cover the most common operations.\nThis command provides access to ALL endpoints for power users and\nagents that need full API coverage.\n\nRun 'api' with no arguments to list all interfaces.\nRun 'api \u003cinterface\u003e' to see that interface's methods.\n\nUsage:\n  printgoat-pp-cli api [interface] [flags]\n\nExamples:\n  # List all available interfaces\n  printgoat-pp-cli api\n\n  # Show methods for a specific interface\n  printgoat-pp-cli api \u003cinterface-name\u003e\n\nFlags:\n  -h, --help   help for api\n\nGlobal Flags:\n      --agent                   Set all agent-friendly defaults (--json --compact --no-input --no-color --yes)\n      --allow-partial-failure   Downgrade response-body partial-failure (e.g. partialFailureError) to a warning instead of a non-zero exit\n      --compact                 Return only key fields (id, name, status, timestamps) for minimal token usage\n      --config string           Config file path\n      --csv                     Output as CSV (table and array responses)\n      --data-source string      Data source for read commands: auto (live with local fallback), live (API only), local (synced data only) (default \"auto\")\n      --deliver string          Route output to a sink: stdout (default), file:\u003cpath\u003e, webhook:\u003curl\u003e\n      --dry-run                 Show request without sending\n      --home string             Root directory for config, data, state, and cache files\n      --human-friendly          Enable colored output and rich formatting\n      --insecure                Skip TLS certificate verification\n      --json                    Output as JSON\n      --max-age duration        Maximum acceptable age of local-store data before a stderr hint suggests sync; 0 disables (default 30m0s)\n      --no-cache                Bypass response cache\n      --no-color                Disable colored output\n      --no-input                Disable all interactive prompts (for CI/agents)\n      --no-learn                Disable the teach/recall learning loop for this invocation\n      --plain                   Output as plain tab-separated text\n      --profile string          Apply values from a saved profile (see 'printgoat-pp-cli profile list')\n      --quiet                   Bare output, one value per line\n      --rate-limit float        Max requests per second (0 to disable)\n      --select string           Comma-separated fields to include in output (e.g. --select id,name,status)\n      --timeout duration        Request timeout (default 1m0s)\n      --yes                     Skip confirmation prompts (for agents and scripts)\n"
    },
    {
      "command": "api",
      "kind": "happy_path",
      "args": null,
      "status": "skip",
      "reason": "command path [api] has fewer segments than placeholders (1)"
    },
    {
      "command": "api",
      "kind": "json_fidelity",
      "args": null,
      "status": "skip",
      "reason": "command path [api] has fewer segments than placeholders (1)"
    },
    {
      "command": "api",
      "kind": "error_path",
      "args": [
        "api",
        "__printing_press_invalid__"
      ],
      "status": "pass",
      "exit_code": 1,
      "output_sample": "Error: interface \"__printing_press_invalid__\" not found. Run 'printgoat-pp-cli api' to list all interfaces\n"
    },
    {
      "command": "browse category",
      "kind": "help",
      "args": [
        "browse",
        "category",
        "--help"
      ],
      "status": "pass",
      "output_sample": "With just a source, lists that source's top-level categories.\nWith a category slug/name added, lists items within that category.\n\nPrintables does not expose a confirmed category-browse query from research\nfor this build; requesting it returns a clear \"not supported\" result rather\nthan a guess.\n\nUsage:\n  printgoat-pp-cli browse category \u003csource\u003e [category] [flags]\n\nExamples:\n  printgoat-pp-cli browse category thingiverse\n  printgoat-pp-cli browse category thingiverse 3d-printer-parts --agent\n\nFlags:\n  -h, --help   help for category\n\nGlobal Flags:\n      --agent                   Set all agent-friendly defaults (--json --compact --no-input --no-color --yes)\n      --allow-partial-failure   Downgrade response-body partial-failure (e.g. partialFailureError) to a warning instead of a non-zero exit\n      --compact                 Return only key fields (id, name, status, timestamps) for minimal token usage\n      --config string           Config file path\n      --csv                     Output as CSV (table and array responses)\n      --data-source string      Data source for read commands: auto (live with local fallback), live (API only), local (synced data only) (default \"auto\")\n      --deliver string          Route output to a sink: stdout (default), file:\u003cpath\u003e, webhook:\u003curl\u003e\n      --dry-run                 Show request without sending\n      --home string             Root directory for config, data, state, and cache files\n      --human-friendly          Enable colored output and rich formatting\n      --insecure                Skip TLS certificate verification\n      --json                    Output as JSON\n      --max-age duration        Maximum acceptable age of local-store data before a stderr hint suggests sync; 0 disables (default 30m0s)\n      --no-cache                Bypass response cache\n      --no-color                Disable colored output\n      --no-input                Disable all interactive prompts (for CI/agents)\n      --no-learn                Disable the teach/recall learning loop for this invocation\n      --plain                   Output as plain tab-separated text\n      --profile string          Apply values from a saved profile (see 'printgoat-pp-cli profile list')\n      --quiet                   Bare output, one value per line\n      --rate-limit float        Max requests per second (0 to disable)\n      --select string           Comma-separated fields to include in output (e.g. --select id,name,status)\n      --timeout duration        Request timeout (default 1m0s)\n      --yes                     Skip confirmation prompts (for agents and scripts)\n"
    },
    {
      "command": "browse category",
      "kind": "happy_path",
      "args": null,
      "status": "skip",
      "reason": "command path [browse category] has fewer segments than placeholders (2)"
    },
    {
      "command": "browse category",
      "kind": "json_fidelity",
      "args": null,
      "status": "skip",
      "reason": "command path [browse category] has fewer segments than placeholders (2)"
    },
    {
      "command": "browse category",
      "kind": "error_path",
      "args": [
        "browse",
        "category",
        "__printing_press_invalid__"
      ],
      "status": "pass",
      "exit_code": 2,
      "output_sample": "Error: invalid source \"__printing_press_invalid__\": expected printables, thingiverse, or cults3d\n"
    },
    {
      "command": "browse user",
      "kind": "help",
      "args": [
        "browse",
        "user",
        "--help"
      ],
      "status": "pass",
      "output_sample": "Browse a designer/user's published things or creations on a given source\n\nUsage:\n  printgoat-pp-cli browse user \u003csource\u003e \u003chandle\u003e [flags]\n\nExamples:\n  printgoat-pp-cli browse user thingiverse PrintedSolid --agent\n\nFlags:\n  -h, --help   help for user\n\nGlobal Flags:\n      --agent                   Set all agent-friendly defaults (--json --compact --no-input --no-color --yes)\n      --allow-partial-failure   Downgrade response-body partial-failure (e.g. partialFailureError) to a warning instead of a non-zero exit\n      --compact                 Return only key fields (id, name, status, timestamps) for minimal token usage\n      --config string           Config file path\n      --csv                     Output as CSV (table and array responses)\n      --data-source string      Data source for read commands: auto (live with local fallback), live (API only), local (synced data only) (default \"auto\")\n      --deliver string          Route output to a sink: stdout (default), file:\u003cpath\u003e, webhook:\u003curl\u003e\n      --dry-run                 Show request without sending\n      --home string             Root directory for config, data, state, and cache files\n      --human-friendly          Enable colored output and rich formatting\n      --insecure                Skip TLS certificate verification\n      --json                    Output as JSON\n      --max-age duration        Maximum acceptable age of local-store data before a stderr hint suggests sync; 0 disables (default 30m0s)\n      --no-cache                Bypass response cache\n      --no-color                Disable colored output\n      --no-input                Disable all interactive prompts (for CI/agents)\n      --no-learn                Disable the teach/recall learning loop for this invocation\n      --plain                   Output as plain tab-separated text\n      --profile string          Apply values from a saved profile (see 'printgoat-pp-cli profile list')\n      --quiet                   Bare output, one value per line\n      --rate-limit float        Max requests per second (0 to disable)\n      --select string           Comma-separated fields to include in output (e.g. --select id,name,status)\n      --timeout duration        Request timeout (default 1m0s)\n      --yes                     Skip confirmation prompts (for agents and scripts)\n"
    },
    {
      "command": "browse user",
      "kind": "happy_path",
      "args": null,
      "status": "skip",
      "reason": "command path [browse user] has fewer segments than placeholders (2)"
    },
    {
      "command": "browse user",
      "kind": "json_fidelity",
      "args": null,
      "status": "skip",
      "reason": "command path [browse user] has fewer segments than placeholders (2)"
    },
    {
      "command": "browse user",
      "kind": "error_path",
      "args": [
        "browse",
        "user",
        "__printing_press_invalid__"
      ],
      "status": "pass",
      "exit_code": 2,
      "output_sample": "Error: browse user requires \u003csource\u003e and \u003chandle\u003e\nUsage: printgoat-pp-cli browse user \u003csource\u003e \u003chandle\u003e\n"
    },
    {
      "command": "categories list",
      "kind": "help",
      "args": [
        "categories",
        "list",
        "--help"
      ],
      "status": "pass",
      "output_sample": "List top-level categories\n\nUsage:\n  printgoat-pp-cli categories list [flags]\n\nExamples:\n  printgoat-pp-cli categories list\n\nFlags:\n  -h, --help   help for list\n\nGlobal Flags:\n      --agent                   Set all agent-friendly defaults (--json --compact --no-input --no-color --yes)\n      --allow-partial-failure   Downgrade response-body partial-failure (e.g. partialFailureError) to a warning instead of a non-zero exit\n      --compact                 Return only key fields (id, name, status, timestamps) for minimal token usage\n      --config string           Config file path\n      --csv                     Output as CSV (table and array responses)\n      --data-source string      Data source for read commands: auto (live with local fallback), live (API only), local (synced data only) (default \"auto\")\n      --deliver string          Route output to a sink: stdout (default), file:\u003cpath\u003e, webhook:\u003curl\u003e\n      --dry-run                 Show request without sending\n      --home string             Root directory for config, data, state, and cache files\n      --human-friendly          Enable colored output and rich formatting\n      --insecure                Skip TLS certificate verification\n      --json                    Output as JSON\n      --max-age duration        Maximum acceptable age of local-store data before a stderr hint suggests sync; 0 disables (default 30m0s)\n      --no-cache                Bypass response cache\n      --no-color                Disable colored output\n      --no-input                Disable all interactive prompts (for CI/agents)\n      --no-learn                Disable the teach/recall learning loop for this invocation\n      --plain                   Output as plain tab-separated text\n      --profile string          Apply values from a saved profile (see 'printgoat-pp-cli profile list')\n      --quiet                   Bare output, one value per line\n      --rate-limit float        Max requests per second (0 to disable)\n      --select string           Comma-separated fields to include in output (e.g. --select id,name,status)\n      --timeout duration        Request timeout (default 1m0s)\n      --yes                     Skip confirmation prompts (for agents and scripts)\n"
    },
    {
      "command": "categories list",
      "kind": "happy_path",
      "args": [
        "categories",
        "list"
      ],
      "status": "pass",
      "output_sample": "{\"meta\":{\"source\":\"live\"},\"results\":[{\"count\":615315,\"id\":73,\"name\":\"\u003credacted\u003e\",\"slug\":\"3d-printing\",\"things_url\":\"https://api.thingiverse.com/categories/3d-printing/things\",\"url\":\"https://api.thingiverse.com/categories/3d-printing\"},{\"count\":281075,\"id\":63,\"name\":\"\u003credacted\u003e\",\"slug\":\"art\",\"things_url\":\"https://api.thingiverse.com/categories/art/things\",\"url\":\"https://api.thingiverse.com/categories/art\"},{\"count\":247217,\"id\":64,\"name\":\"\u003credacted\u003e\",\"slug\":\"fashion\",\"things_url\":\"https://api.thingiverse.com/categories/fashion/things\",\"url\":\"https://api.thingiverse.com/categories/fashion\"},{\"count\":177155,\"id\":65,\"name\":\"\u003credacted\u003e\",\"slug\":\"gadgets\",\"things_url\":\"https://api.thingiverse.com/categories/gadgets/things\",\"url\":\"https://api.thingiverse.com/categories/gadgets\"},{\"count\":446417,\"id\":66,\"name\":\"\u003credacted\u003e\",\"slug\":\"hobby\",\"things_url\":\"https://api.thingiverse.com/categories/hobby/things\",\"url\":\"https://api.thingiverse.com/categories/hobby\"},{\"count\":578261,\"id\":67,\"name\":\"\u003credacted\u003e\",\"slug\":\"household\",\"things_url\":\"https://api.thingiverse.com/categories/household/things\",\"url\":\"https://api.thingiverse.com/categories/household\"},{\"count\":40847,\"id\":69,\"name\":\"\u003credacted\u003e\",\"slug\":\"learning\",\"things_url\":\"https://api.thingiverse.com/categories/learning/things\",\"url\":\"https://api.thingiverse.com/categories/learning\"},{\"count\":145315,\"id\":70,\"name\":\"\u003credacted\u003e\",\"slug\":\"models\",\"things_url\":\"https://api.thingiverse.com/categories/models/things\",\"url\":\"https://api.thingiverse.com/categories/models\"},{\"count\":204619,\"id\":71,\"name\":\"\u003credacted\u003e\",\"slug\":\"tools\",\"things_url\":\"https://api.thingiverse.com/categories/tools/things\",\"url\":\"https://api.thingiverse.com/categories/tools\"},{\"count\":245604,\"id\":72,\"name\":\"\u003credacted\u003e\",\"slug\":\"toys-and-games\",\"things_url\":\"https://api.thingiverse.com/categories/toys-and-games/things\",\"url\":\"https://api.thingiverse.com/categories/toys-and-games\"}]}"
    },
    {
      "command": "categories list",
      "kind": "json_fidelity",
      "args": [
        "categories",
        "list",
        "--json"
      ],
      "status": "pass",
      "output_sample": "{\"meta\":{\"source\":\"live\"},\"results\":[{\"count\":615315,\"id\":73,\"name\":\"\u003credacted\u003e\",\"slug\":\"3d-printing\",\"things_url\":\"https://api.thingiverse.com/categories/3d-printing/things\",\"url\":\"https://api.thingiverse.com/categories/3d-printing\"},{\"count\":281075,\"id\":63,\"name\":\"\u003credacted\u003e\",\"slug\":\"art\",\"things_url\":\"https://api.thingiverse.com/categories/art/things\",\"url\":\"https://api.thingiverse.com/categories/art\"},{\"count\":247217,\"id\":64,\"name\":\"\u003credacted\u003e\",\"slug\":\"fashion\",\"things_url\":\"https://api.thingiverse.com/categories/fashion/things\",\"url\":\"https://api.thingiverse.com/categories/fashion\"},{\"count\":177155,\"id\":65,\"name\":\"\u003credacted\u003e\",\"slug\":\"gadgets\",\"things_url\":\"https://api.thingiverse.com/categories/gadgets/things\",\"url\":\"https://api.thingiverse.com/categories/gadgets\"},{\"count\":446417,\"id\":66,\"name\":\"\u003credacted\u003e\",\"slug\":\"hobby\",\"things_url\":\"https://api.thingiverse.com/categories/hobby/things\",\"url\":\"https://api.thingiverse.com/categories/hobby\"},{\"count\":578261,\"id\":67,\"name\":\"\u003credacted\u003e\",\"slug\":\"household\",\"things_url\":\"https://api.thingiverse.com/categories/household/things\",\"url\":\"https://api.thingiverse.com/categories/household\"},{\"count\":40847,\"id\":69,\"name\":\"\u003credacted\u003e\",\"slug\":\"learning\",\"things_url\":\"https://api.thingiverse.com/categories/learning/things\",\"url\":\"https://api.thingiverse.com/categories/learning\"},{\"count\":145315,\"id\":70,\"name\":\"\u003credacted\u003e\",\"slug\":\"models\",\"things_url\":\"https://api.thingiverse.com/categories/models/things\",\"url\":\"https://api.thingiverse.com/categories/models\"},{\"count\":204619,\"id\":71,\"name\":\"\u003credacted\u003e\",\"slug\":\"tools\",\"things_url\":\"https://api.thingiverse.com/categories/tools/things\",\"url\":\"https://api.thingiverse.com/categories/tools\"},{\"count\":245604,\"id\":72,\"name\":\"\u003credacted\u003e\",\"slug\":\"toys-and-games\",\"things_url\":\"https://api.thingiverse.com/categories/toys-and-games/things\",\"url\":\"https://api.thingiverse.com/categories/toys-and-games\"}]}"
    },
    {
      "command": "categories list",
      "kind": "error_path",
      "args": null,
      "status": "skip",
      "reason": "no positional argument"
    },
    {
      "command": "categories things",
      "kind": "help",
      "args": [
        "categories",
        "things",
        "--help"
      ],
      "status": "pass",
      "output_sample": "List things in a category\n\nUsage:\n  printgoat-pp-cli categories things \u003cslug\u003e [flags]\n\nExamples:\n  printgoat-pp-cli categories things example-value\n\nFlags:\n  -h, --help   help for things\n\nGlobal Flags:\n      --agent                   Set all agent-friendly defaults (--json --compact --no-input --no-color --yes)\n      --allow-partial-failure   Downgrade response-body partial-failure (e.g. partialFailureError) to a warning instead of a non-zero exit\n      --compact                 Return only key fields (id, name, status, timestamps) for minimal token usage\n      --config string           Config file path\n      --csv                     Output as CSV (table and array responses)\n      --data-source string      Data source for read commands: auto (live with local fallback), live (API only), local (synced data only) (default \"auto\")\n      --deliver string          Route output to a sink: stdout (default), file:\u003cpath\u003e, webhook:\u003curl\u003e\n      --dry-run                 Show request without sending\n      --home string             Root directory for config, data, state, and cache files\n      --human-friendly          Enable colored output and rich formatting\n      --insecure                Skip TLS certificate verification\n      --json                    Output as JSON\n      --max-age duration        Maximum acceptable age of local-store data before a stderr hint suggests sync; 0 disables (default 30m0s)\n      --no-cache                Bypass response cache\n      --no-color                Disable colored output\n      --no-input                Disable all interactive prompts (for CI/agents)\n      --no-learn                Disable the teach/recall learning loop for this invocation\n      --plain                   Output as plain tab-separated text\n      --profile string          Apply values from a saved profile (see 'printgoat-pp-cli profile list')\n      --quiet                   Bare output, one value per line\n      --rate-limit float        Max requests per second (0 to disable)\n      --select string           Comma-separated fields to include in output (e.g. --select id,name,status)\n      --timeout duration        Request timeout (default 1m0s)\n      --yes                     Skip confirmation prompts (for agents and scripts)\n"
    },
    {
      "command": "categories things",
      "kind": "happy_path",
      "args": null,
      "status": "skip",
      "reason": "non-id positional \"slug\" at depth 0"
    },
    {
      "command": "categories things",
      "kind": "json_fidelity",
      "args": null,
      "status": "skip",
      "reason": "non-id positional \"slug\" at depth 0"
    },
    {
      "command": "categories things",
      "kind": "error_path",
      "args": [
        "categories",
        "things",
        "__printing_press_invalid__"
      ],
      "status": "pass",
      "exit_code": 3,
      "output_sample": "Error: GET https://api.thingiverse.com/categories/__printing_press_invalid__/things returned HTTP 404: {\"error\":\"Unable to find category with slug __printing_press_invalid__\"}\nhint: resource not found. Run the 'list' command to see available items\n"
    },
    {
      "command": "collections get",
      "kind": "help",
      "args": [
        "collections",
        "get",
        "--help"
      ],
      "status": "pass",
      "output_sample": "Get a collection by ID\n\nUsage:\n  printgoat-pp-cli collections get \u003ccollection_id\u003e [flags]\n\nExamples:\n  printgoat-pp-cli collections get 550e8400-e29b-41d4-a716-446655440000\n\nFlags:\n  -h, --help   help for get\n\nGlobal Flags:\n      --agent                   Set all agent-friendly defaults (--json --compact --no-input --no-color --yes)\n      --allow-partial-failure   Downgrade response-body partial-failure (e.g. partialFailureError) to a warning instead of a non-zero exit\n      --compact                 Return only key fields (id, name, status, timestamps) for minimal token usage\n      --config string           Config file path\n      --csv                     Output as CSV (table and array responses)\n      --data-source string      Data source for read commands: auto (live with local fallback), live (API only), local (synced data only) (default \"auto\")\n      --deliver string          Route output to a sink: stdout (default), file:\u003cpath\u003e, webhook:\u003curl\u003e\n      --dry-run                 Show request without sending\n      --home string             Root directory for config, data, state, and cache files\n      --human-friendly          Enable colored output and rich formatting\n      --insecure                Skip TLS certificate verification\n      --json                    Output as JSON\n      --max-age duration        Maximum acceptable age of local-store data before a stderr hint suggests sync; 0 disables (default 30m0s)\n      --no-cache                Bypass response cache\n      --no-color                Disable colored output\n      --no-input                Disable all interactive prompts (for CI/agents)\n      --no-learn                Disable the teach/recall learning loop for this invocation\n      --plain                   Output as plain tab-separated text\n      --profile string          Apply values from a saved profile (see 'printgoat-pp-cli profile list')\n      --quiet                   Bare output, one value per line\n      --rate-limit float        Max requests per second (0 to disable)\n      --select string           Comma-separated fields to include in output (e.g. --select id,name,status)\n      --timeout duration        Request timeout (default 1m0s)\n      --yes                     Skip confirmation prompts (for agents and scripts)\n"
    },
    {
      "command": "collections get",
      "kind": "happy_path",
      "args": null,
      "status": "skip",
      "reason": "blocked-fixture: required API parameter"
    },
    {
      "command": "collections get",
      "kind": "json_fidelity",
      "args": null,
      "status": "skip",
      "reason": "blocked-fixture: required API parameter"
    },
    {
      "command": "collections get",
      "kind": "error_path",
      "args": [
        "collections",
        "get",
        "__printing_press_invalid__"
      ],
      "status": "pass",
      "exit_code": 3,
      "output_sample": "Error: GET https://api.thingiverse.com/collections/__printing_press_invalid__/ returned HTTP 404: {\"error\":\"Collection __printing_press_invalid__ does not exist\"}\nhint: resource not found. Run the 'list' command to see available items\n"
    },
    {
      "command": "collections things",
      "kind": "help",
      "args": [
        "collections",
        "things",
        "--help"
      ],
      "status": "pass",
      "output_sample": "List things in a collection\n\nUsage:\n  printgoat-pp-cli collections things \u003ccollection_id\u003e [flags]\n\nExamples:\n  printgoat-pp-cli collections things 550e8400-e29b-41d4-a716-446655440000\n\nFlags:\n  -h, --help   help for things\n\nGlobal Flags:\n      --agent                   Set all agent-friendly defaults (--json --compact --no-input --no-color --yes)\n      --allow-partial-failure   Downgrade response-body partial-failure (e.g. partialFailureError) to a warning instead of a non-zero exit\n      --compact                 Return only key fields (id, name, status, timestamps) for minimal token usage\n      --config string           Config file path\n      --csv                     Output as CSV (table and array responses)\n      --data-source string      Data source for read commands: auto (live with local fallback), live (API only), local (synced data only) (default \"auto\")\n      --deliver string          Route output to a sink: stdout (default), file:\u003cpath\u003e, webhook:\u003curl\u003e\n      --dry-run                 Show request without sending\n      --home string             Root directory for config, data, state, and cache files\n      --human-friendly          Enable colored output and rich formatting\n      --insecure                Skip TLS certificate verification\n      --json                    Output as JSON\n      --max-age duration        Maximum acceptable age of local-store data before a stderr hint suggests sync; 0 disables (default 30m0s)\n      --no-cache                Bypass response cache\n      --no-color                Disable colored output\n      --no-input                Disable all interactive prompts (for CI/agents)\n      --no-learn                Disable the teach/recall learning loop for this invocation\n      --plain                   Output as plain tab-separated text\n      --profile string          Apply values from a saved profile (see 'printgoat-pp-cli profile list')\n      --quiet                   Bare output, one value per line\n      --rate-limit float        Max requests per second (0 to disable)\n      --select string           Comma-separated fields to include in output (e.g. --select id,name,status)\n      --timeout duration        Request timeout (default 1m0s)\n      --yes                     Skip confirmation prompts (for agents and scripts)\n"
    },
    {
      "command": "collections things",
      "kind": "happy_path",
      "args": null,
      "status": "skip",
      "reason": "blocked-fixture: required API parameter"
    },
    {
      "command": "collections things",
      "kind": "json_fidelity",
      "args": null,
      "status": "skip",
      "reason": "blocked-fixture: required API parameter"
    },
    {
      "command": "collections things",
      "kind": "error_path",
      "args": [
        "collections",
        "things",
        "__printing_press_invalid__"
      ],
      "status": "pass",
      "exit_code": 3,
      "output_sample": "Error: GET https://api.thingiverse.com/collections/__printing_press_invalid__/things returned HTTP 404: {\"error\":\"Collection __printing_press_invalid__ does not exist\"}\nhint: resource not found. Run the 'list' command to see available items\n"
    },
    {
      "command": "config get",
      "kind": "help",
      "args": [
        "config",
        "get",
        "--help"
      ],
      "status": "pass",
      "output_sample": "Get a local download preference, or all of them with no argument\n\nUsage:\n  printgoat-pp-cli config get [key] [flags]\n\nExamples:\n  printgoat-pp-cli config get download_dir\n  printgoat-pp-cli config get --json\n\nFlags:\n  -h, --help   help for get\n\nGlobal Flags:\n      --agent                   Set all agent-friendly defaults (--json --compact --no-input --no-color --yes)\n      --allow-partial-failure   Downgrade response-body partial-failure (e.g. partialFailureError) to a warning instead of a non-zero exit\n      --compact                 Return only key fields (id, name, status, timestamps) for minimal token usage\n      --config string           Config file path\n      --csv                     Output as CSV (table and array responses)\n      --data-source string      Data source for read commands: auto (live with local fallback), live (API only), local (synced data only) (default \"auto\")\n      --deliver string          Route output to a sink: stdout (default), file:\u003cpath\u003e, webhook:\u003curl\u003e\n      --dry-run                 Show request without sending\n      --home string             Root directory for config, data, state, and cache files\n      --human-friendly          Enable colored output and rich formatting\n      --insecure                Skip TLS certificate verification\n      --json                    Output as JSON\n      --max-age duration        Maximum acceptable age of local-store data before a stderr hint suggests sync; 0 disables (default 30m0s)\n      --no-cache                Bypass response cache\n      --no-color                Disable colored output\n      --no-input                Disable all interactive prompts (for CI/agents)\n      --no-learn                Disable the teach/recall learning loop for this invocation\n      --plain                   Output as plain tab-separated text\n      --profile string          Apply values from a saved profile (see 'printgoat-pp-cli profile list')\n      --quiet                   Bare output, one value per line\n      --rate-limit float        Max requests per second (0 to disable)\n      --select string           Comma-separated fields to include in output (e.g. --select id,name,status)\n      --timeout duration        Request timeout (default 1m0s)\n      --yes                     Skip confirmation prompts (for agents and scripts)\n"
    },
    {
      "command": "config get",
      "kind": "happy_path",
      "args": null,
      "status": "skip",
      "reason": "non-id positional \"key\" at depth 0"
    },
    {
      "command": "config get",
      "kind": "json_fidelity",
      "args": null,
      "status": "skip",
      "reason": "non-id positional \"key\" at depth 0"
    },
    {
      "command": "config get",
      "kind": "error_path",
      "args": [
        "config",
        "get",
        "__printing_press_invalid__"
      ],
      "status": "pass",
      "exit_code": 2,
      "output_sample": "Error: unknown config key \"__printing_press_invalid__\": known keys are default_formats, download_dir\n"
    },
    {
      "command": "config set",
      "kind": "help",
      "args": [
        "config",
        "set",
        "--help"
      ],
      "status": "pass",
      "output_sample": "Set a local download preference\n\nUsage:\n  printgoat-pp-cli config set \u003ckey\u003e \u003cvalue\u003e [flags]\n\nExamples:\n  printgoat-pp-cli config set download_dir ~/3d-prints\n  printgoat-pp-cli config set default_formats stl,3mf\n\nFlags:\n  -h, --help   help for set\n\nGlobal Flags:\n      --agent                   Set all agent-friendly defaults (--json --compact --no-input --no-color --yes)\n      --allow-partial-failure   Downgrade response-body partial-failure (e.g. partialFailureError) to a warning instead of a non-zero exit\n      --compact                 Return only key fields (id, name, status, timestamps) for minimal token usage\n      --config string           Config file path\n      --csv                     Output as CSV (table and array responses)\n      --data-source string      Data source for read commands: auto (live with local fallback), live (API only), local (synced data only) (default \"auto\")\n      --deliver string          Route output to a sink: stdout (default), file:\u003cpath\u003e, webhook:\u003curl\u003e\n      --dry-run                 Show request without sending\n      --home string             Root directory for config, data, state, and cache files\n      --human-friendly          Enable colored output and rich formatting\n      --insecure                Skip TLS certificate verification\n      --json                    Output as JSON\n      --max-age duration        Maximum acceptable age of local-store data before a stderr hint suggests sync; 0 disables (default 30m0s)\n      --no-cache                Bypass response cache\n      --no-color                Disable colored output\n      --no-input                Disable all interactive prompts (for CI/agents)\n      --no-learn                Disable the teach/recall learning loop for this invocation\n      --plain                   Output as plain tab-separated text\n      --profile string          Apply values from a saved profile (see 'printgoat-pp-cli profile list')\n      --quiet                   Bare output, one value per line\n      --rate-limit float        Max requests per second (0 to disable)\n      --select string           Comma-separated fields to include in output (e.g. --select id,name,status)\n      --timeout duration        Request timeout (default 1m0s)\n      --yes                     Skip confirmation prompts (for agents and scripts)\n"
    },
    {
      "command": "config set",
      "kind": "happy_path",
      "args": null,
      "status": "skip",
      "reason": "command path [config set] has fewer segments than placeholders (2)"
    },
    {
      "command": "config set",
      "kind": "json_fidelity",
      "args": null,
      "status": "skip",
      "reason": "command path [config set] has fewer segments than placeholders (2)"
    },
    {
      "command": "config set",
      "kind": "error_path",
      "args": null,
      "status": "skip",
      "reason": "mutating command; error_path would call live API without --dry-run"
    },
    {
      "command": "config set",
      "kind": "error_path_real",
      "args": null,
      "status": "skip",
      "reason": "command path [config set] has fewer segments than placeholders (2)"
    },
    {
      "command": "creations get",
      "kind": "help",
      "args": [
        "creations",
        "get",
        "--help"
      ],
      "status": "pass",
      "output_sample": "Get a Cults3D creation's detail\n\nUsage:\n  printgoat-pp-cli creations get \u003cslug\u003e [flags]\n\nExamples:\n  printgoat-pp-cli creations get example-value --query example-value\n\nFlags:\n  -h, --help                    help for get\n      --query string             (default \"query GetCreation($slug: String!) {\\n  model: creation(slug: $slug) {\\n    identifier\\n    name\\n    shortUrl\\n    likesCount\\n    downloadsCount\\n    viewsCount\\n    publishedAt\\n    category { name }\\n    license { code name }\\n    creator { nick shortUrl }\\n  }\\n}\")\n      --stdin                   Read request body as JSON from stdin\n      --variables-slug string   Cults3D creation slug\n\nGlobal Flags:\n      --agent                   Set all agent-friendly defaults (--json --compact --no-input --no-color --yes)\n      --allow-partial-failure   Downgrade response-body partial-failure (e.g. partialFailureError) to a warning instead of a non-zero exit\n      --compact                 Return only key fields (id, name, status, timestamps) for minimal token usage\n      --config string           Config file path\n      --csv                     Output as CSV (table and array responses)\n      --data-source string      Data source for read commands: auto (live with local fallback), live (API only), local (synced data only) (default \"auto\")\n      --deliver string          Route output to a sink: stdout (default), file:\u003cpath\u003e, webhook:\u003curl\u003e\n      --dry-run                 Show request without sending\n      --home string             Root directory for config, data, state, and cache files\n      --human-friendly          Enable colored output and rich formatting\n      --insecure                Skip TLS certificate verification\n      --json                    Output as JSON\n      --max-age duration        Maximum acceptable age of local-store data before a stderr hint suggests sync; 0 disables (default 30m0s)\n      --no-cache                Bypass response cache\n      --no-color                Disable colored output\n      --no-input                Disable all interactive prompts (for CI/agents)\n      --no-learn                Disable the teach/recall learning loop for this invocation\n      --plain                   Output as plain tab-separated text\n      --profile string          Apply values from a saved profile (see 'printgoat-pp-cli profile list')\n      --quiet                   Bare output, one value per line\n      --rate-limit float        Max requests per second (0 to disable)\n      --select string           Comma-separated fields to include in output (e.g. --select id,name,status)\n      --timeout duration        Request timeout (default 1m0s)\n      --yes                     Skip confirmation prompts (for agents and scripts)\n"
    },
    {
      "command": "creations get",
      "kind": "happy_path",
      "args": null,
      "status": "skip",
      "reason": "non-id positional \"slug\" at depth 0"
    },
    {
      "command": "creations get",
      "kind": "json_fidelity",
      "args": null,
      "status": "skip",
      "reason": "non-id positional \"slug\" at depth 0"
    },
    {
      "command": "creations get",
      "kind": "error_path",
      "args": [
        "creations",
        "get",
        "--query",
        "__printing_press_invalid__",
        "--json"
      ],
      "status": "pass",
      "exit_code": 2,
      "output_sample": "{\n  \"error\": \"missing required argument\",\n  \"usage\": \"printgoat-pp-cli creations get \u003cslug\u003e\"\n}\nError: missing required argument\nUsage: printgoat-pp-cli creations get \u003cslug\u003e\n"
    },
    {
      "command": "creations search",
      "kind": "help",
      "args": [
        "creations",
        "search",
        "--help"
      ],
      "status": "pass",
      "output_sample": "Search Cults3D creations by keyword\n\nUsage:\n  printgoat-pp-cli creations search \u003cquery\u003e [flags]\n\nExamples:\n  printgoat-pp-cli creations search example-value --query-2 example-value\n\nFlags:\n  -h, --help                      help for search\n      --query-2 string             (default \"query SearchCreations($query: String!, $limit: Int, $offset: Int) {\\n  result: creationsSearchBatch(query: $query, limit: $limit, offset: $offset) {\\n    identifier\\n    name\\n    shortUrl\\n    likesCount\\n    downloadsCount\\n    publishedAt\\n    creator { nick shortUrl }\\n  }\\n}\")\n      --stdin                     Read request body as JSON from stdin\n      --variables-limit int        (default 20)\n      --variables-offset string    (default \"0\")\n      --variables-query string    Search keywords\n\nGlobal Flags:\n      --agent                   Set all agent-friendly defaults (--json --compact --no-input --no-color --yes)\n      --allow-partial-failure   Downgrade response-body partial-failure (e.g. partialFailureError) to a warning instead of a non-zero exit\n      --compact                 Return only key fields (id, name, status, timestamps) for minimal token usage\n      --config string           Config file path\n      --csv                     Output as CSV (table and array responses)\n      --data-source string      Data source for read commands: auto (live with local fallback), live (API only), local (synced data only) (default \"auto\")\n      --deliver string          Route output to a sink: stdout (default), file:\u003cpath\u003e, webhook:\u003curl\u003e\n      --dry-run                 Show request without sending\n      --home string             Root directory for config, data, state, and cache files\n      --human-friendly          Enable colored output and rich formatting\n      --insecure                Skip TLS certificate verification\n      --json                    Output as JSON\n      --max-age duration        Maximum acceptable age of local-store data before a stderr hint suggests sync; 0 disables (default 30m0s)\n      --no-cache                Bypass response cache\n      --no-color                Disable colored output\n      --no-input                Disable all interactive prompts (for CI/agents)\n      --no-learn                Disable the teach/recall learning loop for this invocation\n      --plain                   Output as plain tab-separated text\n      --profile string          Apply values from a saved profile (see 'printgoat-pp-cli profile list')\n      --quiet                   Bare output, one value per line\n      --rate-limit float        Max requests per second (0 to disable)\n      --select string           Comma-separated fields to include in output (e.g. --select id,name,status)\n      --timeout duration        Request timeout (default 1m0s)\n      --yes                     Skip confirmation prompts (for agents and scripts)\n"
    },
    {
      "command": "creations search",
      "kind": "happy_path",
      "args": null,
      "status": "skip",
      "reason": "non-id positional \"query\" at depth 0"
    },
    {
      "command": "creations search",
      "kind": "json_fidelity",
      "args": null,
      "status": "skip",
      "reason": "non-id positional \"query\" at depth 0"
    },
    {
      "command": "creations search",
      "kind": "error_path",
      "args": [
        "creations",
        "search",
        "__printing_press_invalid__",
        "--json"
      ],
      "status": "pass",
      "exit_code": 2,
      "output_sample": "Error: required flag \"variables-query\" not set\n"
    },
    {
      "command": "designer stats",
      "kind": "help",
      "args": [
        "designer",
        "stats",
        "--help"
      ],
      "status": "pass",
      "output_sample": "See your own success/failure rate with a specific designer, pooled across every site they publish on.\n\nUsage:\n  printgoat-pp-cli designer stats \u003cname\u003e [flags]\n\nExamples:\n  printgoat-pp-cli designer stats PrintedSolid --agent\n\nFlags:\n  -h, --help   help for stats\n\nGlobal Flags:\n      --agent                   Set all agent-friendly defaults (--json --compact --no-input --no-color --yes)\n      --allow-partial-failure   Downgrade response-body partial-failure (e.g. partialFailureError) to a warning instead of a non-zero exit\n      --compact                 Return only key fields (id, name, status, timestamps) for minimal token usage\n      --config string           Config file path\n      --csv                     Output as CSV (table and array responses)\n      --data-source string      Data source for read commands: auto (live with local fallback), live (API only), local (synced data only) (default \"auto\")\n      --deliver string          Route output to a sink: stdout (default), file:\u003cpath\u003e, webhook:\u003curl\u003e\n      --dry-run                 Show request without sending\n      --home string             Root directory for config, data, state, and cache files\n      --human-friendly          Enable colored output and rich formatting\n      --insecure                Skip TLS certificate verification\n      --json                    Output as JSON\n      --max-age duration        Maximum acceptable age of local-store data before a stderr hint suggests sync; 0 disables (default 30m0s)\n      --no-cache                Bypass response cache\n      --no-color                Disable colored output\n      --no-input                Disable all interactive prompts (for CI/agents)\n      --no-learn                Disable the teach/recall learning loop for this invocation\n      --plain                   Output as plain tab-separated text\n      --profile string          Apply values from a saved profile (see 'printgoat-pp-cli profile list')\n      --quiet                   Bare output, one value per line\n      --rate-limit float        Max requests per second (0 to disable)\n      --select string           Comma-separated fields to include in output (e.g. --select id,name,status)\n      --timeout duration        Request timeout (default 1m0s)\n      --yes                     Skip confirmation prompts (for agents and scripts)\n"
    },
    {
      "command": "designer stats",
      "kind": "happy_path",
      "args": null,
      "status": "skip",
      "reason": "non-id positional \"name\" at depth 0"
    },
    {
      "command": "designer stats",
      "kind": "json_fidelity",
      "args": null,
      "status": "skip",
      "reason": "non-id positional \"name\" at depth 0"
    },
    {
      "command": "designer stats",
      "kind": "error_path",
      "args": null,
      "status": "skip",
      "reason": "no-error-path-probe annotation"
    },
    {
      "command": "doctor",
      "kind": "help",
      "args": [
        "doctor",
        "--help"
      ],
      "status": "pass",
      "output_sample": "Check CLI health\n\nUsage:\n  printgoat-pp-cli doctor [flags]\n\nExamples:\n  printgoat-pp-cli doctor\n  printgoat-pp-cli doctor --json\n  printgoat-pp-cli doctor --fail-on warn\n  printgoat-pp-cli doctor --fail-on stale\n\nFlags:\n      --fail-on string   Exit non-zero for selected health gates. stale: cache freshness plus errors; warn: credential/path warnings plus errors; error: errors only. Default is never.\n  -h, --help             help for doctor\n\nGlobal Flags:\n      --agent                   Set all agent-friendly defaults (--json --compact --no-input --no-color --yes)\n      --allow-partial-failure   Downgrade response-body partial-failure (e.g. partialFailureError) to a warning instead of a non-zero exit\n      --compact                 Return only key fields (id, name, status, timestamps) for minimal token usage\n      --config string           Config file path\n      --csv                     Output as CSV (table and array responses)\n      --data-source string      Data source for read commands: auto (live with local fallback), live (API only), local (synced data only) (default \"auto\")\n      --deliver string          Route output to a sink: stdout (default), file:\u003cpath\u003e, webhook:\u003curl\u003e\n      --dry-run                 Show request without sending\n      --home string             Root directory for config, data, state, and cache files\n      --human-friendly          Enable colored output and rich formatting\n      --insecure                Skip TLS certificate verification\n      --json                    Output as JSON\n      --max-age duration        Maximum acceptable age of local-store data before a stderr hint suggests sync; 0 disables (default 30m0s)\n      --no-cache                Bypass response cache\n      --no-color                Disable colored output\n      --no-input                Disable all interactive prompts (for CI/agents)\n      --no-learn                Disable the teach/recall learning loop for this invocation\n      --plain                   Output as plain tab-separated text\n      --profile string          Apply values from a saved profile (see 'printgoat-pp-cli profile list')\n      --quiet                   Bare output, one value per line\n      --rate-limit float        Max requests per second (0 to disable)\n      --select string           Comma-separated fields to include in output (e.g. --select id,name,status)\n      --timeout duration        Request timeout (default 1m0s)\n      --yes                     Skip confirmation prompts (for agents and scripts)\n"
    },
    {
      "command": "doctor",
      "kind": "happy_path",
      "args": [
        "doctor"
      ],
      "status": "pass",
      "output_sample": "  OK Config: ok\n  OK Auth: not required\n  OK Verify Mode: normal operation\n  OK API: reachable (HTTP 404 at /)\n  config_path: /var/folders/nn/7vxcyd6j6h75rp1zxxg71q78001_l1/T/printing-press-subprocess-4055591237/.config/printgoat-pp-cli/config.toml\n  base_url: https://api.printables.com\n  version: 0.0.0-dev\n  OK Cache: fresh\n    db_path: /var/folders/nn/7vxcyd6j6h75rp1zxxg71q78001_l1/T/printing-press-subprocess-4055591237/.local/share/printgoat-pp-cli/data.db\n    schema_version: 9\n    db_bytes: 266240\n    stale_after: 6h0m0s\n    resources:\n      - categories: 10 rows, 0s\n  Paths:\n    config: /var/folders/nn/7vxcyd6j6h75rp1zxxg71q78001_l1/T/printing-press-subprocess-4055591237/.config/printgoat-pp-cli (XDG_CONFIG_HOME)\n    data: /var/folders/nn/7vxcyd6j6h75rp1zxxg71q78001_l1/T/printing-press-subprocess-4055591237/.local/share/printgoat-pp-cli (XDG_DATA_HOME)\n    state: /var/folders/nn/7vxcyd6j6h75rp1zxxg71q78001_l1/T/printing-press-subprocess-4055591237/.local/state/printgoat-pp-cli (XDG_STATE_HOME)\n    cache: /var/folders/nn/7vxcyd6j6h75rp1zxxg71q78001_l1/T/printing-press-subprocess-4055591237/.cache/printgoat-pp-cli (XDG_CACHE_HOME)\n"
    },
    {
      "command": "doctor",
      "kind": "json_fidelity",
      "args": [
        "doctor",
        "--json"
      ],
      "status": "pass",
      "output_sample": "{\n  \"api\": \"reachable (HTTP 404 at /)\",\n  \"auth\": \"not required\",\n  \"base_url\": \"https://api.printables.com\",\n  \"cache\": {\n    \"db_bytes\": 266240,\n    \"db_path\": \"/var/folders/nn/7vxcyd6j6h75rp1zxxg71q78001_l1/T/printing-press-subprocess-4055591237/.local/share/printgoat-pp-cli/data.db\",\n    \"resources\": [\n      {\n        \"last_synced_at\": \"2026-07-21T18:06:49Z\",\n        \"rows\": 10,\n        \"staleness\": \"0s\",\n        \"type\": \"categories\"\n      }\n    ],\n    \"schema_version\": 9,\n    \"stale_after\": \"6h0m0s\",\n    \"status\": \"fresh\"\n  },\n  \"config\": \"ok\",\n  \"config_path\": \"/var/folders/nn/7vxcyd6j6h75rp1zxxg71q78001_l1/T/printing-press-subprocess-4055591237/.config/printgoat-pp-cli/config.toml\",\n  \"paths\": {\n    \"cache\": {\n      \"dir\": \"/var/folders/nn/7vxcyd6j6h75rp1zxxg71q78001_l1/T/printing-press-subprocess-4055591237/.cache/printgoat-pp-cli\",\n      \"rung\": \"xdg-env\",\n      \"source\": \"XDG_CACHE_HOME\"\n    },\n    \"config\": {\n      \"dir\": \"/var/folders/nn/7vxcyd6j6h75rp1zxxg71q78001_l1/T/printing-press-subprocess-4055591237/.config/printgoat-pp-cli\",\n      \"rung\": \"xdg-env\",\n      \"source\": \"XDG_CONFIG_HOME\"\n    },\n    \"data\": {\n      \"dir\": \"/var/folders/nn/7vxcyd6j6h75rp1zxxg71q78001_l1/T/printing-press-subprocess-4055591237/.local/share/printgoat-pp-cli\",\n      \"rung\": \"xdg-env\",\n      \"source\": \"XDG_DATA_HOME\"\n    },\n    \"state\": {\n      \"dir\": \"/var/folders/nn/7vxcyd6j6h75rp1zxxg71q78001_l1/T/printing-press-subprocess-4055591237/.local/state/printgoat-pp-cli\",\n      \"rung\": \"xdg-env\",\n      \"source\": \"XDG_STATE_HOME\"\n    },\n    \"status\": \"ok\"\n  },\n  \"verify_mode\": \"normal operation\",\n  \"version\": \"0.0.0-dev\"\n}\n"
    },
    {
      "command": "doctor",
      "kind": "error_path",
      "args": null,
      "status": "skip",
      "reason": "no positional argument"
    },
    {
      "command": "download",
      "kind": "help",
      "args": [
        "download",
        "--help"
      ],
      "status": "pass",
      "output_sample": "Downloads Printables or Thingiverse files to a local directory.\n\nDownloads are resumable for real: an interrupted transfer writes to\n\"\u003cfile\u003e.partial\" and, on retry, resumes with an HTTP Range request from the\nnumber of bytes already on disk, instead of restarting from scratch or\nsilently treating an existing partial file as already complete. The file is\nrenamed to its final name only once the transfer completes. Every\ncompleted download is recorded in the local SQLite ledger\n(printgoat_downloads).\n\nCults3D cannot be downloaded through this command: its API explicitly\nexcludes third-party file access by design, permanently, for legal reasons.\nPass --open to open the listing's Cults3D page in a browser instead of just\nprinting its URL.\n\nUsage:\n  printgoat-pp-cli download \u003csource\u003e:\u003cid\u003e [flags]\n\nExamples:\n  printgoat-pp-cli download printables:12345 --all -o ./models\n  printgoat-pp-cli download printables:12345 --formats stl,3mf --dry-run\n  printgoat-pp-cli download thingiverse:763622 --all\n  printgoat-pp-cli download cults3d:12345 --open\n\nFlags:\n      --all              Download every file for the model\n      --formats string   Comma-separated file formats/extensions to download (e.g. stl,3mf,gcode)\n  -h, --help             help for download\n      --open             For Cults3D: open the listing in a browser instead of just printing its URL\n  -o, --output string    Destination directory (default: config's download_dir, or the current directory)\n\nGlobal Flags:\n      --agent                   Set all agent-friendly defaults (--json --compact --no-input --no-color --yes)\n      --allow-partial-failure   Downgrade response-body partial-failure (e.g. partialFailureError) to a warning instead of a non-zero exit\n      --compact                 Return only key fields (id, name, status, timestamps) for minimal token usage\n      --config string           Config file path\n      --csv                     Output as CSV (table and array responses)\n      --data-source string      Data source for read commands: auto (live with local fallback), live (API only), local (synced data only) (default \"auto\")\n      --deliver string          Route output to a sink: stdout (default), file:\u003cpath\u003e, webhook:\u003curl\u003e\n      --dry-run                 Show request without sending\n      --home string             Root directory for config, data, state, and cache files\n      --human-friendly          Enable colored output and rich formatting\n      --insecure                Skip TLS certificate verification\n      --json                    Output as JSON\n      --max-age duration        Maximum acceptable age of local-store data before a stderr hint suggests sync; 0 disables (default 30m0s)\n      --no-cache                Bypass response cache\n      --no-color                Disable colored output\n      --no-input                Disable all interactive prompts (for CI/agents)\n      --no-learn                Disable the teach/recall learning loop for this invocation\n      --plain                   Output as plain tab-separated text\n      --profile string          Apply values from a saved profile (see 'printgoat-pp-cli profile list')\n      --quiet                   Bare output, one value per line\n      --rate-limit float        Max requests per second (0 to disable)\n      --select string           Comma-separated fields to include in output (e.g. --select id,name,status)\n      --timeout duration        Request timeout (default 1m0s)\n      --yes                     Skip confirmation prompts (for agents and scripts)\n"
    },
    {
      "command": "download",
      "kind": "happy_path",
      "args": null,
      "status": "skip",
      "reason": "command path [download] has fewer segments than placeholders (2)"
    },
    {
      "command": "download",
      "kind": "json_fidelity",
      "args": null,
      "status": "skip",
      "reason": "command path [download] has fewer segments than placeholders (2)"
    },
    {
      "command": "download",
      "kind": "error_path",
      "args": [
        "download",
        "__printing_press_invalid__"
      ],
      "status": "pass",
      "exit_code": 2,
      "output_sample": "Error: expected \u003csource\u003e:\u003cid\u003e (e.g. printables:12345), got \"__printing_press_invalid__\"\n"
    },
    {
      "command": "duplicates",
      "kind": "help",
      "args": [
        "duplicates",
        "--help"
      ],
      "status": "pass",
      "output_sample": "See instantly when the same design is listed free on one site and paid on another, before you download the wrong one.\n\nUsage:\n  printgoat-pp-cli duplicates \u003cquery\u003e [flags]\n\nExamples:\n  printgoat-pp-cli duplicates \"gopro mount\" --agent\n\nFlags:\n  -h, --help              help for duplicates\n      --limit int         Maximum results to fetch per source before matching (default 20)\n      --threshold float   Minimum Jaccard token-overlap similarity to treat two listings as the same design (default 0.6)\n\nGlobal Flags:\n      --agent                   Set all agent-friendly defaults (--json --compact --no-input --no-color --yes)\n      --allow-partial-failure   Downgrade response-body partial-failure (e.g. partialFailureError) to a warning instead of a non-zero exit\n      --compact                 Return only key fields (id, name, status, timestamps) for minimal token usage\n      --config string           Config file path\n      --csv                     Output as CSV (table and array responses)\n      --data-source string      Data source for read commands: auto (live with local fallback), live (API only), local (synced data only) (default \"auto\")\n      --deliver string          Route output to a sink: stdout (default), file:\u003cpath\u003e, webhook:\u003curl\u003e\n      --dry-run                 Show request without sending\n      --home string             Root directory for config, data, state, and cache files\n      --human-friendly          Enable colored output and rich formatting\n      --insecure                Skip TLS certificate verification\n      --json                    Output as JSON\n      --max-age duration        Maximum acceptable age of local-store data before a stderr hint suggests sync; 0 disables (default 30m0s)\n      --no-cache                Bypass response cache\n      --no-color                Disable colored output\n      --no-input                Disable all interactive prompts (for CI/agents)\n      --no-learn                Disable the teach/recall learning loop for this invocation\n      --plain                   Output as plain tab-separated text\n      --profile string          Apply values from a saved profile (see 'printgoat-pp-cli profile list')\n      --quiet                   Bare output, one value per line\n      --rate-limit float        Max requests per second (0 to disable)\n      --select string           Comma-separated fields to include in output (e.g. --select id,name,status)\n      --timeout duration        Request timeout (default 1m0s)\n      --yes                     Skip confirmation prompts (for agents and scripts)\n"
    },
    {
      "command": "duplicates",
      "kind": "happy_path",
      "args": null,
      "status": "skip",
      "reason": "command path [duplicates] has fewer segments than placeholders (1)"
    },
    {
      "command": "duplicates",
      "kind": "json_fidelity",
      "args": null,
      "status": "skip",
      "reason": "command path [duplicates] has fewer segments than placeholders (1)"
    },
    {
      "command": "duplicates",
      "kind": "error_path",
      "args": [
        "duplicates",
        "__printing_press_invalid__",
        "--json"
      ],
      "status": "pass",
      "output_sample": "{\n  \"duplicates\": null,\n  \"group_count\": 0,\n  \"query\": \"__printing_press_invalid__\",\n  \"result_count\": 0,\n  \"sources\": [\n    {\n      \"source\": \"printables\",\n      \"ok\": true,\n      \"count\": 0\n    },\n    {\n      \"source\": \"thingiverse\",\n      \"ok\": true,\n      \"count\": 0\n    },\n    {\n      \"source\": \"cults3d\",\n      \"ok\": false,\n      \"count\": 0,\n      \"error\": \"POST https://cults3d.com/graphql returned HTTP 401: HTTP Basic: Access denied.\\n\"\n    }\n  ]\n}\n"
    },
    {
      "command": "export",
      "kind": "help",
      "args": [
        "export",
        "--help"
      ],
      "status": "pass",
      "output_sample": "Export paginated API data to a local file. Supports JSONL (one JSON object\nper line, streaming-friendly) and JSON (array). JSONL is recommended for\nlarge datasets as it has no memory pressure.\n\nUsage:\n  printgoat-pp-cli export \u003cresource\u003e [id] [flags]\n\nExamples:\n  # Export all items as JSONL (streaming, recommended for large datasets)\n  printgoat-pp-cli export \u003cresource\u003e --format jsonl --output data.jsonl\n\n  # Export with limit\n  printgoat-pp-cli export \u003cresource\u003e --format jsonl --limit 1000\n\n  # Pipe to another tool\n  printgoat-pp-cli export \u003cresource\u003e --format jsonl | jq '.id'\n\nFlags:\n      --format string   Output format: jsonl or json (default \"jsonl\")\n  -h, --help            help for export\n      --limit int       Maximum records to export (0 = unlimited)\n      --no-cache        Bypass response cache for fresh data\n  -o, --output string   Output file path (default: stdout)\n\nGlobal Flags:\n      --agent                   Set all agent-friendly defaults (--json --compact --no-input --no-color --yes)\n      --allow-partial-failure   Downgrade response-body partial-failure (e.g. partialFailureError) to a warning instead of a non-zero exit\n      --compact                 Return only key fields (id, name, status, timestamps) for minimal token usage\n      --config string           Config file path\n      --csv                     Output as CSV (table and array responses)\n      --data-source string      Data source for read commands: auto (live with local fallback), live (API only), local (synced data only) (default \"auto\")\n      --deliver string          Route output to a sink: stdout (default), file:\u003cpath\u003e, webhook:\u003curl\u003e\n      --dry-run                 Show request without sending\n      --home string             Root directory for config, data, state, and cache files\n      --human-friendly          Enable colored output and rich formatting\n      --insecure                Skip TLS certificate verification\n      --json                    Output as JSON\n      --max-age duration        Maximum acceptable age of local-store data before a stderr hint suggests sync; 0 disables (default 30m0s)\n      --no-color                Disable colored output\n      --no-input                Disable all interactive prompts (for CI/agents)\n      --no-learn                Disable the teach/recall learning loop for this invocation\n      --plain                   Output as plain tab-separated text\n      --profile string          Apply values from a saved profile (see 'printgoat-pp-cli profile list')\n      --quiet                   Bare output, one value per line\n      --rate-limit float        Max requests per second (0 to disable)\n      --select string           Comma-separated fields to include in output (e.g. --select id,name,status)\n      --timeout duration        Request timeout (default 1m0s)\n      --yes                     Skip confirmation prompts (for agents and scripts)\n"
    },
    {
      "command": "export",
      "kind": "happy_path",
      "args": null,
      "status": "skip",
      "reason": "command path [export] has fewer segments than placeholders (2)"
    },
    {
      "command": "export",
      "kind": "json_fidelity",
      "args": null,
      "status": "skip",
      "reason": "command path [export] has fewer segments than placeholders (2)"
    },
    {
      "command": "export",
      "kind": "error_path",
      "args": [
        "export",
        "__printing_press_invalid__"
      ],
      "status": "pass",
      "exit_code": 2,
      "output_sample": "Error: unknown resource \"__printing_press_invalid__\"; valid: categories\n"
    },
    {
      "command": "feed",
      "kind": "help",
      "args": [
        "feed",
        "--help"
      ],
      "status": "pass",
      "output_sample": "Follow a designer across all the sites they post to and see new uploads from any of them in one feed.\n\nUsage:\n  printgoat-pp-cli feed [flags]\n\nExamples:\n  printgoat-pp-cli feed --agent\n\nFlags:\n  -h, --help   help for feed\n\nGlobal Flags:\n      --agent                   Set all agent-friendly defaults (--json --compact --no-input --no-color --yes)\n      --allow-partial-failure   Downgrade response-body partial-failure (e.g. partialFailureError) to a warning instead of a non-zero exit\n      --compact                 Return only key fields (id, name, status, timestamps) for minimal token usage\n      --config string           Config file path\n      --csv                     Output as CSV (table and array responses)\n      --data-source string      Data source for read commands: auto (live with local fallback), live (API only), local (synced data only) (default \"auto\")\n      --deliver string          Route output to a sink: stdout (default), file:\u003cpath\u003e, webhook:\u003curl\u003e\n      --dry-run                 Show request without sending\n      --home string             Root directory for config, data, state, and cache files\n      --human-friendly          Enable colored output and rich formatting\n      --insecure                Skip TLS certificate verification\n      --json                    Output as JSON\n      --max-age duration        Maximum acceptable age of local-store data before a stderr hint suggests sync; 0 disables (default 30m0s)\n      --no-cache                Bypass response cache\n      --no-color                Disable colored output\n      --no-input                Disable all interactive prompts (for CI/agents)\n      --no-learn                Disable the teach/recall learning loop for this invocation\n      --plain                   Output as plain tab-separated text\n      --profile string          Apply values from a saved profile (see 'printgoat-pp-cli profile list')\n      --quiet                   Bare output, one value per line\n      --rate-limit float        Max requests per second (0 to disable)\n      --select string           Comma-separated fields to include in output (e.g. --select id,name,status)\n      --timeout duration        Request timeout (default 1m0s)\n      --yes                     Skip confirmation prompts (for agents and scripts)\n"
    },
    {
      "command": "feed",
      "kind": "happy_path",
      "args": [
        "feed",
        "--agent"
      ],
      "status": "pass",
      "output_sample": "{\n  \"meta\": {\n    \"source\": \"local\"\n  },\n  \"results\": {\n    \"followed_designers\": 0,\n    \"message\": \"not following any designers yet; use 'follow designer add \u003csource\u003e \u003chandle\u003e' first\",\n    \"new_count\": 0,\n    \"new_items\": []\n  }\n}\n"
    },
    {
      "command": "feed",
      "kind": "json_fidelity",
      "args": [
        "feed",
        "--agent",
        "--json"
      ],
      "status": "pass",
      "output_sample": "{\n  \"meta\": {\n    \"source\": \"local\"\n  },\n  \"results\": {\n    \"followed_designers\": 0,\n    \"message\": \"not following any designers yet; use 'follow designer add \u003csource\u003e \u003chandle\u003e' first\",\n    \"new_count\": 0,\n    \"new_items\": []\n  }\n}\n"
    },
    {
      "command": "feed",
      "kind": "error_path",
      "args": null,
      "status": "skip",
      "reason": "no positional argument"
    },
    {
      "command": "feedback list",
      "kind": "help",
      "args": [
        "feedback",
        "list",
        "--help"
      ],
      "status": "pass",
      "output_sample": "List recent feedback entries\n\nUsage:\n  printgoat-pp-cli feedback list [flags]\n\nExamples:\n  printgoat-pp-cli feedback list\n  printgoat-pp-cli feedback list --limit 5\n  printgoat-pp-cli feedback list --json\n\nFlags:\n  -h, --help        help for list\n      --limit int   Maximum number of recent entries to return (default 20)\n\nGlobal Flags:\n      --agent                   Set all agent-friendly defaults (--json --compact --no-input --no-color --yes)\n      --allow-partial-failure   Downgrade response-body partial-failure (e.g. partialFailureError) to a warning instead of a non-zero exit\n      --compact                 Return only key fields (id, name, status, timestamps) for minimal token usage\n      --config string           Config file path\n      --csv                     Output as CSV (table and array responses)\n      --data-source string      Data source for read commands: auto (live with local fallback), live (API only), local (synced data only) (default \"auto\")\n      --deliver string          Route output to a sink: stdout (default), file:\u003cpath\u003e, webhook:\u003curl\u003e\n      --dry-run                 Show request without sending\n      --home string             Root directory for config, data, state, and cache files\n      --human-friendly          Enable colored output and rich formatting\n      --insecure                Skip TLS certificate verification\n      --json                    Output as JSON\n      --max-age duration        Maximum acceptable age of local-store data before a stderr hint suggests sync; 0 disables (default 30m0s)\n      --no-cache                Bypass response cache\n      --no-color                Disable colored output\n      --no-input                Disable all interactive prompts (for CI/agents)\n      --no-learn                Disable the teach/recall learning loop for this invocation\n      --plain                   Output as plain tab-separated text\n      --profile string          Apply values from a saved profile (see 'printgoat-pp-cli profile list')\n      --quiet                   Bare output, one value per line\n      --rate-limit float        Max requests per second (0 to disable)\n      --select string           Comma-separated fields to include in output (e.g. --select id,name,status)\n      --timeout duration        Request timeout (default 1m0s)\n      --yes                     Skip confirmation prompts (for agents and scripts)\n"
    },
    {
      "command": "feedback list",
      "kind": "happy_path",
      "args": [
        "feedback",
        "list"
      ],
      "status": "pass"
    },
    {
      "command": "feedback list",
      "kind": "json_fidelity",
      "args": [
        "feedback",
        "list",
        "--json"
      ],
      "status": "pass",
      "output_sample": "[]\n"
    },
    {
      "command": "feedback list",
      "kind": "error_path",
      "args": null,
      "status": "skip",
      "reason": "no positional argument"
    },
    {
      "command": "files",
      "kind": "help",
      "args": [
        "files",
        "--help"
      ],
      "status": "pass",
      "output_sample": "Lists a model's individual files (STL, 3MF, G-code, etc.) by source and ID.\n\nPrintables: the file list comes from the model-detail GraphQL query, which\ndoes not include a per-file download URL. Run 'download' to resolve a\nsigned link and fetch the file, or 'download --dry-run' to preview the\nrequest without downloading anything.\n\nThingiverse: each file includes a direct CDN URL when the API provides one.\n\nCults3D: the API has no file-listing endpoint at all — this command says so\nplainly rather than guessing at a shape that doesn't exist.\n\nUsage:\n  printgoat-pp-cli files \u003csource\u003e:\u003cid\u003e [flags]\n\nExamples:\n  printgoat-pp-cli files printables:12345\n  printgoat-pp-cli files thingiverse:763622 --agent\n  printgoat-pp-cli files cults3d:12345\n\nFlags:\n  -h, --help   help for files\n\nGlobal Flags:\n      --agent                   Set all agent-friendly defaults (--json --compact --no-input --no-color --yes)\n      --allow-partial-failure   Downgrade response-body partial-failure (e.g. partialFailureError) to a warning instead of a non-zero exit\n      --compact                 Return only key fields (id, name, status, timestamps) for minimal token usage\n      --config string           Config file path\n      --csv                     Output as CSV (table and array responses)\n      --data-source string      Data source for read commands: auto (live with local fallback), live (API only), local (synced data only) (default \"auto\")\n      --deliver string          Route output to a sink: stdout (default), file:\u003cpath\u003e, webhook:\u003curl\u003e\n      --dry-run                 Show request without sending\n      --home string             Root directory for config, data, state, and cache files\n      --human-friendly          Enable colored output and rich formatting\n      --insecure                Skip TLS certificate verification\n      --json                    Output as JSON\n      --max-age duration        Maximum acceptable age of local-store data before a stderr hint suggests sync; 0 disables (default 30m0s)\n      --no-cache                Bypass response cache\n      --no-color                Disable colored output\n      --no-input                Disable all interactive prompts (for CI/agents)\n      --no-learn                Disable the teach/recall learning loop for this invocation\n      --plain                   Output as plain tab-separated text\n      --profile string          Apply values from a saved profile (see 'printgoat-pp-cli profile list')\n      --quiet                   Bare output, one value per line\n      --rate-limit float        Max requests per second (0 to disable)\n      --select string           Comma-separated fields to include in output (e.g. --select id,name,status)\n      --timeout duration        Request timeout (default 1m0s)\n      --yes                     Skip confirmation prompts (for agents and scripts)\n"
    },
    {
      "command": "files",
      "kind": "happy_path",
      "args": null,
      "status": "skip",
      "reason": "command path [files] has fewer segments than placeholders (2)"
    },
    {
      "command": "files",
      "kind": "json_fidelity",
      "args": null,
      "status": "skip",
      "reason": "command path [files] has fewer segments than placeholders (2)"
    },
    {
      "command": "files",
      "kind": "error_path",
      "args": [
        "files",
        "__printing_press_invalid__"
      ],
      "status": "pass",
      "exit_code": 2,
      "output_sample": "Error: expected \u003csource\u003e:\u003cid\u003e (e.g. printables:12345), got \"__printing_press_invalid__\"\n"
    },
    {
      "command": "follow designer add",
      "kind": "help",
      "args": [
        "follow",
        "designer",
        "add",
        "--help"
      ],
      "status": "pass",
      "output_sample": "Follow a designer on a given source so 'feed' reports their new uploads.\n\nUsage:\n  printgoat-pp-cli follow designer add \u003csource\u003e \u003chandle\u003e [flags]\n\nExamples:\n  printgoat-pp-cli follow designer add thingiverse PrintedSolid --as printed-solid --agent\n\nFlags:\n      --as string   Group this designer under an alias, so the same person's accounts across sites can be tracked together\n  -h, --help        help for add\n\nGlobal Flags:\n      --agent                   Set all agent-friendly defaults (--json --compact --no-input --no-color --yes)\n      --allow-partial-failure   Downgrade response-body partial-failure (e.g. partialFailureError) to a warning instead of a non-zero exit\n      --compact                 Return only key fields (id, name, status, timestamps) for minimal token usage\n      --config string           Config file path\n      --csv                     Output as CSV (table and array responses)\n      --data-source string      Data source for read commands: auto (live with local fallback), live (API only), local (synced data only) (default \"auto\")\n      --deliver string          Route output to a sink: stdout (default), file:\u003cpath\u003e, webhook:\u003curl\u003e\n      --dry-run                 Show request without sending\n      --home string             Root directory for config, data, state, and cache files\n      --human-friendly          Enable colored output and rich formatting\n      --insecure                Skip TLS certificate verification\n      --json                    Output as JSON\n      --max-age duration        Maximum acceptable age of local-store data before a stderr hint suggests sync; 0 disables (default 30m0s)\n      --no-cache                Bypass response cache\n      --no-color                Disable colored output\n      --no-input                Disable all interactive prompts (for CI/agents)\n      --no-learn                Disable the teach/recall learning loop for this invocation\n      --plain                   Output as plain tab-separated text\n      --profile string          Apply values from a saved profile (see 'printgoat-pp-cli profile list')\n      --quiet                   Bare output, one value per line\n      --rate-limit float        Max requests per second (0 to disable)\n      --select string           Comma-separated fields to include in output (e.g. --select id,name,status)\n      --timeout duration        Request timeout (default 1m0s)\n      --yes                     Skip confirmation prompts (for agents and scripts)\n"
    },
    {
      "command": "follow designer add",
      "kind": "happy_path",
      "args": null,
      "status": "skip",
      "reason": "non-id positional \"source\" at depth 0"
    },
    {
      "command": "follow designer add",
      "kind": "json_fidelity",
      "args": null,
      "status": "skip",
      "reason": "non-id positional \"source\" at depth 0"
    },
    {
      "command": "follow designer add",
      "kind": "error_path",
      "args": null,
      "status": "skip",
      "reason": "mutating command; error_path would call live API without --dry-run"
    },
    {
      "command": "follow designer add",
      "kind": "error_path_real",
      "args": null,
      "status": "skip",
      "reason": "non-id positional \"source\" at depth 0"
    },
    {
      "command": "follow designer list",
      "kind": "help",
      "args": [
        "follow",
        "designer",
        "list",
        "--help"
      ],
      "status": "pass",
      "output_sample": "List all followed designers.\n\nUsage:\n  printgoat-pp-cli follow designer list [flags]\n\nExamples:\n  printgoat-pp-cli follow designer list --agent\n\nFlags:\n  -h, --help   help for list\n\nGlobal Flags:\n      --agent                   Set all agent-friendly defaults (--json --compact --no-input --no-color --yes)\n      --allow-partial-failure   Downgrade response-body partial-failure (e.g. partialFailureError) to a warning instead of a non-zero exit\n      --compact                 Return only key fields (id, name, status, timestamps) for minimal token usage\n      --config string           Config file path\n      --csv                     Output as CSV (table and array responses)\n      --data-source string      Data source for read commands: auto (live with local fallback), live (API only), local (synced data only) (default \"auto\")\n      --deliver string          Route output to a sink: stdout (default), file:\u003cpath\u003e, webhook:\u003curl\u003e\n      --dry-run                 Show request without sending\n      --home string             Root directory for config, data, state, and cache files\n      --human-friendly          Enable colored output and rich formatting\n      --insecure                Skip TLS certificate verification\n      --json                    Output as JSON\n      --max-age duration        Maximum acceptable age of local-store data before a stderr hint suggests sync; 0 disables (default 30m0s)\n      --no-cache                Bypass response cache\n      --no-color                Disable colored output\n      --no-input                Disable all interactive prompts (for CI/agents)\n      --no-learn                Disable the teach/recall learning loop for this invocation\n      --plain                   Output as plain tab-separated text\n      --profile string          Apply values from a saved profile (see 'printgoat-pp-cli profile list')\n      --quiet                   Bare output, one value per line\n      --rate-limit float        Max requests per second (0 to disable)\n      --select string           Comma-separated fields to include in output (e.g. --select id,name,status)\n      --timeout duration        Request timeout (default 1m0s)\n      --yes                     Skip confirmation prompts (for agents and scripts)\n"
    },
    {
      "command": "follow designer list",
      "kind": "happy_path",
      "args": [
        "follow",
        "designer",
        "list",
        "--agent"
      ],
      "status": "pass",
      "output_sample": "{\n  \"meta\": {\n    \"source\": \"local\"\n  },\n  \"results\": {\n    \"count\": 0,\n    \"followed\": null,\n    \"message\": \"not following any designers yet; use 'follow designer add \u003csource\u003e \u003chandle\u003e'\"\n  }\n}\n"
    },
    {
      "command": "follow designer list",
      "kind": "json_fidelity",
      "args": [
        "follow",
        "designer",
        "list",
        "--agent",
        "--json"
      ],
      "status": "pass",
      "output_sample": "{\n  \"meta\": {\n    \"source\": \"local\"\n  },\n  \"results\": {\n    \"count\": 0,\n    \"followed\": null,\n    \"message\": \"not following any designers yet; use 'follow designer add \u003csource\u003e \u003chandle\u003e'\"\n  }\n}\n"
    },
    {
      "command": "follow designer list",
      "kind": "error_path",
      "args": null,
      "status": "skip",
      "reason": "no positional argument"
    },
    {
      "command": "formats gaps",
      "kind": "help",
      "args": [
        "formats",
        "gaps",
        "--help"
      ],
      "status": "pass",
      "output_sample": "Find alternatives when a model only ships in one file format and you need another.\n\nUsage:\n  printgoat-pp-cli formats gaps \u003csource\u003e:\u003cid\u003e [flags]\n\nExamples:\n  printgoat-pp-cli formats gaps printables:3161 --agent\n\nFlags:\n  -h, --help        help for gaps\n      --limit int   Maximum results to fetch per source before candidate filtering (default 20)\n\nGlobal Flags:\n      --agent                   Set all agent-friendly defaults (--json --compact --no-input --no-color --yes)\n      --allow-partial-failure   Downgrade response-body partial-failure (e.g. partialFailureError) to a warning instead of a non-zero exit\n      --compact                 Return only key fields (id, name, status, timestamps) for minimal token usage\n      --config string           Config file path\n      --csv                     Output as CSV (table and array responses)\n      --data-source string      Data source for read commands: auto (live with local fallback), live (API only), local (synced data only) (default \"auto\")\n      --deliver string          Route output to a sink: stdout (default), file:\u003cpath\u003e, webhook:\u003curl\u003e\n      --dry-run                 Show request without sending\n      --home string             Root directory for config, data, state, and cache files\n      --human-friendly          Enable colored output and rich formatting\n      --insecure                Skip TLS certificate verification\n      --json                    Output as JSON\n      --max-age duration        Maximum acceptable age of local-store data before a stderr hint suggests sync; 0 disables (default 30m0s)\n      --no-cache                Bypass response cache\n      --no-color                Disable colored output\n      --no-input                Disable all interactive prompts (for CI/agents)\n      --no-learn                Disable the teach/recall learning loop for this invocation\n      --plain                   Output as plain tab-separated text\n      --profile string          Apply values from a saved profile (see 'printgoat-pp-cli profile list')\n      --quiet                   Bare output, one value per line\n      --rate-limit float        Max requests per second (0 to disable)\n      --select string           Comma-separated fields to include in output (e.g. --select id,name,status)\n      --timeout duration        Request timeout (default 1m0s)\n      --yes                     Skip confirmation prompts (for agents and scripts)\n"
    },
    {
      "command": "formats gaps",
      "kind": "happy_path",
      "args": null,
      "status": "skip",
      "reason": "command path [formats gaps] has fewer segments than placeholders (2)"
    },
    {
      "command": "formats gaps",
      "kind": "json_fidelity",
      "args": null,
      "status": "skip",
      "reason": "command path [formats gaps] has fewer segments than placeholders (2)"
    },
    {
      "command": "formats gaps",
      "kind": "error_path",
      "args": [
        "formats",
        "gaps",
        "__printing_press_invalid__"
      ],
      "status": "pass",
      "exit_code": 2,
      "output_sample": "Error: invalid model key \"__printing_press_invalid__\": expected \u003csource\u003e:\u003cid\u003e (e.g. printables:12345)\n"
    },
    {
      "command": "history diff",
      "kind": "help",
      "args": [
        "history",
        "diff",
        "--help"
      ],
      "status": "pass",
      "output_sample": "Know exactly what changed on a model since you last looked — new files, price changes, license changes.\n\nUsage:\n  printgoat-pp-cli history diff [model-key] [flags]\n\nExamples:\n  printgoat-pp-cli history diff printables:3161 --agent\n\nFlags:\n      --all    Diff every model that already has at least one prior snapshot, instead of a single model key\n  -h, --help   help for diff\n\nGlobal Flags:\n      --agent                   Set all agent-friendly defaults (--json --compact --no-input --no-color --yes)\n      --allow-partial-failure   Downgrade response-body partial-failure (e.g. partialFailureError) to a warning instead of a non-zero exit\n      --compact                 Return only key fields (id, name, status, timestamps) for minimal token usage\n      --config string           Config file path\n      --csv                     Output as CSV (table and array responses)\n      --data-source string      Data source for read commands: auto (live with local fallback), live (API only), local (synced data only) (default \"auto\")\n      --deliver string          Route output to a sink: stdout (default), file:\u003cpath\u003e, webhook:\u003curl\u003e\n      --dry-run                 Show request without sending\n      --home string             Root directory for config, data, state, and cache files\n      --human-friendly          Enable colored output and rich formatting\n      --insecure                Skip TLS certificate verification\n      --json                    Output as JSON\n      --max-age duration        Maximum acceptable age of local-store data before a stderr hint suggests sync; 0 disables (default 30m0s)\n      --no-cache                Bypass response cache\n      --no-color                Disable colored output\n      --no-input                Disable all interactive prompts (for CI/agents)\n      --no-learn                Disable the teach/recall learning loop for this invocation\n      --plain                   Output as plain tab-separated text\n      --profile string          Apply values from a saved profile (see 'printgoat-pp-cli profile list')\n      --quiet                   Bare output, one value per line\n      --rate-limit float        Max requests per second (0 to disable)\n      --select string           Comma-separated fields to include in output (e.g. --select id,name,status)\n      --timeout duration        Request timeout (default 1m0s)\n      --yes                     Skip confirmation prompts (for agents and scripts)\n"
    },
    {
      "command": "history diff",
      "kind": "happy_path",
      "args": null,
      "status": "skip",
      "reason": "non-id positional \"model-key\" at depth 0"
    },
    {
      "command": "history diff",
      "kind": "json_fidelity",
      "args": null,
      "status": "skip",
      "reason": "non-id positional \"model-key\" at depth 0"
    },
    {
      "command": "history diff",
      "kind": "error_path",
      "args": [
        "history",
        "diff",
        "__printing_press_invalid__"
      ],
      "status": "pass",
      "exit_code": 2,
      "output_sample": "Error: invalid model key \"__printing_press_invalid__\": expected \u003csource\u003e:\u003cid\u003e (e.g. printables:12345)\n"
    },
    {
      "command": "import",
      "kind": "help",
      "args": [
        "import",
        "--help"
      ],
      "status": "pass",
      "output_sample": "Import data from a JSONL file by issuing POST requests for each record.\nEach line must be a valid JSON object. Failed records are logged to stderr\nbut do not stop the import.\n\nUsage:\n  printgoat-pp-cli import \u003cresource\u003e [flags]\n\nExamples:\n  # Import from a JSONL file\n  printgoat-pp-cli import \u003cresource\u003e --input data.jsonl\n\n  # Dry-run to preview without sending\n  printgoat-pp-cli import \u003cresource\u003e --input data.jsonl --dry-run\n\n  # Import from stdin\n  cat data.jsonl | printgoat-pp-cli import \u003cresource\u003e --input -\n\nFlags:\n      --batch-size int   Records per batch (future: batch API support) (default 1)\n      --dry-run          Preview import without sending requests\n  -h, --help             help for import\n  -i, --input string     Input JSONL file path (use - for stdin)\n\nGlobal Flags:\n      --agent                   Set all agent-friendly defaults (--json --compact --no-input --no-color --yes)\n      --allow-partial-failure   Downgrade response-body partial-failure (e.g. partialFailureError) to a warning instead of a non-zero exit\n      --compact                 Return only key fields (id, name, status, timestamps) for minimal token usage\n      --config string           Config file path\n      --csv                     Output as CSV (table and array responses)\n      --data-source string      Data source for read commands: auto (live with local fallback), live (API only), local (synced data only) (default \"auto\")\n      --deliver string          Route output to a sink: stdout (default), file:\u003cpath\u003e, webhook:\u003curl\u003e\n      --home string             Root directory for config, data, state, and cache files\n      --human-friendly          Enable colored output and rich formatting\n      --insecure                Skip TLS certificate verification\n      --json                    Output as JSON\n      --max-age duration        Maximum acceptable age of local-store data before a stderr hint suggests sync; 0 disables (default 30m0s)\n      --no-cache                Bypass response cache\n      --no-color                Disable colored output\n      --no-input                Disable all interactive prompts (for CI/agents)\n      --no-learn                Disable the teach/recall learning loop for this invocation\n      --plain                   Output as plain tab-separated text\n      --profile string          Apply values from a saved profile (see 'printgoat-pp-cli profile list')\n      --quiet                   Bare output, one value per line\n      --rate-limit float        Max requests per second (0 to disable)\n      --select string           Comma-separated fields to include in output (e.g. --select id,name,status)\n      --timeout duration        Request timeout (default 1m0s)\n      --yes                     Skip confirmation prompts (for agents and scripts)\n"
    },
    {
      "command": "import",
      "kind": "happy_path",
      "args": null,
      "status": "skip",
      "reason": "command path [import] has fewer segments than placeholders (1)"
    },
    {
      "command": "import",
      "kind": "json_fidelity",
      "args": null,
      "status": "skip",
      "reason": "command path [import] has fewer segments than placeholders (1)"
    },
    {
      "command": "import",
      "kind": "error_path",
      "args": [
        "import",
        "__printing_press_invalid__"
      ],
      "status": "pass",
      "exit_code": 2,
      "output_sample": "Error: required flag(s) \"input\" not set\n"
    },
    {
      "command": "job download",
      "kind": "help",
      "args": [
        "job",
        "download",
        "--help"
      ],
      "status": "pass",
      "output_sample": "Batch-download across sites as one crash-safe job that actually resumes from where it stopped (real file bytes today: Thingiverse only).\n\nUsage:\n  printgoat-pp-cli job download \u003curls-or-model-keys...\u003e [flags]\n\nExamples:\n  printgoat-pp-cli job download thingiverse:763622 thingiverse:2009 --agent\n\nFlags:\n  -h, --help   help for download\n\nGlobal Flags:\n      --agent                   Set all agent-friendly defaults (--json --compact --no-input --no-color --yes)\n      --allow-partial-failure   Downgrade response-body partial-failure (e.g. partialFailureError) to a warning instead of a non-zero exit\n      --compact                 Return only key fields (id, name, status, timestamps) for minimal token usage\n      --config string           Config file path\n      --csv                     Output as CSV (table and array responses)\n      --data-source string      Data source for read commands: auto (live with local fallback), live (API only), local (synced data only) (default \"auto\")\n      --deliver string          Route output to a sink: stdout (default), file:\u003cpath\u003e, webhook:\u003curl\u003e\n      --dry-run                 Show request without sending\n      --home string             Root directory for config, data, state, and cache files\n      --human-friendly          Enable colored output and rich formatting\n      --insecure                Skip TLS certificate verification\n      --json                    Output as JSON\n      --max-age duration        Maximum acceptable age of local-store data before a stderr hint suggests sync; 0 disables (default 30m0s)\n      --no-cache                Bypass response cache\n      --no-color                Disable colored output\n      --no-input                Disable all interactive prompts (for CI/agents)\n      --no-learn                Disable the teach/recall learning loop for this invocation\n      --plain                   Output as plain tab-separated text\n      --profile string          Apply values from a saved profile (see 'printgoat-pp-cli profile list')\n      --quiet                   Bare output, one value per line\n      --rate-limit float        Max requests per second (0 to disable)\n      --select string           Comma-separated fields to include in output (e.g. --select id,name,status)\n      --timeout duration        Request timeout (default 1m0s)\n      --yes                     Skip confirmation prompts (for agents and scripts)\n"
    },
    {
      "command": "job download",
      "kind": "happy_path",
      "args": [
        "job",
        "download",
        "thingiverse:763622",
        "thingiverse:2009",
        "--agent"
      ],
      "status": "pass",
      "output_sample": "{\n  \"meta\": {\n    \"source\": \"local\"\n  },\n  \"results\": {\n    \"files\": [\n      {\n        \"downloaded_bytes\": 1830528,\n        \"file_name\": \"3DBenchy_Broschure_3DBenchy.com.pdf\",\n        \"model_id\": \"763622\",\n        \"source\": \"thingiverse\",\n        \"status\": \"done\",\n        \"total_bytes\": 1830528\n      },\n      {\n        \"downloaded_bytes\": 11285384,\n        \"file_name\": \"3DBenchy.stl\",\n        \"model_id\": \"763622\",\n        \"source\": \"thingiverse\",\n        \"status\": \"done\",\n        \"total_bytes\": 11285384\n      },\n      {\n        \"downloaded_bytes\": 74484,\n        \"file_name\": \"3DBenchy_-_Multi-part_-_Single_-_Wheel_-_3DBenchy.com.stl\",\n        \"model_id\": \"763622\",\n        \"source\": \"thingiverse\",\n        \"status\": \"done\",\n        \"total_bytes\": 74484\n      },\n      {\n        \"downloaded_bytes\": 69784,\n        \"file_name\": \"3DBenchy_-_Multi-part_-_Single_-_Stern_window_-_3DBenchy.com.stl\",\n        \"model_id\": \"763622\",\n        \"source\": \"thingiverse\",\n        \"status\": \"done\",\n        \"total_bytes\": 69784\n      },\n      {\n        \"downloaded_bytes\": 22484,\n        \"file_name\": \"3DBenchy_-_Multi-part_-_Single_-_Window_-_3DBenchy.com.stl\",\n        \"model_id\": \"763622\",\n        \"source\": \"thingiverse\",\n        \"status\": \"done\",\n        \"total_bytes\": 22484\n      },\n      {\n        \"downloaded_bytes\": 495884,\n        \"file_name\": \"3DBenchy_-_Multi-part_-_Single_-_Stern_name_plate_-_3DBenchy.com.stl\",\n        \"model_id\": \"763622\",\n        \"source\": \"thingiverse\",\n        \"status\": \"done\",\n        \"total_bytes\": 495884\n      },\n      {\n        \"downloaded_bytes\": 1227884,\n        \"file_name\": \"3DBenchy_-_Multi-part_-_Single_-_Bridge_roof_-_3DBenchy.com.stl\",\n        \"model_id\": \"763622\",\n        \"source\": \"thingiverse\",\n        \"status\": \"done\",\n        \"total_bytes\": 1227884\n      },\n      {\n        \"downloaded_bytes\": 18284,\n        \"file_name\": \"3DBenchy_-_Multi-part_-_Single_-_Cargo_box_-_3DBenchy.com.stl\",\n        \"model_id\": \"763622\",\n        \"source\": \"thingiverse\",\n        \"status\": \"done\",\n        \"total_bytes\": 18284\n      },\n      {\n        \"downloaded_bytes\": 59784,\n        \"file_name\": \"3DBenchy_-_Multi-part_-_Single_-_Chimney_body_-_3DBenchy.com.stl\",\n        \"model_id\": \"763622\",\n        \"source\": \"thingiverse\",\n        \"status\": \"done\",\n        \"total_bytes\": 59784\n      },\n      {\n        \"downloaded_bytes\": 173784,\n        \"file_name\": \"3DBenchy_-_Multi-part_-_Single_-_Bridge_walls_-_3DBenchy.com.stl\",\n        \"model_id\": \"763622\",\n        \"source\": \"thingiverse\",\n        \"status\": \"done\",\n        \"total_bytes\": 173784\n      },\n      {\n        \"downloaded_bytes\": 2774284,\n        \"file_name\": \"3DBenchy_-_Multi-part_-_Single_-_Gunwale_-_3DBenchy.com.stl\",\n        \"model_id\": \"763622\",\n        \"source\": \"thingiverse\",\n        \"status\": \"done\",\n        \"total_bytes\": 2774284\n      },\n      {\n        \"downloaded_bytes\": 35484,\n        \"file_name\": \"3DBenchy_-_Multi-part_-_Single_-_Doorframe_starboard_-_3DBenchy.com.stl\",\n        \"model_id\": \"763622\",\n        \"source\": \"thingiverse\",\n        \"status\": \"done\",\n        \"total_bytes\": 35484\n      },\n      {\n        \"downloaded_bytes\": 801884,\n        \"file_name\": \"3DBenchy_-_Multi-part_-_Single_-_Chimney_top_-_3DBenchy.com.stl\",\n        \"model_id\": \"763622\",\n        \"source\": \"thingiverse\",\n        \"status\": \"done\",\n        \"total_bytes\": 801884\n      },\n      {\n        \"downloaded_bytes\": 35484,\n        \"file_name\": \"3DBenchy_-_Multi-part_-_Single_-_Doorframe_port_-_3DBenchy.com.stl\",\n        \"model_id\": \"763622\",\n        \"source\": \"thingiverse\",\n        \"status\": \"done\",\n        \"total_bytes\": 35484\n      },\n      {\n        \"downloaded_bytes\": 233384,\n        \"file_name\": \"3DBenchy_-_Multi-part_-_Single_-_Deck_surface_-_3DBenchy.com.stl\",\n        \"model_id\": \"763622\",\n        \"source\": \"thingiverse\",\n        \"status\": \"done\",\n        \"total_bytes\": 233384\n      },\n      {\n        \"downloaded_bytes\": 184184,\n        \"file_name\": \"3DBenchy_-_Multi-part_-_Single_-_Hawsepipe_starboard_-_3DBenchy.com.stl\",\n        \"model_id\": \"763622\",\n        \"source\": \"thingiverse\",\n  …[truncated]"
    },
    {
      "command": "job download",
      "kind": "json_fidelity",
      "args": [
        "job",
        "download",
        "thingiverse:763622",
        "thingiverse:2009",
        "--agent",
        "--json"
      ],
      "status": "pass",
      "output_sample": "{\n  \"meta\": {\n    \"source\": \"local\"\n  },\n  \"results\": {\n    \"files\": [\n      {\n        \"downloaded_bytes\": 1830528,\n        \"file_name\": \"3DBenchy_Broschure_3DBenchy.com.pdf\",\n        \"model_id\": \"763622\",\n        \"source\": \"thingiverse\",\n        \"status\": \"done\",\n        \"total_bytes\": 1830528\n      },\n      {\n        \"downloaded_bytes\": 11285384,\n        \"file_name\": \"3DBenchy.stl\",\n        \"model_id\": \"763622\",\n        \"source\": \"thingiverse\",\n        \"status\": \"done\",\n        \"total_bytes\": 11285384\n      },\n      {\n        \"downloaded_bytes\": 74484,\n        \"file_name\": \"3DBenchy_-_Multi-part_-_Single_-_Wheel_-_3DBenchy.com.stl\",\n        \"model_id\": \"763622\",\n        \"source\": \"thingiverse\",\n        \"status\": \"done\",\n        \"total_bytes\": 74484\n      },\n      {\n        \"downloaded_bytes\": 69784,\n        \"file_name\": \"3DBenchy_-_Multi-part_-_Single_-_Stern_window_-_3DBenchy.com.stl\",\n        \"model_id\": \"763622\",\n        \"source\": \"thingiverse\",\n        \"status\": \"done\",\n        \"total_bytes\": 69784\n      },\n      {\n        \"downloaded_bytes\": 22484,\n        \"file_name\": \"3DBenchy_-_Multi-part_-_Single_-_Window_-_3DBenchy.com.stl\",\n        \"model_id\": \"763622\",\n        \"source\": \"thingiverse\",\n        \"status\": \"done\",\n        \"total_bytes\": 22484\n      },\n      {\n        \"downloaded_bytes\": 495884,\n        \"file_name\": \"3DBenchy_-_Multi-part_-_Single_-_Stern_name_plate_-_3DBenchy.com.stl\",\n        \"model_id\": \"763622\",\n        \"source\": \"thingiverse\",\n        \"status\": \"done\",\n        \"total_bytes\": 495884\n      },\n      {\n        \"downloaded_bytes\": 1227884,\n        \"file_name\": \"3DBenchy_-_Multi-part_-_Single_-_Bridge_roof_-_3DBenchy.com.stl\",\n        \"model_id\": \"763622\",\n        \"source\": \"thingiverse\",\n        \"status\": \"done\",\n        \"total_bytes\": 1227884\n      },\n      {\n        \"downloaded_bytes\": 18284,\n        \"file_name\": \"3DBenchy_-_Multi-part_-_Single_-_Cargo_box_-_3DBenchy.com.stl\",\n        \"model_id\": \"763622\",\n        \"source\": \"thingiverse\",\n        \"status\": \"done\",\n        \"total_bytes\": 18284\n      },\n      {\n        \"downloaded_bytes\": 59784,\n        \"file_name\": \"3DBenchy_-_Multi-part_-_Single_-_Chimney_body_-_3DBenchy.com.stl\",\n        \"model_id\": \"763622\",\n        \"source\": \"thingiverse\",\n        \"status\": \"done\",\n        \"total_bytes\": 59784\n      },\n      {\n        \"downloaded_bytes\": 173784,\n        \"file_name\": \"3DBenchy_-_Multi-part_-_Single_-_Bridge_walls_-_3DBenchy.com.stl\",\n        \"model_id\": \"763622\",\n        \"source\": \"thingiverse\",\n        \"status\": \"done\",\n        \"total_bytes\": 173784\n      },\n      {\n        \"downloaded_bytes\": 2774284,\n        \"file_name\": \"3DBenchy_-_Multi-part_-_Single_-_Gunwale_-_3DBenchy.com.stl\",\n        \"model_id\": \"763622\",\n        \"source\": \"thingiverse\",\n        \"status\": \"done\",\n        \"total_bytes\": 2774284\n      },\n      {\n        \"downloaded_bytes\": 35484,\n        \"file_name\": \"3DBenchy_-_Multi-part_-_Single_-_Doorframe_starboard_-_3DBenchy.com.stl\",\n        \"model_id\": \"763622\",\n        \"source\": \"thingiverse\",\n        \"status\": \"done\",\n        \"total_bytes\": 35484\n      },\n      {\n        \"downloaded_bytes\": 801884,\n        \"file_name\": \"3DBenchy_-_Multi-part_-_Single_-_Chimney_top_-_3DBenchy.com.stl\",\n        \"model_id\": \"763622\",\n        \"source\": \"thingiverse\",\n        \"status\": \"done\",\n        \"total_bytes\": 801884\n      },\n      {\n        \"downloaded_bytes\": 35484,\n        \"file_name\": \"3DBenchy_-_Multi-part_-_Single_-_Doorframe_port_-_3DBenchy.com.stl\",\n        \"model_id\": \"763622\",\n        \"source\": \"thingiverse\",\n        \"status\": \"done\",\n        \"total_bytes\": 35484\n      },\n      {\n        \"downloaded_bytes\": 233384,\n        \"file_name\": \"3DBenchy_-_Multi-part_-_Single_-_Deck_surface_-_3DBenchy.com.stl\",\n        \"model_id\": \"763622\",\n        \"source\": \"thingiverse\",\n        \"status\": \"done\",\n        \"total_bytes\": 233384\n      },\n      {\n        \"downloaded_bytes\": 184184,\n        \"file_name\": \"3DBenchy_-_Multi-part_-_Single_-_Hawsepipe_starboard_-_3DBenchy.com.stl\",\n        \"model_id\": \"763622\",\n        \"source\": \"thingiverse\",\n  …[truncated]"
    },
    {
      "command": "job download",
      "kind": "error_path",
      "args": null,
      "status": "skip",
      "reason": "no positional argument"
    },
    {
      "command": "job resume",
      "kind": "help",
      "args": [
        "job",
        "resume",
        "--help"
      ],
      "status": "pass",
      "output_sample": "Continue a job download from where it stopped.\n\nUsage:\n  printgoat-pp-cli job resume \u003cjob-id\u003e [flags]\n\nExamples:\n  printgoat-pp-cli job resume job-20260721-01 --agent\n\nFlags:\n  -h, --help   help for resume\n\nGlobal Flags:\n      --agent                   Set all agent-friendly defaults (--json --compact --no-input --no-color --yes)\n      --allow-partial-failure   Downgrade response-body partial-failure (e.g. partialFailureError) to a warning instead of a non-zero exit\n      --compact                 Return only key fields (id, name, status, timestamps) for minimal token usage\n      --config string           Config file path\n      --csv                     Output as CSV (table and array responses)\n      --data-source string      Data source for read commands: auto (live with local fallback), live (API only), local (synced data only) (default \"auto\")\n      --deliver string          Route output to a sink: stdout (default), file:\u003cpath\u003e, webhook:\u003curl\u003e\n      --dry-run                 Show request without sending\n      --home string             Root directory for config, data, state, and cache files\n      --human-friendly          Enable colored output and rich formatting\n      --insecure                Skip TLS certificate verification\n      --json                    Output as JSON\n      --max-age duration        Maximum acceptable age of local-store data before a stderr hint suggests sync; 0 disables (default 30m0s)\n      --no-cache                Bypass response cache\n      --no-color                Disable colored output\n      --no-input                Disable all interactive prompts (for CI/agents)\n      --no-learn                Disable the teach/recall learning loop for this invocation\n      --plain                   Output as plain tab-separated text\n      --profile string          Apply values from a saved profile (see 'printgoat-pp-cli profile list')\n      --quiet                   Bare output, one value per line\n      --rate-limit float        Max requests per second (0 to disable)\n      --select string           Comma-separated fields to include in output (e.g. --select id,name,status)\n      --timeout duration        Request timeout (default 1m0s)\n      --yes                     Skip confirmation prompts (for agents and scripts)\n"
    },
    {
      "command": "job resume",
      "kind": "happy_path",
      "args": null,
      "status": "skip",
      "reason": "blocked-fixture: required API parameter"
    },
    {
      "command": "job resume",
      "kind": "json_fidelity",
      "args": null,
      "status": "skip",
      "reason": "blocked-fixture: required API parameter"
    },
    {
      "command": "job resume",
      "kind": "error_path",
      "args": [
        "job",
        "resume",
        "__printing_press_invalid__"
      ],
      "status": "pass",
      "exit_code": 3,
      "output_sample": "Error: no job with id \"__printing_press_invalid__\"\n"
    },
    {
      "command": "learnings candidates",
      "kind": "help",
      "args": [
        "learnings",
        "candidates",
        "--help"
      ],
      "status": "pass",
      "output_sample": "Lists rows from the learn_candidates table: corrections and playbook\nshapes the CLI derived from observed usage. Candidates are quarantined\nuntil an explicit 'learnings confirm \u003cid\u003e' materializes them; they never\nalter command behavior or recall's verified results on their own.\n\nUsage:\n  printgoat-pp-cli learnings candidates [flags]\n\nExamples:\n  printgoat-pp-cli learnings candidates\n  printgoat-pp-cli learnings candidates --class flag_alias\n  printgoat-pp-cli learnings candidates --status rejected\n\nFlags:\n      --class string    Filter by class (flag_alias | playbook_candidate)\n      --db string       SQLite database file path (default: resolved data directory data.db)\n  -h, --help            help for candidates\n      --limit int       Maximum rows to return (default: capped)\n      --status string   Filter by status (open | confirmed | rejected | expired; empty for all) (default \"open\")\n\nGlobal Flags:\n      --agent                   Set all agent-friendly defaults (--json --compact --no-input --no-color --yes)\n      --allow-partial-failure   Downgrade response-body partial-failure (e.g. partialFailureError) to a warning instead of a non-zero exit\n      --compact                 Return only key fields (id, name, status, timestamps) for minimal token usage\n      --config string           Config file path\n      --csv                     Output as CSV (table and array responses)\n      --data-source string      Data source for read commands: auto (live with local fallback), live (API only), local (synced data only) (default \"auto\")\n      --deliver string          Route output to a sink: stdout (default), file:\u003cpath\u003e, webhook:\u003curl\u003e\n      --dry-run                 Show request without sending\n      --home string             Root directory for config, data, state, and cache files\n      --human-friendly          Enable colored output and rich formatting\n      --insecure                Skip TLS certificate verification\n      --json                    Output as JSON\n      --max-age duration        Maximum acceptable age of local-store data before a stderr hint suggests sync; 0 disables (default 30m0s)\n      --no-cache                Bypass response cache\n      --no-color                Disable colored output\n      --no-input                Disable all interactive prompts (for CI/agents)\n      --no-learn                Disable the teach/recall learning loop for this invocation\n      --plain                   Output as plain tab-separated text\n      --profile string          Apply values from a saved profile (see 'printgoat-pp-cli profile list')\n      --quiet                   Bare output, one value per line\n      --rate-limit float        Max requests per second (0 to disable)\n      --select string           Comma-separated fields to include in output (e.g. --select id,name,status)\n      --timeout duration        Request timeout (default 1m0s)\n      --yes                     Skip confirmation prompts (for agents and scripts)\n"
    },
    {
      "command": "learnings candidates",
      "kind": "happy_path",
      "args": [
        "learnings",
        "candidates"
      ],
      "status": "pass",
      "output_sample": "[]\n"
    },
    {
      "command": "learnings candidates",
      "kind": "json_fidelity",
      "args": [
        "learnings",
        "candidates",
        "--json"
      ],
      "status": "pass",
      "output_sample": "[]\n"
    },
    {
      "command": "learnings candidates",
      "kind": "error_path",
      "args": null,
      "status": "skip",
      "reason": "no positional argument"
    },
    {
      "command": "learnings confirm",
      "kind": "help",
      "args": [
        "learnings",
        "confirm",
        "--help"
      ],
      "status": "pass",
      "output_sample": "Promotes one open candidate into the verified knowledge tables.\n\nThe full candidate payload is printed before anything is written, so\nthe caller always sees exactly what is being blessed. Materialization\nis per class:\n\n  playbook_candidate  upserts a playbook row for the candidate's query\n                      family (confidence 2, the same floor as a teach)\n  flag_alias          appends a timestamped [amend ...] correction note\n                      to the query family's playbook notes\n\nUsage errors (unknown id, non-open status) exit 2.\n\nUsage:\n  printgoat-pp-cli learnings confirm \u003cid\u003e [flags]\n\nExamples:\n  printgoat-pp-cli learnings confirm 3\n\nFlags:\n      --db string   SQLite database file path (default: resolved data directory data.db)\n  -h, --help        help for confirm\n\nGlobal Flags:\n      --agent                   Set all agent-friendly defaults (--json --compact --no-input --no-color --yes)\n      --allow-partial-failure   Downgrade response-body partial-failure (e.g. partialFailureError) to a warning instead of a non-zero exit\n      --compact                 Return only key fields (id, name, status, timestamps) for minimal token usage\n      --config string           Config file path\n      --csv                     Output as CSV (table and array responses)\n      --data-source string      Data source for read commands: auto (live with local fallback), live (API only), local (synced data only) (default \"auto\")\n      --deliver string          Route output to a sink: stdout (default), file:\u003cpath\u003e, webhook:\u003curl\u003e\n      --dry-run                 Show request without sending\n      --home string             Root directory for config, data, state, and cache files\n      --human-friendly          Enable colored output and rich formatting\n      --insecure                Skip TLS certificate verification\n      --json                    Output as JSON\n      --max-age duration        Maximum acceptable age of local-store data before a stderr hint suggests sync; 0 disables (default 30m0s)\n      --no-cache                Bypass response cache\n      --no-color                Disable colored output\n      --no-input                Disable all interactive prompts (for CI/agents)\n      --no-learn                Disable the teach/recall learning loop for this invocation\n      --plain                   Output as plain tab-separated text\n      --profile string          Apply values from a saved profile (see 'printgoat-pp-cli profile list')\n      --quiet                   Bare output, one value per line\n      --rate-limit float        Max requests per second (0 to disable)\n      --select string           Comma-separated fields to include in output (e.g. --select id,name,status)\n      --timeout duration        Request timeout (default 1m0s)\n      --yes                     Skip confirmation prompts (for agents and scripts)\n"
    },
    {
      "command": "learnings confirm",
      "kind": "happy_path",
      "args": null,
      "status": "skip",
      "reason": "blocked-fixture: required API parameter"
    },
    {
      "command": "learnings confirm",
      "kind": "json_fidelity",
      "args": null,
      "status": "skip",
      "reason": "blocked-fixture: required API parameter"
    },
    {
      "command": "learnings confirm",
      "kind": "error_path",
      "args": [
        "learnings",
        "confirm",
        "__printing_press_invalid__"
      ],
      "status": "pass",
      "exit_code": 2,
      "output_sample": "Error: learnings confirm: invalid candidate id \"__printing_press_invalid__\"\n"
    },
    {
      "command": "learnings forget",
      "kind": "help",
      "args": [
        "learnings",
        "forget",
        "--help"
      ],
      "status": "pass",
      "output_sample": "Removes rows from the search_learnings table so a bad teach can be\nundone without dropping the whole DB.\n\nRequires at least one of --resource, --action, or --all.\n\nUsage:\n  printgoat-pp-cli learnings forget \u003cquery\u003e [flags]\n\nExamples:\n  printgoat-pp-cli learnings forget \"\u003cquestion\u003e\" --resource \u003cid\u003e\n  printgoat-pp-cli learnings forget \"\u003cquestion\u003e\" --all\n\nFlags:\n      --action string     Delete only rules with this action (boost | hide | alias_of)\n      --all               Delete every rule for the supplied query\n      --db string         SQLite database file path (default: resolved data directory data.db)\n  -h, --help              help for forget\n      --resource string   Delete only the rule for this resource_id\n\nGlobal Flags:\n      --agent                   Set all agent-friendly defaults (--json --compact --no-input --no-color --yes)\n      --allow-partial-failure   Downgrade response-body partial-failure (e.g. partialFailureError) to a warning instead of a non-zero exit\n      --compact                 Return only key fields (id, name, status, timestamps) for minimal token usage\n      --config string           Config file path\n      --csv                     Output as CSV (table and array responses)\n      --data-source string      Data source for read commands: auto (live with local fallback), live (API only), local (synced data only) (default \"auto\")\n      --deliver string          Route output to a sink: stdout (default), file:\u003cpath\u003e, webhook:\u003curl\u003e\n      --dry-run                 Show request without sending\n      --home string             Root directory for config, data, state, and cache files\n      --human-friendly          Enable colored output and rich formatting\n      --insecure                Skip TLS certificate verification\n      --json                    Output as JSON\n      --max-age duration        Maximum acceptable age of local-store data before a stderr hint suggests sync; 0 disables (default 30m0s)\n      --no-cache                Bypass response cache\n      --no-color                Disable colored output\n      --no-input                Disable all interactive prompts (for CI/agents)\n      --no-learn                Disable the teach/recall learning loop for this invocation\n      --plain                   Output as plain tab-separated text\n      --profile string          Apply values from a saved profile (see 'printgoat-pp-cli profile list')\n      --quiet                   Bare output, one value per line\n      --rate-limit float        Max requests per second (0 to disable)\n      --select string           Comma-separated fields to include in output (e.g. --select id,name,status)\n      --timeout duration        Request timeout (default 1m0s)\n      --yes                     Skip confirmation prompts (for agents and scripts)\n"
    },
    {
      "command": "learnings forget",
      "kind": "happy_path",
      "args": null,
      "status": "skip",
      "reason": "non-id positional \"query\" at depth 0"
    },
    {
      "command": "learnings forget",
      "kind": "json_fidelity",
      "args": null,
      "status": "skip",
      "reason": "non-id positional \"query\" at depth 0"
    },
    {
      "command": "learnings forget",
      "kind": "error_path",
      "args": [
        "learnings",
        "forget",
        "__printing_press_invalid__",
        "--json"
      ],
      "status": "pass",
      "exit_code": 2,
      "output_sample": "Error: learnings forget: forget learnings: pass --resource, --action, or --all\n"
    },
    {
      "command": "learnings list",
      "kind": "help",
      "args": [
        "learnings",
        "list",
        "--help"
      ],
      "status": "pass",
      "output_sample": "List recorded learnings\n\nUsage:\n  printgoat-pp-cli learnings list [flags]\n\nExamples:\n  printgoat-pp-cli learnings list --agent\n  printgoat-pp-cli learnings list --query \"\u003csubstring\u003e\"\n  printgoat-pp-cli learnings list --warnings --agent\n\nFlags:\n      --action string        Filter by action (boost | hide | alias_of)\n      --db string            SQLite database file path (default: resolved data directory data.db)\n  -h, --help                 help for list\n      --limit int            Maximum rows to return (default 200)\n      --min-confidence int   Filter by minimum confidence\n      --query string         Filter by normalized query substring\n      --resource string      Filter by resource_id\n      --source string        Filter by source (taught | manual-forget)\n      --warnings             Return teach-time warnings from teach.log instead of stored learning rows\n\nGlobal Flags:\n      --agent                   Set all agent-friendly defaults (--json --compact --no-input --no-color --yes)\n      --allow-partial-failure   Downgrade response-body partial-failure (e.g. partialFailureError) to a warning instead of a non-zero exit\n      --compact                 Return only key fields (id, name, status, timestamps) for minimal token usage\n      --config string           Config file path\n      --csv                     Output as CSV (table and array responses)\n      --data-source string      Data source for read commands: auto (live with local fallback), live (API only), local (synced data only) (default \"auto\")\n      --deliver string          Route output to a sink: stdout (default), file:\u003cpath\u003e, webhook:\u003curl\u003e\n      --dry-run                 Show request without sending\n      --home string             Root directory for config, data, state, and cache files\n      --human-friendly          Enable colored output and rich formatting\n      --insecure                Skip TLS certificate verification\n      --json                    Output as JSON\n      --max-age duration        Maximum acceptable age of local-store data before a stderr hint suggests sync; 0 disables (default 30m0s)\n      --no-cache                Bypass response cache\n      --no-color                Disable colored output\n      --no-input                Disable all interactive prompts (for CI/agents)\n      --no-learn                Disable the teach/recall learning loop for this invocation\n      --plain                   Output as plain tab-separated text\n      --profile string          Apply values from a saved profile (see 'printgoat-pp-cli profile list')\n      --quiet                   Bare output, one value per line\n      --rate-limit float        Max requests per second (0 to disable)\n      --select string           Comma-separated fields to include in output (e.g. --select id,name,status)\n      --timeout duration        Request timeout (default 1m0s)\n      --yes                     Skip confirmation prompts (for agents and scripts)\n"
    },
    {
      "command": "learnings list",
      "kind": "happy_path",
      "args": [
        "learnings",
        "list",
        "--agent"
      ],
      "status": "pass",
      "output_sample": "{\n  \"meta\": {\n    \"source\": \"local\"\n  },\n  \"results\": []\n}\n"
    },
    {
      "command": "learnings list",
      "kind": "json_fidelity",
      "args": [
        "learnings",
        "list",
        "--agent",
        "--json"
      ],
      "status": "pass",
      "output_sample": "{\n  \"meta\": {\n    \"source\": \"local\"\n  },\n  \"results\": []\n}\n"
    },
    {
      "command": "learnings list",
      "kind": "error_path",
      "args": null,
      "status": "skip",
      "reason": "no positional argument"
    },
    {
      "command": "learnings purge",
      "kind": "help",
      "args": [
        "learnings",
        "purge",
        "--help"
      ],
      "status": "pass",
      "output_sample": "Deletes expired and confirmed candidate rows. Materialized artifacts\n(playbook rows, correction notes) are untouched. Rejected rows are kept\nby default because they tombstone their derivation signatures; pass\n--tombstones to remove them too, which re-allows derivation of those\nsignatures. Open rows are never purged.\n\nOpen rows past the unseen TTL are swept to expired first, so a single\npurge also clears stale candidates nobody judged.\n\nUsage:\n  printgoat-pp-cli learnings purge [flags]\n\nExamples:\n  printgoat-pp-cli learnings purge\n  printgoat-pp-cli learnings purge --tombstones\n\nFlags:\n      --db string    SQLite database file path (default: resolved data directory data.db)\n  -h, --help         help for purge\n      --tombstones   Also delete rejected rows (re-allows derivation of their signatures)\n\nGlobal Flags:\n      --agent                   Set all agent-friendly defaults (--json --compact --no-input --no-color --yes)\n      --allow-partial-failure   Downgrade response-body partial-failure (e.g. partialFailureError) to a warning instead of a non-zero exit\n      --compact                 Return only key fields (id, name, status, timestamps) for minimal token usage\n      --config string           Config file path\n      --csv                     Output as CSV (table and array responses)\n      --data-source string      Data source for read commands: auto (live with local fallback), live (API only), local (synced data only) (default \"auto\")\n      --deliver string          Route output to a sink: stdout (default), file:\u003cpath\u003e, webhook:\u003curl\u003e\n      --dry-run                 Show request without sending\n      --home string             Root directory for config, data, state, and cache files\n      --human-friendly          Enable colored output and rich formatting\n      --insecure                Skip TLS certificate verification\n      --json                    Output as JSON\n      --max-age duration        Maximum acceptable age of local-store data before a stderr hint suggests sync; 0 disables (default 30m0s)\n      --no-cache                Bypass response cache\n      --no-color                Disable colored output\n      --no-input                Disable all interactive prompts (for CI/agents)\n      --no-learn                Disable the teach/recall learning loop for this invocation\n      --plain                   Output as plain tab-separated text\n      --profile string          Apply values from a saved profile (see 'printgoat-pp-cli profile list')\n      --quiet                   Bare output, one value per line\n      --rate-limit float        Max requests per second (0 to disable)\n      --select string           Comma-separated fields to include in output (e.g. --select id,name,status)\n      --timeout duration        Request timeout (default 1m0s)\n      --yes                     Skip confirmation prompts (for agents and scripts)\n"
    },
    {
      "command": "learnings purge",
      "kind": "happy_path",
      "args": [
        "learnings",
        "purge"
      ],
      "status": "pass",
      "output_sample": "{\n  \"expired\": 0,\n  \"purged\": 0,\n  \"tombstones\": false\n}\n"
    },
    {
      "command": "learnings purge",
      "kind": "json_fidelity",
      "args": [
        "learnings",
        "purge",
        "--json"
      ],
      "status": "pass",
      "output_sample": "{\n  \"expired\": 0,\n  \"purged\": 0,\n  \"tombstones\": false\n}\n"
    },
    {
      "command": "learnings purge",
      "kind": "error_path",
      "args": null,
      "status": "skip",
      "reason": "no positional argument"
    },
    {
      "command": "learnings reject",
      "kind": "help",
      "args": [
        "learnings",
        "reject",
        "--help"
      ],
      "status": "pass",
      "output_sample": "Marks a candidate rejected. The rejected row stays as a tombstone on\nits derivation signature: the identical observation never re-derives a\ncandidate, and recall never resurfaces it.\n\nRejecting a CONFIRMED playbook_candidate tombstones the candidate but\nleaves the playbook row in place; repair the guidance with\n'playbook amend' if needed. A confirmed flag_alias cannot be rejected:\nits correction note already lives in the family playbook, so repair the\nguidance with 'playbook amend' instead.\n\nUsage errors (unknown id, no-reject-path candidates) exit 2.\n\nUsage:\n  printgoat-pp-cli learnings reject \u003cid\u003e [flags]\n\nExamples:\n  printgoat-pp-cli learnings reject 3\n\nFlags:\n      --db string   SQLite database file path (default: resolved data directory data.db)\n  -h, --help        help for reject\n\nGlobal Flags:\n      --agent                   Set all agent-friendly defaults (--json --compact --no-input --no-color --yes)\n      --allow-partial-failure   Downgrade response-body partial-failure (e.g. partialFailureError) to a warning instead of a non-zero exit\n      --compact                 Return only key fields (id, name, status, timestamps) for minimal token usage\n      --config string           Config file path\n      --csv                     Output as CSV (table and array responses)\n      --data-source string      Data source for read commands: auto (live with local fallback), live (API only), local (synced data only) (default \"auto\")\n      --deliver string          Route output to a sink: stdout (default), file:\u003cpath\u003e, webhook:\u003curl\u003e\n      --dry-run                 Show request without sending\n      --home string             Root directory for config, data, state, and cache files\n      --human-friendly          Enable colored output and rich formatting\n      --insecure                Skip TLS certificate verification\n      --json                    Output as JSON\n      --max-age duration        Maximum acceptable age of local-store data before a stderr hint suggests sync; 0 disables (default 30m0s)\n      --no-cache                Bypass response cache\n      --no-color                Disable colored output\n      --no-input                Disable all interactive prompts (for CI/agents)\n      --no-learn                Disable the teach/recall learning loop for this invocation\n      --plain                   Output as plain tab-separated text\n      --profile string          Apply values from a saved profile (see 'printgoat-pp-cli profile list')\n      --quiet                   Bare output, one value per line\n      --rate-limit float        Max requests per second (0 to disable)\n      --select string           Comma-separated fields to include in output (e.g. --select id,name,status)\n      --timeout duration        Request timeout (default 1m0s)\n      --yes                     Skip confirmation prompts (for agents and scripts)\n"
    },
    {
      "command": "learnings reject",
      "kind": "happy_path",
      "args": null,
      "status": "skip",
      "reason": "blocked-fixture: required API parameter"
    },
    {
      "command": "learnings reject",
      "kind": "json_fidelity",
      "args": null,
      "status": "skip",
      "reason": "blocked-fixture: required API parameter"
    },
    {
      "command": "learnings reject",
      "kind": "error_path",
      "args": [
        "learnings",
        "reject",
        "__printing_press_invalid__"
      ],
      "status": "pass",
      "exit_code": 2,
      "output_sample": "Error: learnings reject: invalid candidate id \"__printing_press_invalid__\"\n"
    },
    {
      "command": "learnings stats",
      "kind": "help",
      "args": [
        "learnings",
        "stats",
        "--help"
      ],
      "status": "pass",
      "output_sample": "Aggregates the local learn_events table into the loop's headline\nmetrics:\n\n  recall_hit_rate           recall hits / (hits + misses)\n  teach_to_reuse            fraction of taught learnings later seen in a\n                            recall hit (joined by learning row id, with a\n                            query-family fallback for older rows)\n  playbook_resolution_rate  playbook hits not followed by an amend on the\n                            same query family\n  candidates_confirmed/rejected  judgment counts on auto-captured candidates\n\nRates are null until their denominator is non-zero. Everything is\nlocal-only: events never leave this machine.\n\nUsage:\n  printgoat-pp-cli learnings stats [flags]\n\nExamples:\n  printgoat-pp-cli learnings stats\n  printgoat-pp-cli learnings stats --json\n\nFlags:\n      --db string   SQLite database file path (default: resolved data directory data.db)\n  -h, --help        help for stats\n\nGlobal Flags:\n      --agent                   Set all agent-friendly defaults (--json --compact --no-input --no-color --yes)\n      --allow-partial-failure   Downgrade response-body partial-failure (e.g. partialFailureError) to a warning instead of a non-zero exit\n      --compact                 Return only key fields (id, name, status, timestamps) for minimal token usage\n      --config string           Config file path\n      --csv                     Output as CSV (table and array responses)\n      --data-source string      Data source for read commands: auto (live with local fallback), live (API only), local (synced data only) (default \"auto\")\n      --deliver string          Route output to a sink: stdout (default), file:\u003cpath\u003e, webhook:\u003curl\u003e\n      --dry-run                 Show request without sending\n      --home string             Root directory for config, data, state, and cache files\n      --human-friendly          Enable colored output and rich formatting\n      --insecure                Skip TLS certificate verification\n      --json                    Output as JSON\n      --max-age duration        Maximum acceptable age of local-store data before a stderr hint suggests sync; 0 disables (default 30m0s)\n      --no-cache                Bypass response cache\n      --no-color                Disable colored output\n      --no-input                Disable all interactive prompts (for CI/agents)\n      --no-learn                Disable the teach/recall learning loop for this invocation\n      --plain                   Output as plain tab-separated text\n      --profile string          Apply values from a saved profile (see 'printgoat-pp-cli profile list')\n      --quiet                   Bare output, one value per line\n      --rate-limit float        Max requests per second (0 to disable)\n      --select string           Comma-separated fields to include in output (e.g. --select id,name,status)\n      --timeout duration        Request timeout (default 1m0s)\n      --yes                     Skip confirmation prompts (for agents and scripts)\n"
    },
    {
      "command": "learnings stats",
      "kind": "happy_path",
      "args": [
        "learnings",
        "stats"
      ],
      "status": "pass",
      "output_sample": "{\n  \"recall_hit_rate\": null,\n  \"recall_hits\": 0,\n  \"recall_misses\": 0,\n  \"teach_to_reuse\": null,\n  \"taught_rows\": 0,\n  \"reused_rows\": 0,\n  \"playbook_resolution_rate\": null,\n  \"playbook_hits\": 0,\n  \"playbook_hits_amended\": 0,\n  \"candidates_confirmed\": 0,\n  \"candidates_rejected\": 0,\n  \"event_counts\": {},\n  \"events_pruned\": 0\n}\n"
    },
    {
      "command": "learnings stats",
      "kind": "json_fidelity",
      "args": [
        "learnings",
        "stats",
        "--json"
      ],
      "status": "pass",
      "output_sample": "{\n  \"recall_hit_rate\": null,\n  \"recall_hits\": 0,\n  \"recall_misses\": 0,\n  \"teach_to_reuse\": null,\n  \"taught_rows\": 0,\n  \"reused_rows\": 0,\n  \"playbook_resolution_rate\": null,\n  \"playbook_hits\": 0,\n  \"playbook_hits_amended\": 0,\n  \"candidates_confirmed\": 0,\n  \"candidates_rejected\": 0,\n  \"event_counts\": {},\n  \"events_pruned\": 0\n}\n"
    },
    {
      "command": "learnings stats",
      "kind": "error_path",
      "args": null,
      "status": "skip",
      "reason": "no positional argument"
    },
    {
      "command": "library doctor",
      "kind": "help",
      "args": [
        "library",
        "doctor",
        "--help"
      ],
      "status": "pass",
      "output_sample": "Find orphaned files, missing files, silent duplicates\n\nUsage:\n  printgoat-pp-cli library doctor [flags]\n\nExamples:\n  printgoat-pp-cli library doctor --agent\n\nFlags:\n      --check-remote   Re-check that each downloaded model still exists at its source (Printables/Thingiverse only) (default true)\n  -h, --help           help for doctor\n      --sample int     Maximum number of downloads to remote-check, to bound API cost (0 = check all) (default 25)\n\nGlobal Flags:\n      --agent                   Set all agent-friendly defaults (--json --compact --no-input --no-color --yes)\n      --allow-partial-failure   Downgrade response-body partial-failure (e.g. partialFailureError) to a warning instead of a non-zero exit\n      --compact                 Return only key fields (id, name, status, timestamps) for minimal token usage\n      --config string           Config file path\n      --csv                     Output as CSV (table and array responses)\n      --data-source string      Data source for read commands: auto (live with local fallback), live (API only), local (synced data only) (default \"auto\")\n      --deliver string          Route output to a sink: stdout (default), file:\u003cpath\u003e, webhook:\u003curl\u003e\n      --dry-run                 Show request without sending\n      --home string             Root directory for config, data, state, and cache files\n      --human-friendly          Enable colored output and rich formatting\n      --insecure                Skip TLS certificate verification\n      --json                    Output as JSON\n      --max-age duration        Maximum acceptable age of local-store data before a stderr hint suggests sync; 0 disables (default 30m0s)\n      --no-cache                Bypass response cache\n      --no-color                Disable colored output\n      --no-input                Disable all interactive prompts (for CI/agents)\n      --no-learn                Disable the teach/recall learning loop for this invocation\n      --plain                   Output as plain tab-separated text\n      --profile string          Apply values from a saved profile (see 'printgoat-pp-cli profile list')\n      --quiet                   Bare output, one value per line\n      --rate-limit float        Max requests per second (0 to disable)\n      --select string           Comma-separated fields to include in output (e.g. --select id,name,status)\n      --timeout duration        Request timeout (default 1m0s)\n      --yes                     Skip confirmation prompts (for agents and scripts)\n"
    },
    {
      "command": "library doctor",
      "kind": "happy_path",
      "args": [
        "library",
        "doctor",
        "--agent"
      ],
      "status": "pass",
      "output_sample": "{\n  \"meta\": {\n    \"source\": \"local\"\n  },\n  \"results\": {\n    \"checked\": 0,\n    \"issue_count\": 0,\n    \"issues\": [],\n    \"message\": \"no downloads recorded yet; nothing to check\"\n  }\n}\n"
    },
    {
      "command": "library doctor",
      "kind": "json_fidelity",
      "args": [
        "library",
        "doctor",
        "--agent",
        "--json"
      ],
      "status": "pass",
      "output_sample": "{\n  \"meta\": {\n    \"source\": \"local\"\n  },\n  \"results\": {\n    \"checked\": 0,\n    \"issue_count\": 0,\n    \"issues\": [],\n    \"message\": \"no downloads recorded yet; nothing to check\"\n  }\n}\n"
    },
    {
      "command": "library doctor",
      "kind": "error_path",
      "args": null,
      "status": "skip",
      "reason": "no positional argument"
    },
    {
      "command": "license audit",
      "kind": "help",
      "args": [
        "license",
        "audit",
        "--help"
      ],
      "status": "pass",
      "output_sample": "Flag license conflicts across your entire local library against how you actually intend to use the files.\n\nUsage:\n  printgoat-pp-cli license audit [flags]\n\nExamples:\n  printgoat-pp-cli license audit --library --intent commercial --agent\n\nFlags:\n  -h, --help            help for audit\n      --intent string   How you intend to use the files: personal or commercial (omit to just report licenses)\n      --library         Audit every model recorded in the local downloads table instead of a single model key\n\nGlobal Flags:\n      --agent                   Set all agent-friendly defaults (--json --compact --no-input --no-color --yes)\n      --allow-partial-failure   Downgrade response-body partial-failure (e.g. partialFailureError) to a warning instead of a non-zero exit\n      --compact                 Return only key fields (id, name, status, timestamps) for minimal token usage\n      --config string           Config file path\n      --csv                     Output as CSV (table and array responses)\n      --data-source string      Data source for read commands: auto (live with local fallback), live (API only), local (synced data only) (default \"auto\")\n      --deliver string          Route output to a sink: stdout (default), file:\u003cpath\u003e, webhook:\u003curl\u003e\n      --dry-run                 Show request without sending\n      --home string             Root directory for config, data, state, and cache files\n      --human-friendly          Enable colored output and rich formatting\n      --insecure                Skip TLS certificate verification\n      --json                    Output as JSON\n      --max-age duration        Maximum acceptable age of local-store data before a stderr hint suggests sync; 0 disables (default 30m0s)\n      --no-cache                Bypass response cache\n      --no-color                Disable colored output\n      --no-input                Disable all interactive prompts (for CI/agents)\n      --no-learn                Disable the teach/recall learning loop for this invocation\n      --plain                   Output as plain tab-separated text\n      --profile string          Apply values from a saved profile (see 'printgoat-pp-cli profile list')\n      --quiet                   Bare output, one value per line\n      --rate-limit float        Max requests per second (0 to disable)\n      --select string           Comma-separated fields to include in output (e.g. --select id,name,status)\n      --timeout duration        Request timeout (default 1m0s)\n      --yes                     Skip confirmation prompts (for agents and scripts)\n"
    },
    {
      "command": "license audit",
      "kind": "happy_path",
      "args": [
        "license",
        "audit",
        "--library",
        "--intent",
        "commercial",
        "--agent"
      ],
      "status": "pass",
      "output_sample": "{\n  \"meta\": {\n    \"source\": \"local\"\n  },\n  \"results\": {\n    \"audited\": 0,\n    \"conflicts\": 0,\n    \"entries\": [],\n    \"intent\": \"commercial\",\n    \"message\": \"no downloads recorded yet; run a download first, or audit a single model with a \u003cmodel-key\u003e argument\"\n  }\n}\n"
    },
    {
      "command": "license audit",
      "kind": "json_fidelity",
      "args": [
        "license",
        "audit",
        "--library",
        "--intent",
        "commercial",
        "--agent",
        "--json"
      ],
      "status": "pass",
      "output_sample": "{\n  \"meta\": {\n    \"source\": \"local\"\n  },\n  \"results\": {\n    \"audited\": 0,\n    \"conflicts\": 0,\n    \"entries\": [],\n    \"intent\": \"commercial\",\n    \"message\": \"no downloads recorded yet; run a download first, or audit a single model with a \u003cmodel-key\u003e argument\"\n  }\n}\n"
    },
    {
      "command": "license audit",
      "kind": "error_path",
      "args": null,
      "status": "skip",
      "reason": "no positional argument"
    },
    {
      "command": "log fail",
      "kind": "help",
      "args": [
        "log",
        "fail",
        "--help"
      ],
      "status": "pass",
      "output_sample": "Record a failed print outcome for a model, so designer stats and future similar searches can learn from it.\n\nUsage:\n  printgoat-pp-cli log fail \u003cmodel-key\u003e [flags]\n\nExamples:\n  printgoat-pp-cli log fail printables:3161 --reason \"warping on first layer\" --agent\n\nFlags:\n  -h, --help            help for fail\n      --reason string   Why the print failed (required)\n\nGlobal Flags:\n      --agent                   Set all agent-friendly defaults (--json --compact --no-input --no-color --yes)\n      --allow-partial-failure   Downgrade response-body partial-failure (e.g. partialFailureError) to a warning instead of a non-zero exit\n      --compact                 Return only key fields (id, name, status, timestamps) for minimal token usage\n      --config string           Config file path\n      --csv                     Output as CSV (table and array responses)\n      --data-source string      Data source for read commands: auto (live with local fallback), live (API only), local (synced data only) (default \"auto\")\n      --deliver string          Route output to a sink: stdout (default), file:\u003cpath\u003e, webhook:\u003curl\u003e\n      --dry-run                 Show request without sending\n      --home string             Root directory for config, data, state, and cache files\n      --human-friendly          Enable colored output and rich formatting\n      --insecure                Skip TLS certificate verification\n      --json                    Output as JSON\n      --max-age duration        Maximum acceptable age of local-store data before a stderr hint suggests sync; 0 disables (default 30m0s)\n      --no-cache                Bypass response cache\n      --no-color                Disable colored output\n      --no-input                Disable all interactive prompts (for CI/agents)\n      --no-learn                Disable the teach/recall learning loop for this invocation\n      --plain                   Output as plain tab-separated text\n      --profile string          Apply values from a saved profile (see 'printgoat-pp-cli profile list')\n      --quiet                   Bare output, one value per line\n      --rate-limit float        Max requests per second (0 to disable)\n      --select string           Comma-separated fields to include in output (e.g. --select id,name,status)\n      --timeout duration        Request timeout (default 1m0s)\n      --yes                     Skip confirmation prompts (for agents and scripts)\n"
    },
    {
      "command": "log fail",
      "kind": "happy_path",
      "args": null,
      "status": "skip",
      "reason": "non-id positional \"model-key\" at depth 0"
    },
    {
      "command": "log fail",
      "kind": "json_fidelity",
      "args": null,
      "status": "skip",
      "reason": "non-id positional \"model-key\" at depth 0"
    },
    {
      "command": "log fail",
      "kind": "error_path",
      "args": [
        "log",
        "fail",
        "__printing_press_invalid__"
      ],
      "status": "pass",
      "exit_code": 2,
      "output_sample": "Error: invalid model key \"__printing_press_invalid__\": expected \u003csource\u003e:\u003cid\u003e (e.g. printables:12345)\n"
    },
    {
      "command": "models",
      "kind": "help",
      "args": [
        "models",
        "--help"
      ],
      "status": "pass",
      "output_sample": "Get a Printables model's detail and file listing\n\nUsage:\n  printgoat-pp-cli models \u003cid\u003e [flags]\n\nExamples:\n  printgoat-pp-cli models 550e8400-e29b-41d4-a716-446655440000 --query example-value\n\nFlags:\n  -h, --help                  help for models\n      --query string           (default \"query ModelDetail($id: ID!) {\\n  model: print(id: $id) {\\n    id\\n    name\\n    slug\\n    filesType\\n    ratingAvg\\n    likesCount\\n    downloadCount\\n    datePublished\\n    user { id handle publicUsername }\\n    stls { id name fileSize }\\n    gcodes { id name fileSize }\\n    slas { id name fileSize }\\n    otherFiles { id name fileSize }\\n  }\\n}\")\n      --variables-id string   Printables model ID\n\nGlobal Flags:\n      --agent                   Set all agent-friendly defaults (--json --compact --no-input --no-color --yes)\n      --allow-partial-failure   Downgrade response-body partial-failure (e.g. partialFailureError) to a warning instead of a non-zero exit\n      --compact                 Return only key fields (id, name, status, timestamps) for minimal token usage\n      --config string           Config file path\n      --csv                     Output as CSV (table and array responses)\n      --data-source string      Data source for read commands: auto (live with local fallback), live (API only), local (synced data only) (default \"auto\")\n      --deliver string          Route output to a sink: stdout (default), file:\u003cpath\u003e, webhook:\u003curl\u003e\n      --dry-run                 Show request without sending\n      --home string             Root directory for config, data, state, and cache files\n      --human-friendly          Enable colored output and rich formatting\n      --insecure                Skip TLS certificate verification\n      --json                    Output as JSON\n      --max-age duration        Maximum acceptable age of local-store data before a stderr hint suggests sync; 0 disables (default 30m0s)\n      --no-cache                Bypass response cache\n      --no-color                Disable colored output\n      --no-input                Disable all interactive prompts (for CI/agents)\n      --no-learn                Disable the teach/recall learning loop for this invocation\n      --plain                   Output as plain tab-separated text\n      --profile string          Apply values from a saved profile (see 'printgoat-pp-cli profile list')\n      --quiet                   Bare output, one value per line\n      --rate-limit float        Max requests per second (0 to disable)\n      --select string           Comma-separated fields to include in output (e.g. --select id,name,status)\n      --timeout duration        Request timeout (default 1m0s)\n      --yes                     Skip confirmation prompts (for agents and scripts)\n"
    },
    {
      "command": "models",
      "kind": "happy_path",
      "args": null,
      "status": "skip",
      "reason": "command path [models] has fewer segments than placeholders (1)"
    },
    {
      "command": "models",
      "kind": "json_fidelity",
      "args": null,
      "status": "skip",
      "reason": "command path [models] has fewer segments than placeholders (1)"
    },
    {
      "command": "models",
      "kind": "error_path",
      "args": [
        "models",
        "--query",
        "__printing_press_invalid__",
        "--json"
      ],
      "status": "pass",
      "exit_code": 2,
      "output_sample": "{\n  \"error\": \"id is required\",\n  \"usage\": \"printgoat-pp-cli models \u003cid\u003e\"\n}\nError: id is required\nUsage: printgoat-pp-cli models \u003cid\u003e\n"
    },
    {
      "command": "playbook amend",
      "kind": "help",
      "args": [
        "playbook",
        "amend",
        "--help"
      ],
      "status": "pass",
      "output_sample": "Appends a timestamped note to the matching family's playbook notes_text.\nIf no playbook exists for the family yet, creates a notes-only one.\n\nDesigned for agents to fire when their debug-protocol response\nidentifies a concrete correction worth persisting (a workaround, an\nundocumented endpoint shape, a stale field name, observed schema\ndrift). Same fire-and-forget posture as teach: silent on success,\nerrors to teach.log, safe to background with \u0026.\n\nDisabling: pass --no-learn or set PRINTGOAT_NO_LEARN=true.\n\nUsage:\n  printgoat-pp-cli playbook amend [flags]\n\nExamples:\n  printgoat-pp-cli playbook amend \\\n    --query \"\u003cexact recall query\u003e\" \\\n    --add-note \"summary endpoint envelope: data lives at .results.header, not .header\"\n\nFlags:\n      --add-note string   The note text to append to the family's playbook (required)\n      --db string         Database path (default: standard cache location)\n  -h, --help              help for amend\n      --query string      The exact recall query whose family should be amended (required)\n\nGlobal Flags:\n      --agent                   Set all agent-friendly defaults (--json --compact --no-input --no-color --yes)\n      --allow-partial-failure   Downgrade response-body partial-failure (e.g. partialFailureError) to a warning instead of a non-zero exit\n      --compact                 Return only key fields (id, name, status, timestamps) for minimal token usage\n      --config string           Config file path\n      --csv                     Output as CSV (table and array responses)\n      --data-source string      Data source for read commands: auto (live with local fallback), live (API only), local (synced data only) (default \"auto\")\n      --deliver string          Route output to a sink: stdout (default), file:\u003cpath\u003e, webhook:\u003curl\u003e\n      --dry-run                 Show request without sending\n      --home string             Root directory for config, data, state, and cache files\n      --human-friendly          Enable colored output and rich formatting\n      --insecure                Skip TLS certificate verification\n      --json                    Output as JSON\n      --max-age duration        Maximum acceptable age of local-store data before a stderr hint suggests sync; 0 disables (default 30m0s)\n      --no-cache                Bypass response cache\n      --no-color                Disable colored output\n      --no-input                Disable all interactive prompts (for CI/agents)\n      --no-learn                Disable the teach/recall learning loop for this invocation\n      --plain                   Output as plain tab-separated text\n      --profile string          Apply values from a saved profile (see 'printgoat-pp-cli profile list')\n      --quiet                   Bare output, one value per line\n      --rate-limit float        Max requests per second (0 to disable)\n      --select string           Comma-separated fields to include in output (e.g. --select id,name,status)\n      --timeout duration        Request timeout (default 1m0s)\n      --yes                     Skip confirmation prompts (for agents and scripts)\n"
    },
    {
      "command": "playbook amend",
      "kind": "happy_path",
      "args": [
        "playbook",
        "amend",
        "\\"
      ],
      "status": "pass",
      "exit_code": 2
    },
    {
      "command": "playbook amend",
      "kind": "json_fidelity",
      "args": [
        "playbook",
        "amend",
        "\\",
        "--json"
      ],
      "status": "pass",
      "exit_code": 2
    },
    {
      "command": "playbook amend",
      "kind": "error_path",
      "args": null,
      "status": "skip",
      "reason": "no positional argument"
    },
    {
      "command": "playbook list",
      "kind": "help",
      "args": [
        "playbook",
        "list",
        "--help"
      ],
      "status": "pass",
      "output_sample": "List stored playbooks (query_family, content presence, last observed)\n\nUsage:\n  printgoat-pp-cli playbook list [flags]\n\nExamples:\n  printgoat-pp-cli playbook list --agent\n\nFlags:\n      --db string   Database path (default: standard cache location)\n  -h, --help        help for list\n\nGlobal Flags:\n      --agent                   Set all agent-friendly defaults (--json --compact --no-input --no-color --yes)\n      --allow-partial-failure   Downgrade response-body partial-failure (e.g. partialFailureError) to a warning instead of a non-zero exit\n      --compact                 Return only key fields (id, name, status, timestamps) for minimal token usage\n      --config string           Config file path\n      --csv                     Output as CSV (table and array responses)\n      --data-source string      Data source for read commands: auto (live with local fallback), live (API only), local (synced data only) (default \"auto\")\n      --deliver string          Route output to a sink: stdout (default), file:\u003cpath\u003e, webhook:\u003curl\u003e\n      --dry-run                 Show request without sending\n      --home string             Root directory for config, data, state, and cache files\n      --human-friendly          Enable colored output and rich formatting\n      --insecure                Skip TLS certificate verification\n      --json                    Output as JSON\n      --max-age duration        Maximum acceptable age of local-store data before a stderr hint suggests sync; 0 disables (default 30m0s)\n      --no-cache                Bypass response cache\n      --no-color                Disable colored output\n      --no-input                Disable all interactive prompts (for CI/agents)\n      --no-learn                Disable the teach/recall learning loop for this invocation\n      --plain                   Output as plain tab-separated text\n      --profile string          Apply values from a saved profile (see 'printgoat-pp-cli profile list')\n      --quiet                   Bare output, one value per line\n      --rate-limit float        Max requests per second (0 to disable)\n      --select string           Comma-separated fields to include in output (e.g. --select id,name,status)\n      --timeout duration        Request timeout (default 1m0s)\n      --yes                     Skip confirmation prompts (for agents and scripts)\n"
    },
    {
      "command": "playbook list",
      "kind": "happy_path",
      "args": [
        "playbook",
        "list",
        "--agent"
      ],
      "status": "pass",
      "output_sample": "{\n  \"meta\": {\n    \"source\": \"local\"\n  },\n  \"results\": []\n}\n"
    },
    {
      "command": "playbook list",
      "kind": "json_fidelity",
      "args": [
        "playbook",
        "list",
        "--agent",
        "--json"
      ],
      "status": "pass",
      "output_sample": "{\n  \"meta\": {\n    \"source\": \"local\"\n  },\n  \"results\": []\n}\n"
    },
    {
      "command": "playbook list",
      "kind": "error_path",
      "args": null,
      "status": "skip",
      "reason": "no positional argument"
    },
    {
      "command": "profile delete",
      "kind": "help",
      "args": [
        "profile",
        "delete",
        "--help"
      ],
      "status": "pass",
      "output_sample": "Remove a profile\n\nUsage:\n  printgoat-pp-cli profile delete \u003cname\u003e [flags]\n\nExamples:\n  printgoat-pp-cli profile delete my-defaults --yes\n  printgoat-pp-cli profile delete old-profile --yes --json\n\nFlags:\n  -h, --help   help for delete\n\nGlobal Flags:\n      --agent                   Set all agent-friendly defaults (--json --compact --no-input --no-color --yes)\n      --allow-partial-failure   Downgrade response-body partial-failure (e.g. partialFailureError) to a warning instead of a non-zero exit\n      --compact                 Return only key fields (id, name, status, timestamps) for minimal token usage\n      --config string           Config file path\n      --csv                     Output as CSV (table and array responses)\n      --data-source string      Data source for read commands: auto (live with local fallback), live (API only), local (synced data only) (default \"auto\")\n      --deliver string          Route output to a sink: stdout (default), file:\u003cpath\u003e, webhook:\u003curl\u003e\n      --dry-run                 Show request without sending\n      --home string             Root directory for config, data, state, and cache files\n      --human-friendly          Enable colored output and rich formatting\n      --insecure                Skip TLS certificate verification\n      --json                    Output as JSON\n      --max-age duration        Maximum acceptable age of local-store data before a stderr hint suggests sync; 0 disables (default 30m0s)\n      --no-cache                Bypass response cache\n      --no-color                Disable colored output\n      --no-input                Disable all interactive prompts (for CI/agents)\n      --no-learn                Disable the teach/recall learning loop for this invocation\n      --plain                   Output as plain tab-separated text\n      --profile string          Apply values from a saved profile (see 'printgoat-pp-cli profile list')\n      --quiet                   Bare output, one value per line\n      --rate-limit float        Max requests per second (0 to disable)\n      --select string           Comma-separated fields to include in output (e.g. --select id,name,status)\n      --timeout duration        Request timeout (default 1m0s)\n      --yes                     Skip confirmation prompts (for agents and scripts)\n"
    },
    {
      "command": "profile delete",
      "kind": "happy_path",
      "args": null,
      "status": "skip",
      "reason": "non-id positional \"name\" at depth 0"
    },
    {
      "command": "profile delete",
      "kind": "json_fidelity",
      "args": null,
      "status": "skip",
      "reason": "non-id positional \"name\" at depth 0"
    },
    {
      "command": "profile delete",
      "kind": "error_path",
      "args": null,
      "status": "skip",
      "reason": "mutating command; error_path would call live API without --dry-run"
    },
    {
      "command": "profile delete",
      "kind": "error_path_real",
      "args": null,
      "status": "skip",
      "reason": "non-id positional \"name\" at depth 0"
    },
    {
      "command": "profile list",
      "kind": "help",
      "args": [
        "profile",
        "list",
        "--help"
      ],
      "status": "pass",
      "output_sample": "List saved profiles\n\nUsage:\n  printgoat-pp-cli profile list [flags]\n\nExamples:\n  printgoat-pp-cli profile list\n  printgoat-pp-cli profile list --json\n\nFlags:\n  -h, --help   help for list\n\nGlobal Flags:\n      --agent                   Set all agent-friendly defaults (--json --compact --no-input --no-color --yes)\n      --allow-partial-failure   Downgrade response-body partial-failure (e.g. partialFailureError) to a warning instead of a non-zero exit\n      --compact                 Return only key fields (id, name, status, timestamps) for minimal token usage\n      --config string           Config file path\n      --csv                     Output as CSV (table and array responses)\n      --data-source string      Data source for read commands: auto (live with local fallback), live (API only), local (synced data only) (default \"auto\")\n      --deliver string          Route output to a sink: stdout (default), file:\u003cpath\u003e, webhook:\u003curl\u003e\n      --dry-run                 Show request without sending\n      --home string             Root directory for config, data, state, and cache files\n      --human-friendly          Enable colored output and rich formatting\n      --insecure                Skip TLS certificate verification\n      --json                    Output as JSON\n      --max-age duration        Maximum acceptable age of local-store data before a stderr hint suggests sync; 0 disables (default 30m0s)\n      --no-cache                Bypass response cache\n      --no-color                Disable colored output\n      --no-input                Disable all interactive prompts (for CI/agents)\n      --no-learn                Disable the teach/recall learning loop for this invocation\n      --plain                   Output as plain tab-separated text\n      --profile string          Apply values from a saved profile (see 'printgoat-pp-cli profile list')\n      --quiet                   Bare output, one value per line\n      --rate-limit float        Max requests per second (0 to disable)\n      --select string           Comma-separated fields to include in output (e.g. --select id,name,status)\n      --timeout duration        Request timeout (default 1m0s)\n      --yes                     Skip confirmation prompts (for agents and scripts)\n"
    },
    {
      "command": "profile list",
      "kind": "happy_path",
      "args": [
        "profile",
        "list"
      ],
      "status": "pass",
      "output_sample": "NAME  FIELDS  DESCRIPTION\n"
    },
    {
      "command": "profile list",
      "kind": "json_fidelity",
      "args": [
        "profile",
        "list",
        "--json"
      ],
      "status": "pass",
      "output_sample": "[]\n"
    },
    {
      "command": "profile list",
      "kind": "error_path",
      "args": null,
      "status": "skip",
      "reason": "no positional argument"
    },
    {
      "command": "profile save",
      "kind": "help",
      "args": [
        "profile",
        "save",
        "--help"
      ],
      "status": "pass",
      "output_sample": "Captures every flag explicitly set on the invocation and stores\nthem under \u003cname\u003e. To update an existing profile, run save again; the\nentry is replaced.\n\nTo avoid creating empty profiles, at least one non-default flag must be\npresent (other than --profile, --config, and --home, which are never\ncaptured: they control profile/config resolution and would never apply).\n\nUsage:\n  printgoat-pp-cli profile save \u003cname\u003e [--\u003cflag\u003e \u003cvalue\u003e ...] [flags]\n\nExamples:\n  printgoat-pp-cli profile save my-defaults --json --compact\n  printgoat-pp-cli profile save tonight-defaults --region US\n\nFlags:\n      --description string   Short description shown in 'profile list'\n  -h, --help                 help for save\n\nGlobal Flags:\n      --agent                   Set all agent-friendly defaults (--json --compact --no-input --no-color --yes)\n      --allow-partial-failure   Downgrade response-body partial-failure (e.g. partialFailureError) to a warning instead of a non-zero exit\n      --compact                 Return only key fields (id, name, status, timestamps) for minimal token usage\n      --config string           Config file path\n      --csv                     Output as CSV (table and array responses)\n      --data-source string      Data source for read commands: auto (live with local fallback), live (API only), local (synced data only) (default \"auto\")\n      --deliver string          Route output to a sink: stdout (default), file:\u003cpath\u003e, webhook:\u003curl\u003e\n      --dry-run                 Show request without sending\n      --home string             Root directory for config, data, state, and cache files\n      --human-friendly          Enable colored output and rich formatting\n      --insecure                Skip TLS certificate verification\n      --json                    Output as JSON\n      --max-age duration        Maximum acceptable age of local-store data before a stderr hint suggests sync; 0 disables (default 30m0s)\n      --no-cache                Bypass response cache\n      --no-color                Disable colored output\n      --no-input                Disable all interactive prompts (for CI/agents)\n      --no-learn                Disable the teach/recall learning loop for this invocation\n      --plain                   Output as plain tab-separated text\n      --profile string          Apply values from a saved profile (see 'printgoat-pp-cli profile list')\n      --quiet                   Bare output, one value per line\n      --rate-limit float        Max requests per second (0 to disable)\n      --select string           Comma-separated fields to include in output (e.g. --select id,name,status)\n      --timeout duration        Request timeout (default 1m0s)\n      --yes                     Skip confirmation prompts (for agents and scripts)\n"
    },
    {
      "command": "profile save",
      "kind": "happy_path",
      "args": null,
      "status": "skip",
      "reason": "non-id positional \"name\" at depth 0"
    },
    {
      "command": "profile save",
      "kind": "json_fidelity",
      "args": null,
      "status": "skip",
      "reason": "non-id positional \"name\" at depth 0"
    },
    {
      "command": "profile save",
      "kind": "error_path",
      "args": [
        "profile",
        "save",
        "__printing_press_invalid__"
      ],
      "status": "pass",
      "exit_code": 1,
      "output_sample": "Error: no non-default flags set - pass at least one flag to save into \"__printing_press_invalid__\"\n"
    },
    {
      "command": "profile show",
      "kind": "help",
      "args": [
        "profile",
        "show",
        "--help"
      ],
      "status": "pass",
      "output_sample": "Show a profile's values as JSON\n\nUsage:\n  printgoat-pp-cli profile show \u003cname\u003e [flags]\n\nExamples:\n  printgoat-pp-cli profile show my-defaults\n  printgoat-pp-cli profile show tonight-defaults --json\n\nFlags:\n  -h, --help   help for show\n\nGlobal Flags:\n      --agent                   Set all agent-friendly defaults (--json --compact --no-input --no-color --yes)\n      --allow-partial-failure   Downgrade response-body partial-failure (e.g. partialFailureError) to a warning instead of a non-zero exit\n      --compact                 Return only key fields (id, name, status, timestamps) for minimal token usage\n      --config string           Config file path\n      --csv                     Output as CSV (table and array responses)\n      --data-source string      Data source for read commands: auto (live with local fallback), live (API only), local (synced data only) (default \"auto\")\n      --deliver string          Route output to a sink: stdout (default), file:\u003cpath\u003e, webhook:\u003curl\u003e\n      --dry-run                 Show request without sending\n      --home string             Root directory for config, data, state, and cache files\n      --human-friendly          Enable colored output and rich formatting\n      --insecure                Skip TLS certificate verification\n      --json                    Output as JSON\n      --max-age duration        Maximum acceptable age of local-store data before a stderr hint suggests sync; 0 disables (default 30m0s)\n      --no-cache                Bypass response cache\n      --no-color                Disable colored output\n      --no-input                Disable all interactive prompts (for CI/agents)\n      --no-learn                Disable the teach/recall learning loop for this invocation\n      --plain                   Output as plain tab-separated text\n      --profile string          Apply values from a saved profile (see 'printgoat-pp-cli profile list')\n      --quiet                   Bare output, one value per line\n      --rate-limit float        Max requests per second (0 to disable)\n      --select string           Comma-separated fields to include in output (e.g. --select id,name,status)\n      --timeout duration        Request timeout (default 1m0s)\n      --yes                     Skip confirmation prompts (for agents and scripts)\n"
    },
    {
      "command": "profile show",
      "kind": "happy_path",
      "args": null,
      "status": "skip",
      "reason": "non-id positional \"name\" at depth 0"
    },
    {
      "command": "profile show",
      "kind": "json_fidelity",
      "args": null,
      "status": "skip",
      "reason": "non-id positional \"name\" at depth 0"
    },
    {
      "command": "profile show",
      "kind": "error_path",
      "args": [
        "profile",
        "show",
        "__printing_press_invalid__"
      ],
      "status": "pass",
      "exit_code": 1,
      "output_sample": "Error: profile \"__printing_press_invalid__\" not found\n"
    },
    {
      "command": "profile use",
      "kind": "help",
      "args": [
        "profile",
        "use",
        "--help"
      ],
      "status": "pass",
      "output_sample": "Print the flag values a profile will apply (does not execute anything)\n\nUsage:\n  printgoat-pp-cli profile use \u003cname\u003e [flags]\n\nExamples:\n  printgoat-pp-cli profile use my-defaults\n  printgoat-pp-cli profile use tonight-defaults --json\n\nFlags:\n  -h, --help   help for use\n\nGlobal Flags:\n      --agent                   Set all agent-friendly defaults (--json --compact --no-input --no-color --yes)\n      --allow-partial-failure   Downgrade response-body partial-failure (e.g. partialFailureError) to a warning instead of a non-zero exit\n      --compact                 Return only key fields (id, name, status, timestamps) for minimal token usage\n      --config string           Config file path\n      --csv                     Output as CSV (table and array responses)\n      --data-source string      Data source for read commands: auto (live with local fallback), live (API only), local (synced data only) (default \"auto\")\n      --deliver string          Route output to a sink: stdout (default), file:\u003cpath\u003e, webhook:\u003curl\u003e\n      --dry-run                 Show request without sending\n      --home string             Root directory for config, data, state, and cache files\n      --human-friendly          Enable colored output and rich formatting\n      --insecure                Skip TLS certificate verification\n      --json                    Output as JSON\n      --max-age duration        Maximum acceptable age of local-store data before a stderr hint suggests sync; 0 disables (default 30m0s)\n      --no-cache                Bypass response cache\n      --no-color                Disable colored output\n      --no-input                Disable all interactive prompts (for CI/agents)\n      --no-learn                Disable the teach/recall learning loop for this invocation\n      --plain                   Output as plain tab-separated text\n      --profile string          Apply values from a saved profile (see 'printgoat-pp-cli profile list')\n      --quiet                   Bare output, one value per line\n      --rate-limit float        Max requests per second (0 to disable)\n      --select string           Comma-separated fields to include in output (e.g. --select id,name,status)\n      --timeout duration        Request timeout (default 1m0s)\n      --yes                     Skip confirmation prompts (for agents and scripts)\n"
    },
    {
      "command": "profile use",
      "kind": "happy_path",
      "args": null,
      "status": "skip",
      "reason": "non-id positional \"name\" at depth 0"
    },
    {
      "command": "profile use",
      "kind": "json_fidelity",
      "args": null,
      "status": "skip",
      "reason": "non-id positional \"name\" at depth 0"
    },
    {
      "command": "profile use",
      "kind": "error_path",
      "args": [
        "profile",
        "use",
        "__printing_press_invalid__"
      ],
      "status": "pass",
      "exit_code": 1,
      "output_sample": "Error: profile \"__printing_press_invalid__\" not found\n"
    },
    {
      "command": "recall",
      "kind": "help",
      "args": [
        "recall",
        "--help"
      ],
      "status": "pass",
      "output_sample": "Returns prior learnings matching the supplied query by token-set\noverlap (Jaccard \u003e= 0.6) plus entity-aware validation. The LLM should\ncall this FIRST when starting work on a new user question; if\nfound=true AND results[0].entity_match == \"exact\" AND confidence \u003e= 2,\nthe LLM can skip discovery and go straight to live fetch for the\nreturned resource IDs.\n\nEmpty match returns {\"found\": false, \"results\": []} with exit 0 — this\nis an information query, not a not-found error.\n\nDisabling: PRINTGOAT_NO_LEARN=true returns the empty shape even\nwhen learnings exist.\n\nUsage:\n  printgoat-pp-cli recall \u003cquery\u003e [flags]\n\nExamples:\n  printgoat-pp-cli recall \"\u003cquestion\u003e\" --agent\n  printgoat-pp-cli recall \"\u003cquestion\u003e\" --agent --min-confidence 2\n\nFlags:\n      --db string            SQLite database file path (default: resolved data directory data.db)\n      --debug-mismatches     Include cross-entity mismatches in the envelope under mismatches[]\n  -h, --help                 help for recall\n      --limit int            Maximum number of learnings to return (default 10)\n      --min-confidence int   Minimum confidence to include in results (default 1)\n\nGlobal Flags:\n      --agent                   Set all agent-friendly defaults (--json --compact --no-input --no-color --yes)\n      --allow-partial-failure   Downgrade response-body partial-failure (e.g. partialFailureError) to a warning instead of a non-zero exit\n      --compact                 Return only key fields (id, name, status, timestamps) for minimal token usage\n      --config string           Config file path\n      --csv                     Output as CSV (table and array responses)\n      --data-source string      Data source for read commands: auto (live with local fallback), live (API only), local (synced data only) (default \"auto\")\n      --deliver string          Route output to a sink: stdout (default), file:\u003cpath\u003e, webhook:\u003curl\u003e\n      --dry-run                 Show request without sending\n      --home string             Root directory for config, data, state, and cache files\n      --human-friendly          Enable colored output and rich formatting\n      --insecure                Skip TLS certificate verification\n      --json                    Output as JSON\n      --max-age duration        Maximum acceptable age of local-store data before a stderr hint suggests sync; 0 disables (default 30m0s)\n      --no-cache                Bypass response cache\n      --no-color                Disable colored output\n      --no-input                Disable all interactive prompts (for CI/agents)\n      --no-learn                Disable the teach/recall learning loop for this invocation\n      --plain                   Output as plain tab-separated text\n      --profile string          Apply values from a saved profile (see 'printgoat-pp-cli profile list')\n      --quiet                   Bare output, one value per line\n      --rate-limit float        Max requests per second (0 to disable)\n      --select string           Comma-separated fields to include in output (e.g. --select id,name,status)\n      --timeout duration        Request timeout (default 1m0s)\n      --yes                     Skip confirmation prompts (for agents and scripts)\n"
    },
    {
      "command": "recall",
      "kind": "happy_path",
      "args": null,
      "status": "skip",
      "reason": "command path [recall] has fewer segments than placeholders (1)"
    },
    {
      "command": "recall",
      "kind": "json_fidelity",
      "args": null,
      "status": "skip",
      "reason": "command path [recall] has fewer segments than placeholders (1)"
    },
    {
      "command": "recall",
      "kind": "error_path",
      "args": [
        "recall",
        "__printing_press_invalid__",
        "--json"
      ],
      "status": "pass",
      "output_sample": "{\n  \"found\": false,\n  \"query\": \"__printing_press_invalid__\",\n  \"normalized\": \"__printing_press_invalid__\",\n  \"query_entities\": [],\n  \"results\": [],\n  \"warnings\": [\n    \"no_learnings_for_query_family\"\n  ]\n}\n"
    },
    {
      "command": "search",
      "kind": "help",
      "args": [
        "search",
        "--help"
      ],
      "status": "pass",
      "output_sample": "Fans a single query out to all three sites in parallel and prints one\nmerged list. A source that fails (missing credentials, rate limit, network\nerror) is dropped from the results with a warning on stderr instead of\nfailing the whole command — whatever sources succeeded still print.\n\nThingiverse requires THINGIVERSE_TOKEN in the environment. Cults3D requires\nCULTS3D_USERNAME and CULTS3D_API_KEY. Printables needs no credentials.\n\nUsage:\n  printgoat-pp-cli search \u003cquery\u003e [flags]\n\nExamples:\n  # Search all three sites (10 results total, split across sources)\n  printgoat-pp-cli search \"benchy\"\n\n  # Only Printables and Thingiverse\n  printgoat-pp-cli search \"gopro mount\" --source printables,thingiverse\n\n  # 30 results, sorted by popularity where supported, agent-friendly JSON\n  printgoat-pp-cli search \"articulated dragon\" --limit 30 --sort popular --agent\n\nFlags:\n  -h, --help            help for search\n  -i, --interactive     After printing results in a terminal, prompt to pick a result number and view its detail (no-op under --agent/--json/--no-input or in non-terminal output)\n      --limit int       Maximum total results across all sources (default 10)\n      --sort string     Sort order: relevant, popular, or newest (default \"relevant\")\n      --source string   Comma-separated sources to search: printables,thingiverse,cults3d (default: all)\n\nGlobal Flags:\n      --agent                   Set all agent-friendly defaults (--json --compact --no-input --no-color --yes)\n      --allow-partial-failure   Downgrade response-body partial-failure (e.g. partialFailureError) to a warning instead of a non-zero exit\n      --compact                 Return only key fields (id, name, status, timestamps) for minimal token usage\n      --config string           Config file path\n      --csv                     Output as CSV (table and array responses)\n      --data-source string      Data source for read commands: auto (live with local fallback), live (API only), local (synced data only) (default \"auto\")\n      --deliver string          Route output to a sink: stdout (default), file:\u003cpath\u003e, webhook:\u003curl\u003e\n      --dry-run                 Show request without sending\n      --home string             Root directory for config, data, state, and cache files\n      --human-friendly          Enable colored output and rich formatting\n      --insecure                Skip TLS certificate verification\n      --json                    Output as JSON\n      --max-age duration        Maximum acceptable age of local-store data before a stderr hint suggests sync; 0 disables (default 30m0s)\n      --no-cache                Bypass response cache\n      --no-color                Disable colored output\n      --no-input                Disable all interactive prompts (for CI/agents)\n      --no-learn                Disable the teach/recall learning loop for this invocation\n      --plain                   Output as plain tab-separated text\n      --profile string          Apply values from a saved profile (see 'printgoat-pp-cli profile list')\n      --quiet                   Bare output, one value per line\n      --rate-limit float        Max requests per second (0 to disable)\n      --select string           Comma-separated fields to include in output (e.g. --select id,name,status)\n      --timeout duration        Request timeout (default 1m0s)\n      --yes                     Skip confirmation prompts (for agents and scripts)\n"
    },
    {
      "command": "search",
      "kind": "happy_path",
      "args": null,
      "status": "skip",
      "reason": "command path [search] has fewer segments than placeholders (1)"
    },
    {
      "command": "search",
      "kind": "json_fidelity",
      "args": null,
      "status": "skip",
      "reason": "command path [search] has fewer segments than placeholders (1)"
    },
    {
      "command": "search",
      "kind": "error_path",
      "args": [
        "search",
        "__printing_press_invalid__",
        "--json"
      ],
      "status": "pass",
      "output_sample": "[]\nwarn: cults3d: POST https://cults3d.com/graphql returned HTTP 401: HTTP Basic: Access denied.\n"
    },
    {
      "command": "search-things",
      "kind": "help",
      "args": [
        "search-things",
        "--help"
      ],
      "status": "pass",
      "output_sample": "Search for things by keyword\n\nUsage:\n  printgoat-pp-cli search-things \u003cterm\u003e [flags]\n\nExamples:\n  printgoat-pp-cli search-things benchy\n\nFlags:\n  -h, --help           help for search-things\n      --page string    Page number (default \"1\")\n      --per-page int   Results per page (Thingiverse caps at 30) (default 20)\n      --type string    Result type filter (things, makes, users, collections) (default \"things\")\n\nGlobal Flags:\n      --agent                   Set all agent-friendly defaults (--json --compact --no-input --no-color --yes)\n      --allow-partial-failure   Downgrade response-body partial-failure (e.g. partialFailureError) to a warning instead of a non-zero exit\n      --compact                 Return only key fields (id, name, status, timestamps) for minimal token usage\n      --config string           Config file path\n      --csv                     Output as CSV (table and array responses)\n      --data-source string      Data source for read commands: auto (live with local fallback), live (API only), local (synced data only) (default \"auto\")\n      --deliver string          Route output to a sink: stdout (default), file:\u003cpath\u003e, webhook:\u003curl\u003e\n      --dry-run                 Show request without sending\n      --home string             Root directory for config, data, state, and cache files\n      --human-friendly          Enable colored output and rich formatting\n      --insecure                Skip TLS certificate verification\n      --json                    Output as JSON\n      --max-age duration        Maximum acceptable age of local-store data before a stderr hint suggests sync; 0 disables (default 30m0s)\n      --no-cache                Bypass response cache\n      --no-color                Disable colored output\n      --no-input                Disable all interactive prompts (for CI/agents)\n      --no-learn                Disable the teach/recall learning loop for this invocation\n      --plain                   Output as plain tab-separated text\n      --profile string          Apply values from a saved profile (see 'printgoat-pp-cli profile list')\n      --quiet                   Bare output, one value per line\n      --rate-limit float        Max requests per second (0 to disable)\n      --select string           Comma-separated fields to include in output (e.g. --select id,name,status)\n      --timeout duration        Request timeout (default 1m0s)\n      --yes                     Skip confirmation prompts (for agents and scripts)\n"
    },
    {
      "command": "search-things",
      "kind": "happy_path",
      "args": null,
      "status": "skip",
      "reason": "command path [search-things] has fewer segments than placeholders (1)"
    },
    {
      "command": "search-things",
      "kind": "json_fidelity",
      "args": null,
      "status": "skip",
      "reason": "command path [search-things] has fewer segments than placeholders (1)"
    },
    {
      "command": "search-things",
      "kind": "error_path",
      "args": null,
      "status": "skip",
      "reason": "no-error-path-probe annotation"
    },
    {
      "command": "similar",
      "kind": "help",
      "args": [
        "similar",
        "--help"
      ],
      "status": "pass",
      "output_sample": "Re-search for alternatives after a bad print, automatically excluding the model and designer that failed you.\n\nUsage:\n  printgoat-pp-cli similar \u003csource\u003e:\u003cid\u003e [flags]\n\nExamples:\n  printgoat-pp-cli similar thingiverse:763622 --agent\n\nFlags:\n  -h, --help        help for similar\n      --limit int   Maximum results to fetch per source for the re-search (default 20)\n\nGlobal Flags:\n      --agent                   Set all agent-friendly defaults (--json --compact --no-input --no-color --yes)\n      --allow-partial-failure   Downgrade response-body partial-failure (e.g. partialFailureError) to a warning instead of a non-zero exit\n      --compact                 Return only key fields (id, name, status, timestamps) for minimal token usage\n      --config string           Config file path\n      --csv                     Output as CSV (table and array responses)\n      --data-source string      Data source for read commands: auto (live with local fallback), live (API only), local (synced data only) (default \"auto\")\n      --deliver string          Route output to a sink: stdout (default), file:\u003cpath\u003e, webhook:\u003curl\u003e\n      --dry-run                 Show request without sending\n      --home string             Root directory for config, data, state, and cache files\n      --human-friendly          Enable colored output and rich formatting\n      --insecure                Skip TLS certificate verification\n      --json                    Output as JSON\n      --max-age duration        Maximum acceptable age of local-store data before a stderr hint suggests sync; 0 disables (default 30m0s)\n      --no-cache                Bypass response cache\n      --no-color                Disable colored output\n      --no-input                Disable all interactive prompts (for CI/agents)\n      --no-learn                Disable the teach/recall learning loop for this invocation\n      --plain                   Output as plain tab-separated text\n      --profile string          Apply values from a saved profile (see 'printgoat-pp-cli profile list')\n      --quiet                   Bare output, one value per line\n      --rate-limit float        Max requests per second (0 to disable)\n      --select string           Comma-separated fields to include in output (e.g. --select id,name,status)\n      --timeout duration        Request timeout (default 1m0s)\n      --yes                     Skip confirmation prompts (for agents and scripts)\n"
    },
    {
      "command": "similar",
      "kind": "happy_path",
      "args": null,
      "status": "skip",
      "reason": "command path [similar] has fewer segments than placeholders (2)"
    },
    {
      "command": "similar",
      "kind": "json_fidelity",
      "args": null,
      "status": "skip",
      "reason": "command path [similar] has fewer segments than placeholders (2)"
    },
    {
      "command": "similar",
      "kind": "error_path",
      "args": [
        "similar",
        "__printing_press_invalid__"
      ],
      "status": "pass",
      "exit_code": 2,
      "output_sample": "Error: invalid model key \"__printing_press_invalid__\": expected \u003csource\u003e:\u003cid\u003e (e.g. printables:12345)\n"
    },
    {
      "command": "snapshot create",
      "kind": "help",
      "args": [
        "snapshot",
        "create",
        "--help"
      ],
      "status": "pass",
      "output_sample": "Pin the exact local files used for a print job, by hash, so you can prove what you used later.\n\nUsage:\n  printgoat-pp-cli snapshot create \u003cname\u003e \u003cmodel-keys...\u003e [flags]\n\nExamples:\nbatch-march-orders printables:3161 thingiverse:2409854 --agent\n\nFlags:\n  -h, --help   help for create\n\nGlobal Flags:\n      --agent                   Set all agent-friendly defaults (--json --compact --no-input --no-color --yes)\n      --allow-partial-failure   Downgrade response-body partial-failure (e.g. partialFailureError) to a warning instead of a non-zero exit\n      --compact                 Return only key fields (id, name, status, timestamps) for minimal token usage\n      --config string           Config file path\n      --csv                     Output as CSV (table and array responses)\n      --data-source string      Data source for read commands: auto (live with local fallback), live (API only), local (synced data only) (default \"auto\")\n      --deliver string          Route output to a sink: stdout (default), file:\u003cpath\u003e, webhook:\u003curl\u003e\n      --dry-run                 Show request without sending\n      --home string             Root directory for config, data, state, and cache files\n      --human-friendly          Enable colored output and rich formatting\n      --insecure                Skip TLS certificate verification\n      --json                    Output as JSON\n      --max-age duration        Maximum acceptable age of local-store data before a stderr hint suggests sync; 0 disables (default 30m0s)\n      --no-cache                Bypass response cache\n      --no-color                Disable colored output\n      --no-input                Disable all interactive prompts (for CI/agents)\n      --no-learn                Disable the teach/recall learning loop for this invocation\n      --plain                   Output as plain tab-separated text\n      --profile string          Apply values from a saved profile (see 'printgoat-pp-cli profile list')\n      --quiet                   Bare output, one value per line\n      --rate-limit float        Max requests per second (0 to disable)\n      --select string           Comma-separated fields to include in output (e.g. --select id,name,status)\n      --timeout duration        Request timeout (default 1m0s)\n      --yes                     Skip confirmation prompts (for agents and scripts)\n"
    },
    {
      "command": "snapshot create",
      "kind": "happy_path",
      "args": null,
      "status": "skip",
      "reason": "blocked-fixture: mutating command requires runnable example"
    },
    {
      "command": "snapshot create",
      "kind": "json_fidelity",
      "args": null,
      "status": "skip",
      "reason": "blocked-fixture: mutating command requires runnable example"
    },
    {
      "command": "snapshot create",
      "kind": "error_path",
      "args": null,
      "status": "skip",
      "reason": "blocked-fixture: mutating command requires runnable example"
    },
    {
      "command": "snapshot verify",
      "kind": "help",
      "args": [
        "snapshot",
        "verify",
        "--help"
      ],
      "status": "pass",
      "output_sample": "Prove exactly which file version you used for a past print job, even if the upstream model has since changed.\n\nUsage:\n  printgoat-pp-cli snapshot verify \u003cname\u003e [flags]\n\nExamples:\n  printgoat-pp-cli snapshot verify batch-march-orders --agent\n\nFlags:\n      --check-upstream   Also best-effort re-fetch each model's current file list to note upstream drift (default true)\n  -h, --help             help for verify\n\nGlobal Flags:\n      --agent                   Set all agent-friendly defaults (--json --compact --no-input --no-color --yes)\n      --allow-partial-failure   Downgrade response-body partial-failure (e.g. partialFailureError) to a warning instead of a non-zero exit\n      --compact                 Return only key fields (id, name, status, timestamps) for minimal token usage\n      --config string           Config file path\n      --csv                     Output as CSV (table and array responses)\n      --data-source string      Data source for read commands: auto (live with local fallback), live (API only), local (synced data only) (default \"auto\")\n      --deliver string          Route output to a sink: stdout (default), file:\u003cpath\u003e, webhook:\u003curl\u003e\n      --dry-run                 Show request without sending\n      --home string             Root directory for config, data, state, and cache files\n      --human-friendly          Enable colored output and rich formatting\n      --insecure                Skip TLS certificate verification\n      --json                    Output as JSON\n      --max-age duration        Maximum acceptable age of local-store data before a stderr hint suggests sync; 0 disables (default 30m0s)\n      --no-cache                Bypass response cache\n      --no-color                Disable colored output\n      --no-input                Disable all interactive prompts (for CI/agents)\n      --no-learn                Disable the teach/recall learning loop for this invocation\n      --plain                   Output as plain tab-separated text\n      --profile string          Apply values from a saved profile (see 'printgoat-pp-cli profile list')\n      --quiet                   Bare output, one value per line\n      --rate-limit float        Max requests per second (0 to disable)\n      --select string           Comma-separated fields to include in output (e.g. --select id,name,status)\n      --timeout duration        Request timeout (default 1m0s)\n      --yes                     Skip confirmation prompts (for agents and scripts)\n"
    },
    {
      "command": "snapshot verify",
      "kind": "happy_path",
      "args": null,
      "status": "skip",
      "reason": "non-id positional \"name\" at depth 0"
    },
    {
      "command": "snapshot verify",
      "kind": "json_fidelity",
      "args": null,
      "status": "skip",
      "reason": "non-id positional \"name\" at depth 0"
    },
    {
      "command": "snapshot verify",
      "kind": "error_path",
      "args": [
        "snapshot",
        "verify",
        "__printing_press_invalid__"
      ],
      "status": "pass",
      "exit_code": 3,
      "output_sample": "Error: no snapshot named \"__printing_press_invalid__\"; run 'snapshot create __printing_press_invalid__ \u003cmodel-keys...\u003e' first\n"
    },
    {
      "command": "sync",
      "kind": "help",
      "args": [
        "sync",
        "--help"
      ],
      "status": "pass",
      "output_sample": "Sync data from the API into a local SQLite database. This API does\nnot declare temporal sync filters, so sync performs full pagination unless an\nexplicit resource declares its own incremental filter.\nOnce synced, use the 'search' command for instant full-text search.\n\nExit codes \u0026 warnings:\n  Resources the API denies access to (HTTP 403, or HTTP 400 with an\n  access-policy body) are reported as warnings rather than failing the\n  run. In --json mode each is emitted as a {\"event\":\"sync_warning\",...}\n  line carrying status, reason, and message fields, and a final\n  {\"event\":\"sync_summary\",...} aggregates the run.\n\n  Exit 0 when at least one resource synced and no resource flagged in\n  the spec as critical (x-critical: true) failed; non-critical failures\n  emit {\"event\":\"sync_warning\",\"reason\":\"exit_policy_default_changed\",\n  ...} so callers can detect that a partial failure was tolerated. Pass\n  --strict to exit non-zero on any per-resource failure. Exit is always\n  non-zero when every selected resource failed, regardless of --strict.\n\nResource scoping:\n  --resources runs the named top-level resources, plus any parent-keyed\n  dependent whose own name is listed OR whose parent table is listed.\n  Naming a parent therefore cascades to its dependents (so \"sync this\n  parent and its children\" works without listing every nested resource\n  by hand). There is no flag today to suppress the cascade for a named\n  parent. To run a dependent without re-syncing its parent, list only\n  the dependent by name; the parent table must already be populated\n  from a prior sync.\n\nUsage:\n  printgoat-pp-cli sync [flags]\n\nExamples:\n  # Sync all resources\n  printgoat-pp-cli sync\n\n  # Sync specific resources only\n  printgoat-pp-cli sync --resources channels,messages\n\n  # Full resync (ignore previous checkpoint)\n  printgoat-pp-cli sync --full\n\n  # Incremental sync: only records from the last 7 days\n  printgoat-pp-cli sync --since 7d\n\n  # Parallel sync with 8 workers\n  printgoat-pp-cli sync --concurrency 8\n\n  # Latest-only: refresh head of each resource, no historical backfill\n  printgoat-pp-cli sync --latest-only\n\nFlags:\n      --concurrency int              Number of parallel sync workers (default 4)\n      --db string                    SQLite database file path (default: resolved data directory data.db)\n      --full                         Full resync (ignore previous checkpoint)\n      --global-param stringArray     Extra query param to inject into every sync request including dependent path-scoped calls (repeatable, key=value). Use when an API requires a scope on every call regardless of path nesting.\n  -h, --help                         help for sync\n      --latest-only                  Refresh head of each resource only; clears resume cursor and caps pages at 1. Mutually exclusive with --since (--since wins).\n      --max-pages int                Maximum pages to fetch per resource (0 = unlimited; cap-hit emits a sync_warning event)\n      --no-prune                     Disable deletion reconciliation on --full (by default a full sync prunes local rows the API no longer returns for a fully-enumerated parent partition)\n      --param stringArray            Extra query param to inject into flat-list sync requests (repeatable, key=value). Skipped on path-scoped dependent requests so a top-level scope like workspace=\u003cid\u003e does not double up on /parents/\u003cid\u003e/children calls. Use --global-param to inject everywhere. Avoid pagination keys (limit/since/cursor) — overriding them corrupts resume state.\n      --resource-param stringArray   Per-resource extra query param (repeatable, resource:key=value). Wins over --param and --global-param when keys conflict.\n      --resources strings            Comma-separated resource types to sync. Naming a parent also runs its parent-keyed dependents (see Long help for scoping).\n      --since string                 Incremental sync duration (e.g. 7d, 24h, 1w, 30m)\n      --strict                       Exit non-zero on any per-resource failure (default: only critical failures or all-resource failure exit non-zero).\n\nGlobal Fla…[truncated]"
    },
    {
      "command": "sync",
      "kind": "happy_path",
      "args": [
        "sync"
      ],
      "status": "pass",
      "output_sample": "{\"event\":\"sync_start\",\"resource\":\"categories\"}\n{\"event\":\"sync_warning\",\"resource\":\"categories\",\"reason\":\"resource_not_incremental\",\"message\":\"endpoint does not declare a temporal filter parameter; incremental sync has no effect for this resource\"}\n{\"event\":\"sync_progress\",\"resource\":\"categories\",\"fetched\":10}\n{\"event\":\"sync_complete\",\"resource\":\"categories\",\"total\":10,\"duration_ms\":95}\n{\"event\":\"sync_summary\",\"total_records\":10,\"resources\":1,\"success\":1,\"warned\":0,\"errored\":0,\"duration_ms\":95}\n"
    },
    {
      "command": "sync",
      "kind": "json_fidelity",
      "args": [
        "sync",
        "--json"
      ],
      "status": "pass",
      "output_sample": "{\"event\":\"sync_start\",\"resource\":\"categories\"}\n{\"event\":\"sync_warning\",\"resource\":\"categories\",\"reason\":\"resource_not_incremental\",\"message\":\"endpoint does not declare a temporal filter parameter; incremental sync has no effect for this resource\"}\n{\"event\":\"sync_progress\",\"resource\":\"categories\",\"fetched\":10}\n{\"event\":\"sync_complete\",\"resource\":\"categories\",\"total\":10,\"duration_ms\":100}\n{\"event\":\"sync_summary\",\"total_records\":10,\"resources\":1,\"success\":1,\"warned\":0,\"errored\":0,\"duration_ms\":100}\n"
    },
    {
      "command": "sync",
      "kind": "error_path",
      "args": null,
      "status": "skip",
      "reason": "no positional argument"
    },
    {
      "command": "tags",
      "kind": "help",
      "args": [
        "tags",
        "--help"
      ],
      "status": "pass",
      "output_sample": "List things with a tag\n\nUsage:\n  printgoat-pp-cli tags \u003ctag\u003e [flags]\n\nExamples:\n  printgoat-pp-cli tags example-value\n\nFlags:\n  -h, --help   help for tags\n\nGlobal Flags:\n      --agent                   Set all agent-friendly defaults (--json --compact --no-input --no-color --yes)\n      --allow-partial-failure   Downgrade response-body partial-failure (e.g. partialFailureError) to a warning instead of a non-zero exit\n      --compact                 Return only key fields (id, name, status, timestamps) for minimal token usage\n      --config string           Config file path\n      --csv                     Output as CSV (table and array responses)\n      --data-source string      Data source for read commands: auto (live with local fallback), live (API only), local (synced data only) (default \"auto\")\n      --deliver string          Route output to a sink: stdout (default), file:\u003cpath\u003e, webhook:\u003curl\u003e\n      --dry-run                 Show request without sending\n      --home string             Root directory for config, data, state, and cache files\n      --human-friendly          Enable colored output and rich formatting\n      --insecure                Skip TLS certificate verification\n      --json                    Output as JSON\n      --max-age duration        Maximum acceptable age of local-store data before a stderr hint suggests sync; 0 disables (default 30m0s)\n      --no-cache                Bypass response cache\n      --no-color                Disable colored output\n      --no-input                Disable all interactive prompts (for CI/agents)\n      --no-learn                Disable the teach/recall learning loop for this invocation\n      --plain                   Output as plain tab-separated text\n      --profile string          Apply values from a saved profile (see 'printgoat-pp-cli profile list')\n      --quiet                   Bare output, one value per line\n      --rate-limit float        Max requests per second (0 to disable)\n      --select string           Comma-separated fields to include in output (e.g. --select id,name,status)\n      --timeout duration        Request timeout (default 1m0s)\n      --yes                     Skip confirmation prompts (for agents and scripts)\n"
    },
    {
      "command": "tags",
      "kind": "happy_path",
      "args": null,
      "status": "skip",
      "reason": "command path [tags] has fewer segments than placeholders (1)"
    },
    {
      "command": "tags",
      "kind": "json_fidelity",
      "args": null,
      "status": "skip",
      "reason": "command path [tags] has fewer segments than placeholders (1)"
    },
    {
      "command": "tags",
      "kind": "error_path",
      "args": [
        "tags",
        "__printing_press_invalid__"
      ],
      "status": "pass",
      "exit_code": 3,
      "output_sample": "Error: GET https://api.thingiverse.com/tags/__printing_press_invalid__/things returned HTTP 404: {\"error\":\"\"}\nhint: resource not found. Run the 'list' command to see available items\n"
    },
    {
      "command": "teach",
      "kind": "help",
      "args": [
        "teach",
        "--help"
      ],
      "status": "pass",
      "output_sample": "Record one or more \"this query -\u003e this resource\" mappings so the next\nquery that matches surfaces the right resources without re-running discovery.\n\nThis command is designed to be backgrounded by an LLM right before it\nemits the user-facing response: silent on success, errors only to\nthe CLI state directory's teach.log, safe to fire-and-forget.\n\nDisabling: pass --no-learn or set PRINTGOAT_NO_LEARN=true.\n\nUsage:\n  printgoat-pp-cli teach [flags]\n\nExamples:\n  printgoat-pp-cli teach --query \"\u003cquestion\u003e\" --resource-type \u003ctype\u003e \\\n    --resource \u003cid\u003e --resource \u003cid\u003e \u0026\n\nFlags:\n      --db string                    SQLite database file path (default: resolved data directory data.db)\n  -h, --help                         help for teach\n      --no-validate                  Suppress teach-time resource-shape validation (warnings to teach.log)\n      --notes string                 Optional free-form note recorded in the audit log\n      --playbook-file string         Optional path to a JSON playbook recording the CLI choreography for this query family\n      --playbook-json string         Optional inline JSON playbook (mutually exclusive with --playbook-file; for agents without filesystem access)\n      --playbook-notes string        Optional inline gotchas/workarounds for this query family (stored alongside the playbook)\n      --playbook-notes-file string   Optional path to a markdown file with playbook notes\n      --query string                 User's original natural-language question (required)\n      --quiet                        Silent on success (default true — designed for background invocation) (default true)\n      --resource strings             Resource ID — repeat for multiple (required)\n      --resource-type string         Resource type (required; e.g. matches a row in the local resources table)\n      --venue string                 Optional venue scope tag stored with the learning\n\nGlobal Flags:\n      --agent                   Set all agent-friendly defaults (--json --compact --no-input --no-color --yes)\n      --allow-partial-failure   Downgrade response-body partial-failure (e.g. partialFailureError) to a warning instead of a non-zero exit\n      --compact                 Return only key fields (id, name, status, timestamps) for minimal token usage\n      --config string           Config file path\n      --csv                     Output as CSV (table and array responses)\n      --data-source string      Data source for read commands: auto (live with local fallback), live (API only), local (synced data only) (default \"auto\")\n      --deliver string          Route output to a sink: stdout (default), file:\u003cpath\u003e, webhook:\u003curl\u003e\n      --dry-run                 Show request without sending\n      --home string             Root directory for config, data, state, and cache files\n      --human-friendly          Enable colored output and rich formatting\n      --insecure                Skip TLS certificate verification\n      --json                    Output as JSON\n      --max-age duration        Maximum acceptable age of local-store data before a stderr hint suggests sync; 0 disables (default 30m0s)\n      --no-cache                Bypass response cache\n      --no-color                Disable colored output\n      --no-input                Disable all interactive prompts (for CI/agents)\n      --no-learn                Disable the teach/recall learning loop for this invocation\n      --plain                   Output as plain tab-separated text\n      --profile string          Apply values from a saved profile (see 'printgoat-pp-cli profile list')\n      --rate-limit float        Max requests per second (0 to disable)\n      --select string           Comma-separated fields to include in output (e.g. --select id,name,status)\n      --timeout duration        Request timeout (default 1m0s)\n      --yes                     Skip confirmation prompts (for agents and scripts)\n"
    },
    {
      "command": "teach",
      "kind": "happy_path",
      "args": [
        "teach",
        "--query",
        "\u003cquestion\u003e",
        "--resource-type",
        "\u003ctype\u003e",
        "\\"
      ],
      "status": "pass",
      "exit_code": 2
    },
    {
      "command": "teach",
      "kind": "json_fidelity",
      "args": [
        "teach",
        "--query",
        "\u003cquestion\u003e",
        "--resource-type",
        "\u003ctype\u003e",
        "\\",
        "--json"
      ],
      "status": "pass",
      "exit_code": 2
    },
    {
      "command": "teach",
      "kind": "error_path",
      "args": null,
      "status": "skip",
      "reason": "no positional argument"
    },
    {
      "command": "teach-lookup",
      "kind": "help",
      "args": [
        "teach-lookup",
        "--help"
      ],
      "status": "pass",
      "output_sample": "Adds one row to entity_lookups. Used by the recall path's pattern\nengine to substitute values for canonical names at substitution time.\nComputed kinds (lowercase, uppercase, kebab-case, capitalize-first, slug)\ncannot be taught — they are derived from the canonical input.\n\nUsage:\n  printgoat-pp-cli teach-lookup [flags]\n\nExamples:\n  printgoat-pp-cli teach-lookup --kind country --canonical \"United States\" --value USA\n\nFlags:\n      --canonical string   Canonical entity name (required)\n      --db string          SQLite database file path (default: resolved data directory data.db)\n  -h, --help               help for teach-lookup\n      --kind string        Entity kind, e.g. country, team (required, must not be a computed kind)\n      --value string       Value/alias that should resolve to the canonical (required)\n\nGlobal Flags:\n      --agent                   Set all agent-friendly defaults (--json --compact --no-input --no-color --yes)\n      --allow-partial-failure   Downgrade response-body partial-failure (e.g. partialFailureError) to a warning instead of a non-zero exit\n      --compact                 Return only key fields (id, name, status, timestamps) for minimal token usage\n      --config string           Config file path\n      --csv                     Output as CSV (table and array responses)\n      --data-source string      Data source for read commands: auto (live with local fallback), live (API only), local (synced data only) (default \"auto\")\n      --deliver string          Route output to a sink: stdout (default), file:\u003cpath\u003e, webhook:\u003curl\u003e\n      --dry-run                 Show request without sending\n      --home string             Root directory for config, data, state, and cache files\n      --human-friendly          Enable colored output and rich formatting\n      --insecure                Skip TLS certificate verification\n      --json                    Output as JSON\n      --max-age duration        Maximum acceptable age of local-store data before a stderr hint suggests sync; 0 disables (default 30m0s)\n      --no-cache                Bypass response cache\n      --no-color                Disable colored output\n      --no-input                Disable all interactive prompts (for CI/agents)\n      --no-learn                Disable the teach/recall learning loop for this invocation\n      --plain                   Output as plain tab-separated text\n      --profile string          Apply values from a saved profile (see 'printgoat-pp-cli profile list')\n      --quiet                   Bare output, one value per line\n      --rate-limit float        Max requests per second (0 to disable)\n      --select string           Comma-separated fields to include in output (e.g. --select id,name,status)\n      --timeout duration        Request timeout (default 1m0s)\n      --yes                     Skip confirmation prompts (for agents and scripts)\n"
    },
    {
      "command": "teach-lookup",
      "kind": "happy_path",
      "args": [
        "teach-lookup",
        "--kind",
        "country",
        "--canonical",
        "United States",
        "--value",
        "USA"
      ],
      "status": "pass",
      "output_sample": "{\n  \"canonical\": \"United States\",\n  \"kind\": \"country\",\n  \"recorded\": true,\n  \"value\": \"USA\"\n}\n"
    },
    {
      "command": "teach-lookup",
      "kind": "json_fidelity",
      "args": [
        "teach-lookup",
        "--kind",
        "country",
        "--canonical",
        "United States",
        "--value",
        "USA",
        "--json"
      ],
      "status": "pass",
      "output_sample": "{\n  \"canonical\": \"United States\",\n  \"kind\": \"country\",\n  \"recorded\": true,\n  \"value\": \"USA\"\n}\n"
    },
    {
      "command": "teach-lookup",
      "kind": "error_path",
      "args": null,
      "status": "skip",
      "reason": "no positional argument"
    },
    {
      "command": "teach-pattern",
      "kind": "help",
      "args": [
        "teach-pattern",
        "--help"
      ],
      "status": "pass",
      "output_sample": "Adds one row to search_patterns. The recall path uses patterns to\nsubstitute live query entities into a resource template, so a pattern\nwith query_template=\"items in {entity}\" and\nresource_template=\"GROUP-{entity:category}\" generalizes one teach into\na whole family.\n\nUsage:\n  printgoat-pp-cli teach-pattern [flags]\n\nExamples:\n  printgoat-pp-cli teach-pattern \\\n    --query-template \"items in {entity}\" \\\n    --resource-template \"GROUP-{entity:category}\" \\\n    --resource-type \"items\" \\\n    --entity-kind \"category\" \\\n    --strategy substitute\n\nFlags:\n      --db string                  SQLite database file path (default: resolved data directory data.db)\n      --entity-kind string         Entity kind name registered in entity_lookups (required)\n  -h, --help                       help for teach-pattern\n      --query-template string      Query template with {entity} placeholder (required)\n      --resource-template string   Resource template with typed entity slot, e.g. PREFIX-{entity:country} (required)\n      --resource-type string       Resource type for substituted IDs (required)\n      --strategy string            Substitution strategy: substitute | substitute-then-search-prefix (default substitute)\n      --venue string               Optional venue scope tag\n\nGlobal Flags:\n      --agent                   Set all agent-friendly defaults (--json --compact --no-input --no-color --yes)\n      --allow-partial-failure   Downgrade response-body partial-failure (e.g. partialFailureError) to a warning instead of a non-zero exit\n      --compact                 Return only key fields (id, name, status, timestamps) for minimal token usage\n      --config string           Config file path\n      --csv                     Output as CSV (table and array responses)\n      --data-source string      Data source for read commands: auto (live with local fallback), live (API only), local (synced data only) (default \"auto\")\n      --deliver string          Route output to a sink: stdout (default), file:\u003cpath\u003e, webhook:\u003curl\u003e\n      --dry-run                 Show request without sending\n      --home string             Root directory for config, data, state, and cache files\n      --human-friendly          Enable colored output and rich formatting\n      --insecure                Skip TLS certificate verification\n      --json                    Output as JSON\n      --max-age duration        Maximum acceptable age of local-store data before a stderr hint suggests sync; 0 disables (default 30m0s)\n      --no-cache                Bypass response cache\n      --no-color                Disable colored output\n      --no-input                Disable all interactive prompts (for CI/agents)\n      --no-learn                Disable the teach/recall learning loop for this invocation\n      --plain                   Output as plain tab-separated text\n      --profile string          Apply values from a saved profile (see 'printgoat-pp-cli profile list')\n      --quiet                   Bare output, one value per line\n      --rate-limit float        Max requests per second (0 to disable)\n      --select string           Comma-separated fields to include in output (e.g. --select id,name,status)\n      --timeout duration        Request timeout (default 1m0s)\n      --yes                     Skip confirmation prompts (for agents and scripts)\n"
    },
    {
      "command": "teach-pattern",
      "kind": "happy_path",
      "args": [
        "teach-pattern",
        "\\"
      ],
      "status": "pass",
      "exit_code": 2,
      "output_sample": "Error: --query-template is required\n"
    },
    {
      "command": "teach-pattern",
      "kind": "json_fidelity",
      "args": [
        "teach-pattern",
        "\\",
        "--json"
      ],
      "status": "pass",
      "exit_code": 2,
      "output_sample": "Error: --query-template is required\n"
    },
    {
      "command": "teach-pattern",
      "kind": "error_path",
      "args": null,
      "status": "skip",
      "reason": "no positional argument"
    },
    {
      "command": "teach-playbook",
      "kind": "help",
      "args": [
        "teach-playbook",
        "--help"
      ],
      "status": "pass",
      "output_sample": "Stores a structured CLI command sequence (with entity slots) and/or\nfree-form gotchas/workarounds, keyed on the structural query family.\nThe recall path surfaces this whenever a future query of the same\nfamily fires, so the agent can replay the choreography and read the\nnotes verbatim.\n\nAt least one of --playbook-json/--playbook-file and --notes/--notes-file\nmust be set. --playbook-json takes the playbook body inline so MCP-only\nagents can record playbooks without a file on disk.\n\nUsage:\n  printgoat-pp-cli teach-playbook [flags]\n\nExamples:\n  printgoat-pp-cli teach-playbook \\\n    --query \"\u003cquestion that anchors the family\u003e\" \\\n    --playbook-file ~/playbooks/recipe.json \\\n    --notes-file ~/playbooks/recipe-notes.md\n\nFlags:\n      --db string              Database path (default: standard cache location)\n  -h, --help                   help for teach-playbook\n      --notes string           Free-text notes (gotchas, workarounds) -- mutually exclusive with --notes-file\n      --notes-file string      Path to a markdown file with the notes\n      --playbook-file string   Path to a JSON file with the playbook (steps, entity_slots, expected_tool_calls)\n      --playbook-json string   Inline playbook JSON (steps, entity_slots, expected_tool_calls) -- mutually exclusive with --playbook-file\n      --query string           Example query that anchors the family (required)\n\nGlobal Flags:\n      --agent                   Set all agent-friendly defaults (--json --compact --no-input --no-color --yes)\n      --allow-partial-failure   Downgrade response-body partial-failure (e.g. partialFailureError) to a warning instead of a non-zero exit\n      --compact                 Return only key fields (id, name, status, timestamps) for minimal token usage\n      --config string           Config file path\n      --csv                     Output as CSV (table and array responses)\n      --data-source string      Data source for read commands: auto (live with local fallback), live (API only), local (synced data only) (default \"auto\")\n      --deliver string          Route output to a sink: stdout (default), file:\u003cpath\u003e, webhook:\u003curl\u003e\n      --dry-run                 Show request without sending\n      --home string             Root directory for config, data, state, and cache files\n      --human-friendly          Enable colored output and rich formatting\n      --insecure                Skip TLS certificate verification\n      --json                    Output as JSON\n      --max-age duration        Maximum acceptable age of local-store data before a stderr hint suggests sync; 0 disables (default 30m0s)\n      --no-cache                Bypass response cache\n      --no-color                Disable colored output\n      --no-input                Disable all interactive prompts (for CI/agents)\n      --no-learn                Disable the teach/recall learning loop for this invocation\n      --plain                   Output as plain tab-separated text\n      --profile string          Apply values from a saved profile (see 'printgoat-pp-cli profile list')\n      --quiet                   Bare output, one value per line\n      --rate-limit float        Max requests per second (0 to disable)\n      --select string           Comma-separated fields to include in output (e.g. --select id,name,status)\n      --timeout duration        Request timeout (default 1m0s)\n      --yes                     Skip confirmation prompts (for agents and scripts)\n"
    },
    {
      "command": "teach-playbook",
      "kind": "happy_path",
      "args": [
        "teach-playbook",
        "\\"
      ],
      "status": "pass",
      "exit_code": 2
    },
    {
      "command": "teach-playbook",
      "kind": "json_fidelity",
      "args": [
        "teach-playbook",
        "\\",
        "--json"
      ],
      "status": "pass",
      "exit_code": 2
    },
    {
      "command": "teach-playbook",
      "kind": "error_path",
      "args": null,
      "status": "skip",
      "reason": "no positional argument"
    },
    {
      "command": "things categories",
      "kind": "help",
      "args": [
        "things",
        "categories",
        "--help"
      ],
      "status": "pass",
      "output_sample": "List categories for a thing\n\nUsage:\n  printgoat-pp-cli things categories \u003cthing_id\u003e [flags]\n\nExamples:\n  printgoat-pp-cli things categories 550e8400-e29b-41d4-a716-446655440000\n\nFlags:\n  -h, --help   help for categories\n\nGlobal Flags:\n      --agent                   Set all agent-friendly defaults (--json --compact --no-input --no-color --yes)\n      --allow-partial-failure   Downgrade response-body partial-failure (e.g. partialFailureError) to a warning instead of a non-zero exit\n      --compact                 Return only key fields (id, name, status, timestamps) for minimal token usage\n      --config string           Config file path\n      --csv                     Output as CSV (table and array responses)\n      --data-source string      Data source for read commands: auto (live with local fallback), live (API only), local (synced data only) (default \"auto\")\n      --deliver string          Route output to a sink: stdout (default), file:\u003cpath\u003e, webhook:\u003curl\u003e\n      --dry-run                 Show request without sending\n      --home string             Root directory for config, data, state, and cache files\n      --human-friendly          Enable colored output and rich formatting\n      --insecure                Skip TLS certificate verification\n      --json                    Output as JSON\n      --max-age duration        Maximum acceptable age of local-store data before a stderr hint suggests sync; 0 disables (default 30m0s)\n      --no-cache                Bypass response cache\n      --no-color                Disable colored output\n      --no-input                Disable all interactive prompts (for CI/agents)\n      --no-learn                Disable the teach/recall learning loop for this invocation\n      --plain                   Output as plain tab-separated text\n      --profile string          Apply values from a saved profile (see 'printgoat-pp-cli profile list')\n      --quiet                   Bare output, one value per line\n      --rate-limit float        Max requests per second (0 to disable)\n      --select string           Comma-separated fields to include in output (e.g. --select id,name,status)\n      --timeout duration        Request timeout (default 1m0s)\n      --yes                     Skip confirmation prompts (for agents and scripts)\n"
    },
    {
      "command": "things categories",
      "kind": "happy_path",
      "args": null,
      "status": "skip",
      "reason": "blocked-fixture: required API parameter"
    },
    {
      "command": "things categories",
      "kind": "json_fidelity",
      "args": null,
      "status": "skip",
      "reason": "blocked-fixture: required API parameter"
    },
    {
      "command": "things categories",
      "kind": "error_path",
      "args": [
        "things",
        "categories",
        "__printing_press_invalid__"
      ],
      "status": "pass",
      "exit_code": 5,
      "output_sample": "Error: GET https://api.thingiverse.com/things/__printing_press_invalid__/categories returned HTTP 500: {\"error\":\"ThingsAPI::getDownloadableThingById(): Argument #1 ($id) must be of type int, string given, called in \\/srv\\/www\\/thingiverse\\/api\\/v1\\/thingsapi.php on line 838\",\"code\":500}\n"
    },
    {
      "command": "things files",
      "kind": "help",
      "args": [
        "things",
        "files",
        "--help"
      ],
      "status": "pass",
      "output_sample": "List files for a thing\n\nUsage:\n  printgoat-pp-cli things files \u003cthing_id\u003e [flags]\n\nExamples:\n  printgoat-pp-cli things files 550e8400-e29b-41d4-a716-446655440000\n\nFlags:\n  -h, --help   help for files\n\nGlobal Flags:\n      --agent                   Set all agent-friendly defaults (--json --compact --no-input --no-color --yes)\n      --allow-partial-failure   Downgrade response-body partial-failure (e.g. partialFailureError) to a warning instead of a non-zero exit\n      --compact                 Return only key fields (id, name, status, timestamps) for minimal token usage\n      --config string           Config file path\n      --csv                     Output as CSV (table and array responses)\n      --data-source string      Data source for read commands: auto (live with local fallback), live (API only), local (synced data only) (default \"auto\")\n      --deliver string          Route output to a sink: stdout (default), file:\u003cpath\u003e, webhook:\u003curl\u003e\n      --dry-run                 Show request without sending\n      --home string             Root directory for config, data, state, and cache files\n      --human-friendly          Enable colored output and rich formatting\n      --insecure                Skip TLS certificate verification\n      --json                    Output as JSON\n      --max-age duration        Maximum acceptable age of local-store data before a stderr hint suggests sync; 0 disables (default 30m0s)\n      --no-cache                Bypass response cache\n      --no-color                Disable colored output\n      --no-input                Disable all interactive prompts (for CI/agents)\n      --no-learn                Disable the teach/recall learning loop for this invocation\n      --plain                   Output as plain tab-separated text\n      --profile string          Apply values from a saved profile (see 'printgoat-pp-cli profile list')\n      --quiet                   Bare output, one value per line\n      --rate-limit float        Max requests per second (0 to disable)\n      --select string           Comma-separated fields to include in output (e.g. --select id,name,status)\n      --timeout duration        Request timeout (default 1m0s)\n      --yes                     Skip confirmation prompts (for agents and scripts)\n"
    },
    {
      "command": "things files",
      "kind": "happy_path",
      "args": null,
      "status": "skip",
      "reason": "blocked-fixture: required API parameter"
    },
    {
      "command": "things files",
      "kind": "json_fidelity",
      "args": null,
      "status": "skip",
      "reason": "blocked-fixture: required API parameter"
    },
    {
      "command": "things files",
      "kind": "error_path",
      "args": [
        "things",
        "files",
        "__printing_press_invalid__"
      ],
      "status": "pass",
      "exit_code": 5,
      "output_sample": "Error: GET https://api.thingiverse.com/things/__printing_press_invalid__/files returned HTTP 500: {\"error\":\"ThingsAPI::getDownloadableThingById(): Argument #1 ($id) must be of type int, string given, called in \\/srv\\/www\\/thingiverse\\/api\\/v1\\/thingsapi.php on line 624\",\"code\":500}\n"
    },
    {
      "command": "things get",
      "kind": "help",
      "args": [
        "things",
        "get",
        "--help"
      ],
      "status": "pass",
      "output_sample": "Get a thing by ID\n\nUsage:\n  printgoat-pp-cli things get \u003cthing_id\u003e [flags]\n\nExamples:\n  printgoat-pp-cli things get 550e8400-e29b-41d4-a716-446655440000\n\nFlags:\n  -h, --help   help for get\n\nGlobal Flags:\n      --agent                   Set all agent-friendly defaults (--json --compact --no-input --no-color --yes)\n      --allow-partial-failure   Downgrade response-body partial-failure (e.g. partialFailureError) to a warning instead of a non-zero exit\n      --compact                 Return only key fields (id, name, status, timestamps) for minimal token usage\n      --config string           Config file path\n      --csv                     Output as CSV (table and array responses)\n      --data-source string      Data source for read commands: auto (live with local fallback), live (API only), local (synced data only) (default \"auto\")\n      --deliver string          Route output to a sink: stdout (default), file:\u003cpath\u003e, webhook:\u003curl\u003e\n      --dry-run                 Show request without sending\n      --home string             Root directory for config, data, state, and cache files\n      --human-friendly          Enable colored output and rich formatting\n      --insecure                Skip TLS certificate verification\n      --json                    Output as JSON\n      --max-age duration        Maximum acceptable age of local-store data before a stderr hint suggests sync; 0 disables (default 30m0s)\n      --no-cache                Bypass response cache\n      --no-color                Disable colored output\n      --no-input                Disable all interactive prompts (for CI/agents)\n      --no-learn                Disable the teach/recall learning loop for this invocation\n      --plain                   Output as plain tab-separated text\n      --profile string          Apply values from a saved profile (see 'printgoat-pp-cli profile list')\n      --quiet                   Bare output, one value per line\n      --rate-limit float        Max requests per second (0 to disable)\n      --select string           Comma-separated fields to include in output (e.g. --select id,name,status)\n      --timeout duration        Request timeout (default 1m0s)\n      --yes                     Skip confirmation prompts (for agents and scripts)\n"
    },
    {
      "command": "things get",
      "kind": "happy_path",
      "args": null,
      "status": "skip",
      "reason": "blocked-fixture: required API parameter"
    },
    {
      "command": "things get",
      "kind": "json_fidelity",
      "args": null,
      "status": "skip",
      "reason": "blocked-fixture: required API parameter"
    },
    {
      "command": "things get",
      "kind": "error_path",
      "args": [
        "things",
        "get",
        "__printing_press_invalid__"
      ],
      "status": "pass",
      "exit_code": 3,
      "output_sample": "Error: GET https://api.thingiverse.com/things/__printing_press_invalid__ returned HTTP 404: {\"error\":\"Thing __printing_press_invalid__ does not exist\"}\nhint: resource not found. Run the 'list' command to see available items\n"
    },
    {
      "command": "things images",
      "kind": "help",
      "args": [
        "things",
        "images",
        "--help"
      ],
      "status": "pass",
      "output_sample": "List images for a thing\n\nUsage:\n  printgoat-pp-cli things images \u003cthing_id\u003e [flags]\n\nExamples:\n  printgoat-pp-cli things images 550e8400-e29b-41d4-a716-446655440000\n\nFlags:\n  -h, --help   help for images\n\nGlobal Flags:\n      --agent                   Set all agent-friendly defaults (--json --compact --no-input --no-color --yes)\n      --allow-partial-failure   Downgrade response-body partial-failure (e.g. partialFailureError) to a warning instead of a non-zero exit\n      --compact                 Return only key fields (id, name, status, timestamps) for minimal token usage\n      --config string           Config file path\n      --csv                     Output as CSV (table and array responses)\n      --data-source string      Data source for read commands: auto (live with local fallback), live (API only), local (synced data only) (default \"auto\")\n      --deliver string          Route output to a sink: stdout (default), file:\u003cpath\u003e, webhook:\u003curl\u003e\n      --dry-run                 Show request without sending\n      --home string             Root directory for config, data, state, and cache files\n      --human-friendly          Enable colored output and rich formatting\n      --insecure                Skip TLS certificate verification\n      --json                    Output as JSON\n      --max-age duration        Maximum acceptable age of local-store data before a stderr hint suggests sync; 0 disables (default 30m0s)\n      --no-cache                Bypass response cache\n      --no-color                Disable colored output\n      --no-input                Disable all interactive prompts (for CI/agents)\n      --no-learn                Disable the teach/recall learning loop for this invocation\n      --plain                   Output as plain tab-separated text\n      --profile string          Apply values from a saved profile (see 'printgoat-pp-cli profile list')\n      --quiet                   Bare output, one value per line\n      --rate-limit float        Max requests per second (0 to disable)\n      --select string           Comma-separated fields to include in output (e.g. --select id,name,status)\n      --timeout duration        Request timeout (default 1m0s)\n      --yes                     Skip confirmation prompts (for agents and scripts)\n"
    },
    {
      "command": "things images",
      "kind": "happy_path",
      "args": null,
      "status": "skip",
      "reason": "blocked-fixture: required API parameter"
    },
    {
      "command": "things images",
      "kind": "json_fidelity",
      "args": null,
      "status": "skip",
      "reason": "blocked-fixture: required API parameter"
    },
    {
      "command": "things images",
      "kind": "error_path",
      "args": [
        "things",
        "images",
        "__printing_press_invalid__"
      ],
      "status": "pass",
      "exit_code": 5,
      "output_sample": "Error: GET https://api.thingiverse.com/things/__printing_press_invalid__/images returned HTTP 500: {\"error\":\"ThingsAPI::getDownloadableThingById(): Argument #1 ($id) must be of type int, string given, called in \\/srv\\/www\\/thingiverse\\/api\\/v1\\/thingsapi.php on line 476\",\"code\":500}\n"
    },
    {
      "command": "things tags",
      "kind": "help",
      "args": [
        "things",
        "tags",
        "--help"
      ],
      "status": "pass",
      "output_sample": "List tags for a thing\n\nUsage:\n  printgoat-pp-cli things tags \u003cthing_id\u003e [flags]\n\nExamples:\n  printgoat-pp-cli things tags 550e8400-e29b-41d4-a716-446655440000\n\nFlags:\n  -h, --help   help for tags\n\nGlobal Flags:\n      --agent                   Set all agent-friendly defaults (--json --compact --no-input --no-color --yes)\n      --allow-partial-failure   Downgrade response-body partial-failure (e.g. partialFailureError) to a warning instead of a non-zero exit\n      --compact                 Return only key fields (id, name, status, timestamps) for minimal token usage\n      --config string           Config file path\n      --csv                     Output as CSV (table and array responses)\n      --data-source string      Data source for read commands: auto (live with local fallback), live (API only), local (synced data only) (default \"auto\")\n      --deliver string          Route output to a sink: stdout (default), file:\u003cpath\u003e, webhook:\u003curl\u003e\n      --dry-run                 Show request without sending\n      --home string             Root directory for config, data, state, and cache files\n      --human-friendly          Enable colored output and rich formatting\n      --insecure                Skip TLS certificate verification\n      --json                    Output as JSON\n      --max-age duration        Maximum acceptable age of local-store data before a stderr hint suggests sync; 0 disables (default 30m0s)\n      --no-cache                Bypass response cache\n      --no-color                Disable colored output\n      --no-input                Disable all interactive prompts (for CI/agents)\n      --no-learn                Disable the teach/recall learning loop for this invocation\n      --plain                   Output as plain tab-separated text\n      --profile string          Apply values from a saved profile (see 'printgoat-pp-cli profile list')\n      --quiet                   Bare output, one value per line\n      --rate-limit float        Max requests per second (0 to disable)\n      --select string           Comma-separated fields to include in output (e.g. --select id,name,status)\n      --timeout duration        Request timeout (default 1m0s)\n      --yes                     Skip confirmation prompts (for agents and scripts)\n"
    },
    {
      "command": "things tags",
      "kind": "happy_path",
      "args": null,
      "status": "skip",
      "reason": "blocked-fixture: required API parameter"
    },
    {
      "command": "things tags",
      "kind": "json_fidelity",
      "args": null,
      "status": "skip",
      "reason": "blocked-fixture: required API parameter"
    },
    {
      "command": "things tags",
      "kind": "error_path",
      "args": [
        "things",
        "tags",
        "__printing_press_invalid__"
      ],
      "status": "pass",
      "exit_code": 5,
      "output_sample": "Error: GET https://api.thingiverse.com/things/__printing_press_invalid__/tags returned HTTP 500: {\"error\":\"ThingsAPI::getDownloadableThingById(): Argument #1 ($id) must be of type int, string given, called in \\/srv\\/www\\/thingiverse\\/api\\/v1\\/thingsapi.php on line 809\",\"code\":500}\n"
    },
    {
      "command": "users collections",
      "kind": "help",
      "args": [
        "users",
        "collections",
        "--help"
      ],
      "status": "pass",
      "output_sample": "List a user's collections\n\nUsage:\n  printgoat-pp-cli users collections \u003cusername\u003e [flags]\n\nExamples:\n  printgoat-pp-cli users collections example-resource\n\nFlags:\n  -h, --help   help for collections\n\nGlobal Flags:\n      --agent                   Set all agent-friendly defaults (--json --compact --no-input --no-color --yes)\n      --allow-partial-failure   Downgrade response-body partial-failure (e.g. partialFailureError) to a warning instead of a non-zero exit\n      --compact                 Return only key fields (id, name, status, timestamps) for minimal token usage\n      --config string           Config file path\n      --csv                     Output as CSV (table and array responses)\n      --data-source string      Data source for read commands: auto (live with local fallback), live (API only), local (synced data only) (default \"auto\")\n      --deliver string          Route output to a sink: stdout (default), file:\u003cpath\u003e, webhook:\u003curl\u003e\n      --dry-run                 Show request without sending\n      --home string             Root directory for config, data, state, and cache files\n      --human-friendly          Enable colored output and rich formatting\n      --insecure                Skip TLS certificate verification\n      --json                    Output as JSON\n      --max-age duration        Maximum acceptable age of local-store data before a stderr hint suggests sync; 0 disables (default 30m0s)\n      --no-cache                Bypass response cache\n      --no-color                Disable colored output\n      --no-input                Disable all interactive prompts (for CI/agents)\n      --no-learn                Disable the teach/recall learning loop for this invocation\n      --plain                   Output as plain tab-separated text\n      --profile string          Apply values from a saved profile (see 'printgoat-pp-cli profile list')\n      --quiet                   Bare output, one value per line\n      --rate-limit float        Max requests per second (0 to disable)\n      --select string           Comma-separated fields to include in output (e.g. --select id,name,status)\n      --timeout duration        Request timeout (default 1m0s)\n      --yes                     Skip confirmation prompts (for agents and scripts)\n"
    },
    {
      "command": "users collections",
      "kind": "happy_path",
      "args": null,
      "status": "skip",
      "reason": "non-id positional \"username\" at depth 0"
    },
    {
      "command": "users collections",
      "kind": "json_fidelity",
      "args": null,
      "status": "skip",
      "reason": "non-id positional \"username\" at depth 0"
    },
    {
      "command": "users collections",
      "kind": "error_path",
      "args": [
        "users",
        "collections",
        "__printing_press_invalid__"
      ],
      "status": "pass",
      "exit_code": 3,
      "output_sample": "Error: GET https://api.thingiverse.com/users/__printing_press_invalid__/collections returned HTTP 404: {\"error\":\"\"}\nhint: resource not found. Run the 'list' command to see available items\n"
    },
    {
      "command": "users get",
      "kind": "help",
      "args": [
        "users",
        "get",
        "--help"
      ],
      "status": "pass",
      "output_sample": "Get a user's public profile\n\nUsage:\n  printgoat-pp-cli users get \u003cusername\u003e [flags]\n\nExamples:\n  printgoat-pp-cli users get example-resource\n\nFlags:\n  -h, --help   help for get\n\nGlobal Flags:\n      --agent                   Set all agent-friendly defaults (--json --compact --no-input --no-color --yes)\n      --allow-partial-failure   Downgrade response-body partial-failure (e.g. partialFailureError) to a warning instead of a non-zero exit\n      --compact                 Return only key fields (id, name, status, timestamps) for minimal token usage\n      --config string           Config file path\n      --csv                     Output as CSV (table and array responses)\n      --data-source string      Data source for read commands: auto (live with local fallback), live (API only), local (synced data only) (default \"auto\")\n      --deliver string          Route output to a sink: stdout (default), file:\u003cpath\u003e, webhook:\u003curl\u003e\n      --dry-run                 Show request without sending\n      --home string             Root directory for config, data, state, and cache files\n      --human-friendly          Enable colored output and rich formatting\n      --insecure                Skip TLS certificate verification\n      --json                    Output as JSON\n      --max-age duration        Maximum acceptable age of local-store data before a stderr hint suggests sync; 0 disables (default 30m0s)\n      --no-cache                Bypass response cache\n      --no-color                Disable colored output\n      --no-input                Disable all interactive prompts (for CI/agents)\n      --no-learn                Disable the teach/recall learning loop for this invocation\n      --plain                   Output as plain tab-separated text\n      --profile string          Apply values from a saved profile (see 'printgoat-pp-cli profile list')\n      --quiet                   Bare output, one value per line\n      --rate-limit float        Max requests per second (0 to disable)\n      --select string           Comma-separated fields to include in output (e.g. --select id,name,status)\n      --timeout duration        Request timeout (default 1m0s)\n      --yes                     Skip confirmation prompts (for agents and scripts)\n"
    },
    {
      "command": "users get",
      "kind": "happy_path",
      "args": null,
      "status": "skip",
      "reason": "non-id positional \"username\" at depth 0"
    },
    {
      "command": "users get",
      "kind": "json_fidelity",
      "args": null,
      "status": "skip",
      "reason": "non-id positional \"username\" at depth 0"
    },
    {
      "command": "users get",
      "kind": "error_path",
      "args": [
        "users",
        "get",
        "__printing_press_invalid__"
      ],
      "status": "pass",
      "exit_code": 3,
      "output_sample": "Error: GET https://api.thingiverse.com/users/__printing_press_invalid__ returned HTTP 404: {\"error\":\"\"}\nhint: resource not found. Run the 'list' command to see available items\n"
    },
    {
      "command": "users things",
      "kind": "help",
      "args": [
        "users",
        "things",
        "--help"
      ],
      "status": "pass",
      "output_sample": "List a user's published things\n\nUsage:\n  printgoat-pp-cli users things \u003cusername\u003e [flags]\n\nExamples:\n  printgoat-pp-cli users things example-resource\n\nFlags:\n  -h, --help   help for things\n\nGlobal Flags:\n      --agent                   Set all agent-friendly defaults (--json --compact --no-input --no-color --yes)\n      --allow-partial-failure   Downgrade response-body partial-failure (e.g. partialFailureError) to a warning instead of a non-zero exit\n      --compact                 Return only key fields (id, name, status, timestamps) for minimal token usage\n      --config string           Config file path\n      --csv                     Output as CSV (table and array responses)\n      --data-source string      Data source for read commands: auto (live with local fallback), live (API only), local (synced data only) (default \"auto\")\n      --deliver string          Route output to a sink: stdout (default), file:\u003cpath\u003e, webhook:\u003curl\u003e\n      --dry-run                 Show request without sending\n      --home string             Root directory for config, data, state, and cache files\n      --human-friendly          Enable colored output and rich formatting\n      --insecure                Skip TLS certificate verification\n      --json                    Output as JSON\n      --max-age duration        Maximum acceptable age of local-store data before a stderr hint suggests sync; 0 disables (default 30m0s)\n      --no-cache                Bypass response cache\n      --no-color                Disable colored output\n      --no-input                Disable all interactive prompts (for CI/agents)\n      --no-learn                Disable the teach/recall learning loop for this invocation\n      --plain                   Output as plain tab-separated text\n      --profile string          Apply values from a saved profile (see 'printgoat-pp-cli profile list')\n      --quiet                   Bare output, one value per line\n      --rate-limit float        Max requests per second (0 to disable)\n      --select string           Comma-separated fields to include in output (e.g. --select id,name,status)\n      --timeout duration        Request timeout (default 1m0s)\n      --yes                     Skip confirmation prompts (for agents and scripts)\n"
    },
    {
      "command": "users things",
      "kind": "happy_path",
      "args": null,
      "status": "skip",
      "reason": "non-id positional \"username\" at depth 0"
    },
    {
      "command": "users things",
      "kind": "json_fidelity",
      "args": null,
      "status": "skip",
      "reason": "non-id positional \"username\" at depth 0"
    },
    {
      "command": "users things",
      "kind": "error_path",
      "args": [
        "users",
        "things",
        "__printing_press_invalid__"
      ],
      "status": "pass",
      "exit_code": 3,
      "output_sample": "Error: GET https://api.thingiverse.com/users/__printing_press_invalid__/things returned HTTP 404: {\"error\":\"\"}\nhint: resource not found. Run the 'list' command to see available items\n"
    },
    {
      "command": "which",
      "kind": "help",
      "args": [
        "which",
        "--help"
      ],
      "status": "pass",
      "output_sample": "which resolves a natural-language capability query (for example, \"search messages\" or \"stale tickets\") to the best matching command from this CLI's curated feature index.\n\nExit codes:\n  0  at least one match found\n  2  no confident match - the query did not score against any indexed capability; fall back to '--help' or 'search' if this CLI has one\n\nUsage:\n  printgoat-pp-cli which [query] [flags]\n\nExamples:\n  printgoat-pp-cli which \"stale tickets\"\n  printgoat-pp-cli which \"bottleneck\"\n  printgoat-pp-cli which --limit 1 \"send message\"\n  printgoat-pp-cli which                                # list the full capability index\n\nFlags:\n  -h, --help        help for which\n      --limit int   Maximum number of matches to return (default 3)\n\nGlobal Flags:\n      --agent                   Set all agent-friendly defaults (--json --compact --no-input --no-color --yes)\n      --allow-partial-failure   Downgrade response-body partial-failure (e.g. partialFailureError) to a warning instead of a non-zero exit\n      --compact                 Return only key fields (id, name, status, timestamps) for minimal token usage\n      --config string           Config file path\n      --csv                     Output as CSV (table and array responses)\n      --data-source string      Data source for read commands: auto (live with local fallback), live (API only), local (synced data only) (default \"auto\")\n      --deliver string          Route output to a sink: stdout (default), file:\u003cpath\u003e, webhook:\u003curl\u003e\n      --dry-run                 Show request without sending\n      --home string             Root directory for config, data, state, and cache files\n      --human-friendly          Enable colored output and rich formatting\n      --insecure                Skip TLS certificate verification\n      --json                    Output as JSON\n      --max-age duration        Maximum acceptable age of local-store data before a stderr hint suggests sync; 0 disables (default 30m0s)\n      --no-cache                Bypass response cache\n      --no-color                Disable colored output\n      --no-input                Disable all interactive prompts (for CI/agents)\n      --no-learn                Disable the teach/recall learning loop for this invocation\n      --plain                   Output as plain tab-separated text\n      --profile string          Apply values from a saved profile (see 'printgoat-pp-cli profile list')\n      --quiet                   Bare output, one value per line\n      --rate-limit float        Max requests per second (0 to disable)\n      --select string           Comma-separated fields to include in output (e.g. --select id,name,status)\n      --timeout duration        Request timeout (default 1m0s)\n      --yes                     Skip confirmation prompts (for agents and scripts)\n"
    },
    {
      "command": "which",
      "kind": "happy_path",
      "args": null,
      "status": "skip",
      "reason": "command path [which] has fewer segments than placeholders (1)"
    },
    {
      "command": "which",
      "kind": "json_fidelity",
      "args": null,
      "status": "skip",
      "reason": "command path [which] has fewer segments than placeholders (1)"
    },
    {
      "command": "which",
      "kind": "error_path",
      "args": [
        "which",
        "__printing_press_invalid__",
        "--json"
      ],
      "status": "pass",
      "output_sample": "{\n  \"matches\": []\n}\n"
    },
    {
      "command": "workflow archive",
      "kind": "help",
      "args": [
        "workflow",
        "archive",
        "--help"
      ],
      "status": "pass",
      "output_sample": "Archive fetches all syncable resources from the API and stores them in a\nlocal SQLite database. Supports incremental sync (only new data since last run)\nand full resync. After archiving, use 'search' for instant full-text search.\n\nUsage:\n  printgoat-pp-cli workflow archive [flags]\n\nExamples:\n  # Archive all resources\n  printgoat-pp-cli workflow archive\n\n  # Full re-archive (ignore previous sync state)\n  printgoat-pp-cli workflow archive --full\n\nFlags:\n      --db string   SQLite database file path (default: resolved data directory data.db)\n      --full        Full re-archive (ignore previous sync state)\n  -h, --help        help for archive\n\nGlobal Flags:\n      --agent                   Set all agent-friendly defaults (--json --compact --no-input --no-color --yes)\n      --allow-partial-failure   Downgrade response-body partial-failure (e.g. partialFailureError) to a warning instead of a non-zero exit\n      --compact                 Return only key fields (id, name, status, timestamps) for minimal token usage\n      --config string           Config file path\n      --csv                     Output as CSV (table and array responses)\n      --data-source string      Data source for read commands: auto (live with local fallback), live (API only), local (synced data only) (default \"auto\")\n      --deliver string          Route output to a sink: stdout (default), file:\u003cpath\u003e, webhook:\u003curl\u003e\n      --dry-run                 Show request without sending\n      --home string             Root directory for config, data, state, and cache files\n      --human-friendly          Enable colored output and rich formatting\n      --insecure                Skip TLS certificate verification\n      --json                    Output as JSON\n      --max-age duration        Maximum acceptable age of local-store data before a stderr hint suggests sync; 0 disables (default 30m0s)\n      --no-cache                Bypass response cache\n      --no-color                Disable colored output\n      --no-input                Disable all interactive prompts (for CI/agents)\n      --no-learn                Disable the teach/recall learning loop for this invocation\n      --plain                   Output as plain tab-separated text\n      --profile string          Apply values from a saved profile (see 'printgoat-pp-cli profile list')\n      --quiet                   Bare output, one value per line\n      --rate-limit float        Max requests per second (0 to disable)\n      --select string           Comma-separated fields to include in output (e.g. --select id,name,status)\n      --timeout duration        Request timeout (default 1m0s)\n      --yes                     Skip confirmation prompts (for agents and scripts)\n"
    },
    {
      "command": "workflow archive",
      "kind": "happy_path",
      "args": [
        "workflow",
        "archive"
      ],
      "status": "pass",
      "output_sample": "{\"event\":\"sync_start\",\"resource\":\"categories\"}\n{\"event\":\"sync_warning\",\"resource\":\"categories\",\"reason\":\"resource_not_incremental\",\"message\":\"endpoint does not declare a temporal filter parameter; incremental sync has no effect for this resource\"}\n{\"event\":\"sync_progress\",\"resource\":\"categories\",\"fetched\":10}\n{\"event\":\"sync_complete\",\"resource\":\"categories\",\"total\":10,\"duration_ms\":85}\nArchived 10 items across 1 resources to /var/folders/nn/7vxcyd6j6h75rp1zxxg71q78001_l1/T/printing-press-subprocess-4055591237/.local/share/printgoat-pp-cli/data.db\n  categories: 10 synced\n"
    },
    {
      "command": "workflow archive",
      "kind": "json_fidelity",
      "args": [
        "workflow",
        "archive",
        "--json"
      ],
      "status": "pass",
      "output_sample": "{\n  \"resources_synced\": 1,\n  \"store_path\": \"/var/folders/nn/7vxcyd6j6h75rp1zxxg71q78001_l1/T/printing-press-subprocess-4055591237/.local/share/printgoat-pp-cli/data.db\",\n  \"timestamp\": \"2026-07-21T18:07:08Z\",\n  \"total_items\": 10\n}\n{\"event\":\"sync_start\",\"resource\":\"categories\"}\n{\"event\":\"sync_warning\",\"resource\":\"categories\",\"reason\":\"resource_not_incremental\",\"message\":\"endpoint does not declare a temporal filter parameter; incremental sync has no effect for this resource\"}\n{\"event\":\"sync_progress\",\"resource\":\"categories\",\"fetched\":10}\n{\"event\":\"sync_complete\",\"resource\":\"categories\",\"total\":10,\"duration_ms\":80}\n  categories: 10 synced\n"
    },
    {
      "command": "workflow archive",
      "kind": "error_path",
      "args": null,
      "status": "skip",
      "reason": "no positional argument"
    },
    {
      "command": "workflow status",
      "kind": "help",
      "args": [
        "workflow",
        "status",
        "--help"
      ],
      "status": "pass",
      "output_sample": "Show local archive status and sync state for all resources\n\nUsage:\n  printgoat-pp-cli workflow status [flags]\n\nExamples:\n  # Show archive status\n  printgoat-pp-cli workflow status\n\n  # Show status as JSON\n  printgoat-pp-cli workflow status --json\n\nFlags:\n      --db string   SQLite database file path (default: resolved data directory data.db)\n  -h, --help        help for status\n\nGlobal Flags:\n      --agent                   Set all agent-friendly defaults (--json --compact --no-input --no-color --yes)\n      --allow-partial-failure   Downgrade response-body partial-failure (e.g. partialFailureError) to a warning instead of a non-zero exit\n      --compact                 Return only key fields (id, name, status, timestamps) for minimal token usage\n      --config string           Config file path\n      --csv                     Output as CSV (table and array responses)\n      --data-source string      Data source for read commands: auto (live with local fallback), live (API only), local (synced data only) (default \"auto\")\n      --deliver string          Route output to a sink: stdout (default), file:\u003cpath\u003e, webhook:\u003curl\u003e\n      --dry-run                 Show request without sending\n      --home string             Root directory for config, data, state, and cache files\n      --human-friendly          Enable colored output and rich formatting\n      --insecure                Skip TLS certificate verification\n      --json                    Output as JSON\n      --max-age duration        Maximum acceptable age of local-store data before a stderr hint suggests sync; 0 disables (default 30m0s)\n      --no-cache                Bypass response cache\n      --no-color                Disable colored output\n      --no-input                Disable all interactive prompts (for CI/agents)\n      --no-learn                Disable the teach/recall learning loop for this invocation\n      --plain                   Output as plain tab-separated text\n      --profile string          Apply values from a saved profile (see 'printgoat-pp-cli profile list')\n      --quiet                   Bare output, one value per line\n      --rate-limit float        Max requests per second (0 to disable)\n      --select string           Comma-separated fields to include in output (e.g. --select id,name,status)\n      --timeout duration        Request timeout (default 1m0s)\n      --yes                     Skip confirmation prompts (for agents and scripts)\n"
    },
    {
      "command": "workflow status",
      "kind": "happy_path",
      "args": [
        "workflow",
        "status"
      ],
      "status": "pass",
      "output_sample": "Archive Status:\n  categories                     10 items\n\n  Total: 10 items\n  Store: /var/folders/nn/7vxcyd6j6h75rp1zxxg71q78001_l1/T/printing-press-subprocess-4055591237/.local/share/printgoat-pp-cli/data.db\n"
    },
    {
      "command": "workflow status",
      "kind": "json_fidelity",
      "args": [
        "workflow",
        "status",
        "--json"
      ],
      "status": "pass",
      "output_sample": "{\n  \"categories\": 10\n}\n"
    },
    {
      "command": "workflow status",
      "kind": "error_path",
      "args": null,
      "status": "skip",
      "reason": "no positional argument"
    }
  ],
  "ran_at": "2026-07-21T18:06:49.406202Z"
}
