{
  "dir": "/Users/bust3r/printing-press/.runstate/personal-dadcaade/runs/20260627-060401-7471d49d/working/hostex-pp-cli",
  "binary": "/Users/bust3r/printing-press/.runstate/personal-dadcaade/runs/20260627-060401-7471d49d/working/hostex-pp-cli/build/stage/bin/hostex-pp-cli",
  "level": "full",
  "verdict": "FAIL",
  "matrix_size": 251,
  "passed": 238,
  "failed": 13,
  "skipped": 257,
  "commands": [
    "analytics",
    "api",
    "automation delete-action",
    "automation execute-action",
    "automation query-actions",
    "automation-preview",
    "availabilities query",
    "availabilities update",
    "calendar-share-links create",
    "calendar-share-links delete",
    "calendar-share-links query",
    "channel-accounts",
    "conversations get-details",
    "conversations note update-conversation",
    "conversations preapprovals send",
    "conversations query",
    "conversations send-message",
    "conversations special-offers get",
    "conversations special-offers send",
    "conversations special-offers withdraw",
    "custom-channels",
    "doctor",
    "expense-items",
    "expense-methods",
    "export",
    "feedback list",
    "groups create",
    "groups delete",
    "groups query",
    "groups update",
    "import",
    "inbox-sla",
    "income-items",
    "income-methods",
    "jobs get",
    "jobs list",
    "jobs prune",
    "knowledge-bases create",
    "knowledge-bases delete",
    "knowledge-bases get",
    "knowledge-bases query",
    "knowledge-bases update",
    "listings get-airbnb-price-and-rules",
    "listings get-vrbo-price-and-rules",
    "listings query",
    "listings query-calendars",
    "listings update-airbnb-price-and-rules",
    "listings update-inventories",
    "listings update-prices",
    "listings update-restrictions",
    "listings update-vrbo-price-and-rules",
    "oauth obtain-token",
    "oauth revoke-token",
    "ops-gaps",
    "oversell-watch",
    "price-parity",
    "pricing-ratios",
    "profile delete",
    "profile list",
    "profile save",
    "profile show",
    "profile use",
    "properties create-property",
    "properties query",
    "reservation-tags create",
    "reservation-tags delete",
    "reservation-tags query",
    "reservations allocate reservation",
    "reservations approve reservation",
    "reservations cancel",
    "reservations check-in-details update",
    "reservations create",
    "reservations custom-fields query",
    "reservations custom-fields update",
    "reservations decline reservation",
    "reservations move-to-box move-reservation-to-box",
    "reservations query",
    "reservations stay-status update",
    "reservations tags add",
    "reservations tags remove",
    "reservations update-basic-info",
    "revenue-rollup",
    "reviews create",
    "reviews query",
    "room-types create",
    "room-types query",
    "search",
    "staffs create",
    "staffs delete",
    "staffs query",
    "staffs update",
    "stay-brief",
    "sync",
    "tags create",
    "tags delete",
    "tags query",
    "tags update",
    "tail",
    "tasks create",
    "tasks delete",
    "tasks query",
    "tasks update",
    "transactions create",
    "transactions delete",
    "transactions query",
    "transactions update",
    "webhooks create",
    "webhooks delete",
    "webhooks query",
    "webhooks update",
    "which",
    "workflow archive",
    "workflow status"
  ],
  "tests": [
    {
      "command": "analytics",
      "kind": "help",
      "args": [
        "analytics",
        "--help"
      ],
      "status": "pass",
      "output_sample": "Analyze locally synced data with count, group-by, and summary operations.\nData must be synced first with the sync command.\n\nUsage:\n  hostex-pp-cli analytics [flags]\n\nExamples:\n  # Count records by type\n  hostex-pp-cli analytics --type messages\n\n  # Group by a field\n  hostex-pp-cli analytics --type messages --group-by author_id\n\n  # Top 10 most frequent values\n  hostex-pp-cli analytics --type messages --group-by channel_id --limit 10 --json\n\nFlags:\n      --db string         SQLite database file path (default: resolved data directory data.db)\n      --group-by string   Field to group by\n  -h, --help              help for analytics\n      --limit int         Max groups to show (default 25)\n      --type string       Resource type to analyze\n\nGlobal Flags:\n      --agent                   Set all agent-friendly defaults (--json --compact --no-input --no-color --yes)\n      --allow-partial-failure   Downgrade response-body partial-failure (e.g. partialFailureError) to a warning instead of a non-zero exit\n      --compact                 Return only key fields (id, name, status, timestamps) for minimal token usage\n      --config string           Config file path\n      --csv                     Output as CSV (table and array responses)\n      --data-source string      Data source for read commands: auto (live with local fallback), live (API only), local (synced data only) (default \"auto\")\n      --deliver string          Route output to a sink: stdout (default), file:\u003cpath\u003e, webhook:\u003curl\u003e\n      --dry-run                 Show request without sending\n      --home string             Root directory for config, data, state, and cache files\n      --human-friendly          Enable colored output and rich formatting\n      --idempotent              Treat already-existing create results as a successful no-op\n      --ignore-missing          Treat missing delete targets as a successful no-op\n      --json                    Output as JSON\n      --max-age duration        Maximum acceptable age of local-store data before a stderr hint suggests sync; 0 disables (default 30m0s)\n      --no-cache                Bypass response cache\n      --no-color                Disable colored output\n      --no-input                Disable all interactive prompts (for CI/agents)\n      --plain                   Output as plain tab-separated text\n      --profile string          Apply values from a saved profile (see 'hostex-pp-cli profile list')\n      --quiet                   Bare output, one value per line\n      --rate-limit float        Max requests per second (0 to disable)\n      --select string           Comma-separated fields to include in output (e.g. --select id,name,status)\n      --timeout duration        Request timeout (default 1m0s)\n      --yes                     Skip confirmation prompts (for agents and scripts)\n"
    },
    {
      "command": "analytics",
      "kind": "happy_path",
      "args": [
        "analytics",
        "--type",
        "messages"
      ],
      "status": "pass",
      "output_sample": "messages: 0 records\nhint: local store has not been synced yet. Run 'hostex-pp-cli sync' before trusting local results.\n"
    },
    {
      "command": "analytics",
      "kind": "json_fidelity",
      "args": [
        "analytics",
        "--type",
        "messages",
        "--json"
      ],
      "status": "pass",
      "output_sample": "{\n  \"count\": 0,\n  \"resource_type\": \"messages\"\n}\nhint: local store has not been synced yet. Run 'hostex-pp-cli sync' before trusting local results.\n"
    },
    {
      "command": "analytics",
      "kind": "error_path",
      "args": null,
      "status": "skip",
      "reason": "no positional argument"
    },
    {
      "command": "api",
      "kind": "help",
      "args": [
        "api",
        "--help"
      ],
      "status": "pass",
      "output_sample": "Browse and call any API endpoint using the raw interface names.\n\nThe friendly top-level commands cover the most common operations.\nThis command provides access to ALL endpoints for power users and\nagents that need full API coverage.\n\nRun 'api' with no arguments to list all interfaces.\nRun 'api \u003cinterface\u003e' to see that interface's methods.\n\nUsage:\n  hostex-pp-cli api [interface] [flags]\n\nExamples:\n  # List all available interfaces\n  hostex-pp-cli api\n\n  # Show methods for a specific interface\n  hostex-pp-cli api \u003cinterface-name\u003e\n\nFlags:\n  -h, --help   help for api\n\nGlobal Flags:\n      --agent                   Set all agent-friendly defaults (--json --compact --no-input --no-color --yes)\n      --allow-partial-failure   Downgrade response-body partial-failure (e.g. partialFailureError) to a warning instead of a non-zero exit\n      --compact                 Return only key fields (id, name, status, timestamps) for minimal token usage\n      --config string           Config file path\n      --csv                     Output as CSV (table and array responses)\n      --data-source string      Data source for read commands: auto (live with local fallback), live (API only), local (synced data only) (default \"auto\")\n      --deliver string          Route output to a sink: stdout (default), file:\u003cpath\u003e, webhook:\u003curl\u003e\n      --dry-run                 Show request without sending\n      --home string             Root directory for config, data, state, and cache files\n      --human-friendly          Enable colored output and rich formatting\n      --idempotent              Treat already-existing create results as a successful no-op\n      --ignore-missing          Treat missing delete targets as a successful no-op\n      --json                    Output as JSON\n      --max-age duration        Maximum acceptable age of local-store data before a stderr hint suggests sync; 0 disables (default 30m0s)\n      --no-cache                Bypass response cache\n      --no-color                Disable colored output\n      --no-input                Disable all interactive prompts (for CI/agents)\n      --plain                   Output as plain tab-separated text\n      --profile string          Apply values from a saved profile (see 'hostex-pp-cli profile list')\n      --quiet                   Bare output, one value per line\n      --rate-limit float        Max requests per second (0 to disable)\n      --select string           Comma-separated fields to include in output (e.g. --select id,name,status)\n      --timeout duration        Request timeout (default 1m0s)\n      --yes                     Skip confirmation prompts (for agents and scripts)\n"
    },
    {
      "command": "api",
      "kind": "happy_path",
      "args": null,
      "status": "skip",
      "reason": "command path [api] has fewer segments than placeholders (1)"
    },
    {
      "command": "api",
      "kind": "json_fidelity",
      "args": null,
      "status": "skip",
      "reason": "command path [api] has fewer segments than placeholders (1)"
    },
    {
      "command": "api",
      "kind": "error_path",
      "args": [
        "api",
        "__printing_press_invalid__"
      ],
      "status": "pass",
      "exit_code": 1,
      "output_sample": "Error: interface \"__printing_press_invalid__\" not found. Run 'hostex-pp-cli api' to list all interfaces\n"
    },
    {
      "command": "automation delete-action",
      "kind": "help",
      "args": [
        "automation",
        "delete-action",
        "--help"
      ],
      "status": "pass",
      "output_sample": "Removes a **waiting** message or review automation plan without running it (same as deleting an upcoming action in the\n\nUsage:\n  hostex-pp-cli automation delete-action \u003cplan_id\u003e [flags]\n\nAliases:\n  delete-action, delete\n\nExamples:\n  hostex-pp-cli automation delete-action 550e8400-e29b-41d4-a716-446655440000\n\nFlags:\n  -h, --help   help for delete-action\n\nGlobal Flags:\n      --agent                   Set all agent-friendly defaults (--json --compact --no-input --no-color --yes)\n      --allow-partial-failure   Downgrade response-body partial-failure (e.g. partialFailureError) to a warning instead of a non-zero exit\n      --compact                 Return only key fields (id, name, status, timestamps) for minimal token usage\n      --config string           Config file path\n      --csv                     Output as CSV (table and array responses)\n      --data-source string      Data source for read commands: auto (live with local fallback), live (API only), local (synced data only) (default \"auto\")\n      --deliver string          Route output to a sink: stdout (default), file:\u003cpath\u003e, webhook:\u003curl\u003e\n      --dry-run                 Show request without sending\n      --home string             Root directory for config, data, state, and cache files\n      --human-friendly          Enable colored output and rich formatting\n      --idempotent              Treat already-existing create results as a successful no-op\n      --ignore-missing          Treat missing delete targets as a successful no-op\n      --json                    Output as JSON\n      --max-age duration        Maximum acceptable age of local-store data before a stderr hint suggests sync; 0 disables (default 30m0s)\n      --no-cache                Bypass response cache\n      --no-color                Disable colored output\n      --no-input                Disable all interactive prompts (for CI/agents)\n      --plain                   Output as plain tab-separated text\n      --profile string          Apply values from a saved profile (see 'hostex-pp-cli profile list')\n      --quiet                   Bare output, one value per line\n      --rate-limit float        Max requests per second (0 to disable)\n      --select string           Comma-separated fields to include in output (e.g. --select id,name,status)\n      --timeout duration        Request timeout (default 1m0s)\n      --yes                     Skip confirmation prompts (for agents and scripts)\n"
    },
    {
      "command": "automation delete-action",
      "kind": "happy_path",
      "args": null,
      "status": "skip",
      "reason": "blocked-fixture: required API parameter"
    },
    {
      "command": "automation delete-action",
      "kind": "json_fidelity",
      "args": null,
      "status": "skip",
      "reason": "blocked-fixture: required API parameter"
    },
    {
      "command": "automation delete-action",
      "kind": "error_path",
      "args": null,
      "status": "skip",
      "reason": "mutating command; error_path would call live API without --dry-run"
    },
    {
      "command": "automation delete-action",
      "kind": "error_path_real",
      "args": null,
      "status": "skip",
      "reason": "blocked-fixture: required API parameter"
    },
    {
      "command": "automation execute-action",
      "kind": "help",
      "args": [
        "automation",
        "execute-action",
        "--help"
      ],
      "status": "pass",
      "output_sample": "Dispatches a **waiting** message or review automation plan immediately (same behavior as executing an upcoming action\n\nUsage:\n  hostex-pp-cli automation execute-action \u003cplan_id\u003e [flags]\n\nAliases:\n  execute-action, create\n\nExamples:\n  hostex-pp-cli automation execute-action 550e8400-e29b-41d4-a716-446655440000\n\nFlags:\n  -h, --help    help for execute-action\n      --stdin   Read request body as JSON from stdin\n\nGlobal Flags:\n      --agent                   Set all agent-friendly defaults (--json --compact --no-input --no-color --yes)\n      --allow-partial-failure   Downgrade response-body partial-failure (e.g. partialFailureError) to a warning instead of a non-zero exit\n      --compact                 Return only key fields (id, name, status, timestamps) for minimal token usage\n      --config string           Config file path\n      --csv                     Output as CSV (table and array responses)\n      --data-source string      Data source for read commands: auto (live with local fallback), live (API only), local (synced data only) (default \"auto\")\n      --deliver string          Route output to a sink: stdout (default), file:\u003cpath\u003e, webhook:\u003curl\u003e\n      --dry-run                 Show request without sending\n      --home string             Root directory for config, data, state, and cache files\n      --human-friendly          Enable colored output and rich formatting\n      --idempotent              Treat already-existing create results as a successful no-op\n      --ignore-missing          Treat missing delete targets as a successful no-op\n      --json                    Output as JSON\n      --max-age duration        Maximum acceptable age of local-store data before a stderr hint suggests sync; 0 disables (default 30m0s)\n      --no-cache                Bypass response cache\n      --no-color                Disable colored output\n      --no-input                Disable all interactive prompts (for CI/agents)\n      --plain                   Output as plain tab-separated text\n      --profile string          Apply values from a saved profile (see 'hostex-pp-cli profile list')\n      --quiet                   Bare output, one value per line\n      --rate-limit float        Max requests per second (0 to disable)\n      --select string           Comma-separated fields to include in output (e.g. --select id,name,status)\n      --timeout duration        Request timeout (default 1m0s)\n      --yes                     Skip confirmation prompts (for agents and scripts)\n"
    },
    {
      "command": "automation execute-action",
      "kind": "happy_path",
      "args": null,
      "status": "skip",
      "reason": "blocked-fixture: required API parameter"
    },
    {
      "command": "automation execute-action",
      "kind": "json_fidelity",
      "args": null,
      "status": "skip",
      "reason": "blocked-fixture: required API parameter"
    },
    {
      "command": "automation execute-action",
      "kind": "error_path",
      "args": null,
      "status": "skip",
      "reason": "mutating command; error_path would call live API without --dry-run"
    },
    {
      "command": "automation execute-action",
      "kind": "error_path_real",
      "args": null,
      "status": "skip",
      "reason": "blocked-fixture: required API parameter"
    },
    {
      "command": "automation query-actions",
      "kind": "help",
      "args": [
        "automation",
        "query-actions",
        "--help"
      ],
      "status": "pass",
      "output_sample": "Returns scheduled automation **actions** that are waiting to run: either automated **messages** (`type=message`\n\nUsage:\n  hostex-pp-cli automation query-actions [flags]\n\nAliases:\n  query-actions, list\n\nExamples:\n  hostex-pp-cli automation query-actions --type message\n\nFlags:\n      --all                          Fetch all pages\n      --channel-types airbnb,agoda   Filter by channel types. Comma-separated channel names, e.g. airbnb,agoda.\n      --end-time string              Include only actions scheduled at or before this time (inclusive).\n  -h, --help                         help for query-actions\n      --keyword string               Optional text matched against the plan detail payload (same as the in-app keyword filter).\n      --limit int                    Maximum number of rows to return (1–100). Default: 20. (default 20)\n      --offset string                Zero-based index of the first row to return. Default: 0. (default \"0\")\n      --property-ids 1,2,3           Enter property IDs to search. Comma-separated integer IDs (e.g. 1,2,3) or a JSON array string (e.g. `[1,2,3]`).\n      --start-time string            Include only actions scheduled at or after this time (inclusive).\n      --stay-code string             The code of the stay.\n      --type message                 Kind of scheduled action: message for automated guest messages, `review` for scheduled host reviews. (one of: message, review)\n\nGlobal Flags:\n      --agent                   Set all agent-friendly defaults (--json --compact --no-input --no-color --yes)\n      --allow-partial-failure   Downgrade response-body partial-failure (e.g. partialFailureError) to a warning instead of a non-zero exit\n      --compact                 Return only key fields (id, name, status, timestamps) for minimal token usage\n      --config string           Config file path\n      --csv                     Output as CSV (table and array responses)\n      --data-source string      Data source for read commands: auto (live with local fallback), live (API only), local (synced data only) (default \"auto\")\n      --deliver string          Route output to a sink: stdout (default), file:\u003cpath\u003e, webhook:\u003curl\u003e\n      --dry-run                 Show request without sending\n      --home string             Root directory for config, data, state, and cache files\n      --human-friendly          Enable colored output and rich formatting\n      --idempotent              Treat already-existing create results as a successful no-op\n      --ignore-missing          Treat missing delete targets as a successful no-op\n      --json                    Output as JSON\n      --max-age duration        Maximum acceptable age of local-store data before a stderr hint suggests sync; 0 disables (default 30m0s)\n      --no-cache                Bypass response cache\n      --no-color                Disable colored output\n      --no-input                Disable all interactive prompts (for CI/agents)\n      --plain                   Output as plain tab-separated text\n      --profile string          Apply values from a saved profile (see 'hostex-pp-cli profile list')\n      --quiet                   Bare output, one value per line\n      --rate-limit float        Max requests per second (0 to disable)\n      --select string           Comma-separated fields to include in output (e.g. --select id,name,status)\n      --timeout duration        Request timeout (default 1m0s)\n      --yes                     Skip confirmation prompts (for agents and scripts)\n"
    },
    {
      "command": "automation query-actions",
      "kind": "happy_path",
      "args": [
        "automation",
        "query-actions",
        "--type",
        "message"
      ],
      "status": "fail",
      "exit_code": -1,
      "reason": "exit -1"
    },
    {
      "command": "automation query-actions",
      "kind": "json_fidelity",
      "args": [
        "automation",
        "query-actions",
        "--type",
        "message",
        "--json"
      ],
      "status": "fail",
      "exit_code": -1,
      "reason": "exit -1"
    },
    {
      "command": "automation query-actions",
      "kind": "error_path",
      "args": null,
      "status": "skip",
      "reason": "no positional argument"
    },
    {
      "command": "automation-preview",
      "kind": "help",
      "args": [
        "automation-preview",
        "--help"
      ],
      "status": "pass",
      "output_sample": "Lists locally synced pending automation actions (scheduled messages and\nreviews) and joins each to its stay's conversation so you can spot queued bot\nactions on threads that already saw recent activity before they fire.\n\nReads the local mirror; run `hostex-pp-cli sync --resources automation,reservations,conversations`\nfirst. To find slow human threads use `inbox-sla` instead.\n\nUsage:\n  hostex-pp-cli automation-preview [flags]\n\nExamples:\n  hostex-pp-cli automation-preview --day tomorrow --agent\n\nFlags:\n      --day string   Restrict to actions scheduled on 'today', 'tomorrow', or YYYY-MM-DD\n      --db string    Path to the local SQLite mirror (default: per-user data dir)\n  -h, --help         help for automation-preview\n\nGlobal Flags:\n      --agent                   Set all agent-friendly defaults (--json --compact --no-input --no-color --yes)\n      --allow-partial-failure   Downgrade response-body partial-failure (e.g. partialFailureError) to a warning instead of a non-zero exit\n      --compact                 Return only key fields (id, name, status, timestamps) for minimal token usage\n      --config string           Config file path\n      --csv                     Output as CSV (table and array responses)\n      --data-source string      Data source for read commands: auto (live with local fallback), live (API only), local (synced data only) (default \"auto\")\n      --deliver string          Route output to a sink: stdout (default), file:\u003cpath\u003e, webhook:\u003curl\u003e\n      --dry-run                 Show request without sending\n      --home string             Root directory for config, data, state, and cache files\n      --human-friendly          Enable colored output and rich formatting\n      --idempotent              Treat already-existing create results as a successful no-op\n      --ignore-missing          Treat missing delete targets as a successful no-op\n      --json                    Output as JSON\n      --max-age duration        Maximum acceptable age of local-store data before a stderr hint suggests sync; 0 disables (default 30m0s)\n      --no-cache                Bypass response cache\n      --no-color                Disable colored output\n      --no-input                Disable all interactive prompts (for CI/agents)\n      --plain                   Output as plain tab-separated text\n      --profile string          Apply values from a saved profile (see 'hostex-pp-cli profile list')\n      --quiet                   Bare output, one value per line\n      --rate-limit float        Max requests per second (0 to disable)\n      --select string           Comma-separated fields to include in output (e.g. --select id,name,status)\n      --timeout duration        Request timeout (default 1m0s)\n      --yes                     Skip confirmation prompts (for agents and scripts)\n"
    },
    {
      "command": "automation-preview",
      "kind": "happy_path",
      "args": [
        "automation-preview",
        "--day",
        "tomorrow",
        "--agent"
      ],
      "status": "pass",
      "output_sample": "{\n  \"meta\": {\n    \"source\": \"local\"\n  },\n  \"results\": {\n    \"actions\": [],\n    \"day\": \"tomorrow\",\n    \"pending_shown\": 0,\n    \"scanned_actions\": 0\n  }\n}\nhint: local store has not been synced yet. Run 'hostex-pp-cli sync' before trusting local results.\n"
    },
    {
      "command": "automation-preview",
      "kind": "json_fidelity",
      "args": [
        "automation-preview",
        "--day",
        "tomorrow",
        "--agent",
        "--json"
      ],
      "status": "pass",
      "output_sample": "{\n  \"meta\": {\n    \"source\": \"local\"\n  },\n  \"results\": {\n    \"actions\": [],\n    \"day\": \"tomorrow\",\n    \"pending_shown\": 0,\n    \"scanned_actions\": 0\n  }\n}\nhint: local store has not been synced yet. Run 'hostex-pp-cli sync' before trusting local results.\n"
    },
    {
      "command": "automation-preview",
      "kind": "error_path",
      "args": null,
      "status": "skip",
      "reason": "no positional argument"
    },
    {
      "command": "availabilities query",
      "kind": "help",
      "args": [
        "availabilities",
        "query",
        "--help"
      ],
      "status": "pass",
      "output_sample": "By sending a request to this endpoint, you can retrieve the availabilities of the properties.\n\nUsage:\n  hostex-pp-cli availabilities query [flags]\n\nAliases:\n  query, list\n\nExamples:\n  hostex-pp-cli availabilities query --property-ids example-value --start-date 2026-01-15 --end-date 2026-01-15\n\nFlags:\n      --end-date string       The end date for records. The date format is YYYY-MM-DD, and must be within 3 years from now.\n  -h, --help                  help for query\n      --property-ids string   Enter property IDs to search, separating them with commas (,). A maximum of 100 properties can be queried at once.\n      --start-date string     The start date for records. The date format is YYYY-MM-DD, and must be within 1 years from now.\n\nGlobal Flags:\n      --agent                   Set all agent-friendly defaults (--json --compact --no-input --no-color --yes)\n      --allow-partial-failure   Downgrade response-body partial-failure (e.g. partialFailureError) to a warning instead of a non-zero exit\n      --compact                 Return only key fields (id, name, status, timestamps) for minimal token usage\n      --config string           Config file path\n      --csv                     Output as CSV (table and array responses)\n      --data-source string      Data source for read commands: auto (live with local fallback), live (API only), local (synced data only) (default \"auto\")\n      --deliver string          Route output to a sink: stdout (default), file:\u003cpath\u003e, webhook:\u003curl\u003e\n      --dry-run                 Show request without sending\n      --home string             Root directory for config, data, state, and cache files\n      --human-friendly          Enable colored output and rich formatting\n      --idempotent              Treat already-existing create results as a successful no-op\n      --ignore-missing          Treat missing delete targets as a successful no-op\n      --json                    Output as JSON\n      --max-age duration        Maximum acceptable age of local-store data before a stderr hint suggests sync; 0 disables (default 30m0s)\n      --no-cache                Bypass response cache\n      --no-color                Disable colored output\n      --no-input                Disable all interactive prompts (for CI/agents)\n      --plain                   Output as plain tab-separated text\n      --profile string          Apply values from a saved profile (see 'hostex-pp-cli profile list')\n      --quiet                   Bare output, one value per line\n      --rate-limit float        Max requests per second (0 to disable)\n      --select string           Comma-separated fields to include in output (e.g. --select id,name,status)\n      --timeout duration        Request timeout (default 1m0s)\n      --yes                     Skip confirmation prompts (for agents and scripts)\n"
    },
    {
      "command": "availabilities query",
      "kind": "happy_path",
      "args": null,
      "status": "skip",
      "reason": "blocked-fixture: required API parameter"
    },
    {
      "command": "availabilities query",
      "kind": "json_fidelity",
      "args": null,
      "status": "skip",
      "reason": "blocked-fixture: required API parameter"
    },
    {
      "command": "availabilities query",
      "kind": "error_path",
      "args": null,
      "status": "skip",
      "reason": "no positional argument"
    },
    {
      "command": "availabilities update",
      "kind": "help",
      "args": [
        "availabilities",
        "update",
        "--help"
      ],
      "status": "pass",
      "output_sample": "Use this endpoint to update property availabilities.\n\nUsage:\n  hostex-pp-cli availabilities update [flags]\n\nAliases:\n  update, create\n\nExamples:\n  hostex-pp-cli availabilities update\n\nFlags:\n      --available true        Set the availability status: true for available or `false` for unavailable.\n      --dates string          Provide a list of dates for the update in YYYY-MM-DD format. Dates must be today's date or later.\n      --end-date string       Specify the update's end date using the YYYY-MM-DD format. This must be a future date within 3 years from now.\n  -h, --help                  help for update\n      --property-ids string   Specify the property IDs to update.\n      --start-date string     Specify the update's start date using the YYYY-MM-DD format. This must be either the current date or a future date.\n      --stdin                 Read request body as JSON from stdin\n\nGlobal Flags:\n      --agent                   Set all agent-friendly defaults (--json --compact --no-input --no-color --yes)\n      --allow-partial-failure   Downgrade response-body partial-failure (e.g. partialFailureError) to a warning instead of a non-zero exit\n      --compact                 Return only key fields (id, name, status, timestamps) for minimal token usage\n      --config string           Config file path\n      --csv                     Output as CSV (table and array responses)\n      --data-source string      Data source for read commands: auto (live with local fallback), live (API only), local (synced data only) (default \"auto\")\n      --deliver string          Route output to a sink: stdout (default), file:\u003cpath\u003e, webhook:\u003curl\u003e\n      --dry-run                 Show request without sending\n      --home string             Root directory for config, data, state, and cache files\n      --human-friendly          Enable colored output and rich formatting\n      --idempotent              Treat already-existing create results as a successful no-op\n      --ignore-missing          Treat missing delete targets as a successful no-op\n      --json                    Output as JSON\n      --max-age duration        Maximum acceptable age of local-store data before a stderr hint suggests sync; 0 disables (default 30m0s)\n      --no-cache                Bypass response cache\n      --no-color                Disable colored output\n      --no-input                Disable all interactive prompts (for CI/agents)\n      --plain                   Output as plain tab-separated text\n      --profile string          Apply values from a saved profile (see 'hostex-pp-cli profile list')\n      --quiet                   Bare output, one value per line\n      --rate-limit float        Max requests per second (0 to disable)\n      --select string           Comma-separated fields to include in output (e.g. --select id,name,status)\n      --timeout duration        Request timeout (default 1m0s)\n      --yes                     Skip confirmation prompts (for agents and scripts)\n"
    },
    {
      "command": "availabilities update",
      "kind": "happy_path",
      "args": [
        "availabilities",
        "update",
        "--dry-run"
      ],
      "status": "pass",
      "output_sample": "{\n  \"action\": \"post\",\n  \"data\": {\n    \"dry_run\": true\n  },\n  \"dry_run\": true,\n  \"path\": \"/availabilities\",\n  \"resource\": \"availabilities\",\n  \"status\": 0,\n  \"success\": false\n}\nPOST https://api.hostex.io/v3/availabilities\n  Body:\n{}\n  Hostex-Access-Token: ****KbdV\n\n(dry run - no request sent)\n"
    },
    {
      "command": "availabilities update",
      "kind": "json_fidelity",
      "args": [
        "availabilities",
        "update",
        "--dry-run",
        "--json"
      ],
      "status": "pass",
      "output_sample": "{\n  \"action\": \"post\",\n  \"data\": {\n    \"dry_run\": true\n  },\n  \"dry_run\": true,\n  \"path\": \"/availabilities\",\n  \"resource\": \"availabilities\",\n  \"status\": 0,\n  \"success\": false\n}\nPOST https://api.hostex.io/v3/availabilities\n  Body:\n{}\n  Hostex-Access-Token: ****KbdV\n\n(dry run - no request sent)\n"
    },
    {
      "command": "availabilities update",
      "kind": "error_path",
      "args": null,
      "status": "skip",
      "reason": "no positional argument"
    },
    {
      "command": "availabilities update",
      "kind": "error_path_real",
      "args": null,
      "status": "skip",
      "reason": "mutating command dry-run only"
    },
    {
      "command": "calendar-share-links create",
      "kind": "help",
      "args": [
        "calendar-share-links",
        "create",
        "--help"
      ],
      "status": "pass",
      "output_sample": "Create a new public calendar share link.\n\nUsage:\n  hostex-pp-cli calendar-share-links create [flags]\n\nExamples:\n  hostex-pp-cli calendar-share-links create --scope entire\n\nFlags:\n  -h, --help                           help for create\n      --property-ids scope = partial   Required (non-empty) when scope = partial. Each id must reference a property owned by the operator.\n      --scope entire                   entire exposes every property of the operator; `partial` exposes only the ids listed in `property_ids`.\n      --stdin                          Read request body as JSON from stdin\n\nGlobal Flags:\n      --agent                   Set all agent-friendly defaults (--json --compact --no-input --no-color --yes)\n      --allow-partial-failure   Downgrade response-body partial-failure (e.g. partialFailureError) to a warning instead of a non-zero exit\n      --compact                 Return only key fields (id, name, status, timestamps) for minimal token usage\n      --config string           Config file path\n      --csv                     Output as CSV (table and array responses)\n      --data-source string      Data source for read commands: auto (live with local fallback), live (API only), local (synced data only) (default \"auto\")\n      --deliver string          Route output to a sink: stdout (default), file:\u003cpath\u003e, webhook:\u003curl\u003e\n      --dry-run                 Show request without sending\n      --home string             Root directory for config, data, state, and cache files\n      --human-friendly          Enable colored output and rich formatting\n      --idempotent              Treat already-existing create results as a successful no-op\n      --ignore-missing          Treat missing delete targets as a successful no-op\n      --json                    Output as JSON\n      --max-age duration        Maximum acceptable age of local-store data before a stderr hint suggests sync; 0 disables (default 30m0s)\n      --no-cache                Bypass response cache\n      --no-color                Disable colored output\n      --no-input                Disable all interactive prompts (for CI/agents)\n      --plain                   Output as plain tab-separated text\n      --profile string          Apply values from a saved profile (see 'hostex-pp-cli profile list')\n      --quiet                   Bare output, one value per line\n      --rate-limit float        Max requests per second (0 to disable)\n      --select string           Comma-separated fields to include in output (e.g. --select id,name,status)\n      --timeout duration        Request timeout (default 1m0s)\n      --yes                     Skip confirmation prompts (for agents and scripts)\n"
    },
    {
      "command": "calendar-share-links create",
      "kind": "happy_path",
      "args": [
        "calendar-share-links",
        "create",
        "--scope",
        "entire",
        "--dry-run"
      ],
      "status": "pass",
      "output_sample": "{\n  \"action\": \"post\",\n  \"data\": {\n    \"dry_run\": true\n  },\n  \"dry_run\": true,\n  \"path\": \"/calendar_share_links\",\n  \"resource\": \"calendar-share-links\",\n  \"status\": 0,\n  \"success\": false\n}\nPOST https://api.hostex.io/v3/calendar_share_links\n  Body:\n{\n    \"scope\": \"entire\"\n  }\n  Hostex-Access-Token: ****KbdV\n\n(dry run - no request sent)\n"
    },
    {
      "command": "calendar-share-links create",
      "kind": "json_fidelity",
      "args": [
        "calendar-share-links",
        "create",
        "--scope",
        "entire",
        "--dry-run",
        "--json"
      ],
      "status": "pass",
      "output_sample": "{\n  \"action\": \"post\",\n  \"data\": {\n    \"dry_run\": true\n  },\n  \"dry_run\": true,\n  \"path\": \"/calendar_share_links\",\n  \"resource\": \"calendar-share-links\",\n  \"status\": 0,\n  \"success\": false\n}\nPOST https://api.hostex.io/v3/calendar_share_links\n  Body:\n{\n    \"scope\": \"entire\"\n  }\n  Hostex-Access-Token: ****KbdV\n\n(dry run - no request sent)\n"
    },
    {
      "command": "calendar-share-links create",
      "kind": "error_path",
      "args": null,
      "status": "skip",
      "reason": "no positional argument"
    },
    {
      "command": "calendar-share-links create",
      "kind": "error_path_real",
      "args": null,
      "status": "skip",
      "reason": "mutating command dry-run only"
    },
    {
      "command": "calendar-share-links delete",
      "kind": "help",
      "args": [
        "calendar-share-links",
        "delete",
        "--help"
      ],
      "status": "pass",
      "output_sample": "Permanently invalidate a calendar share link.\n\nUsage:\n  hostex-pp-cli calendar-share-links delete \u003cid\u003e [flags]\n\nExamples:\n  hostex-pp-cli calendar-share-links delete 550e8400-e29b-41d4-a716-446655440000\n\nFlags:\n  -h, --help   help for delete\n\nGlobal Flags:\n      --agent                   Set all agent-friendly defaults (--json --compact --no-input --no-color --yes)\n      --allow-partial-failure   Downgrade response-body partial-failure (e.g. partialFailureError) to a warning instead of a non-zero exit\n      --compact                 Return only key fields (id, name, status, timestamps) for minimal token usage\n      --config string           Config file path\n      --csv                     Output as CSV (table and array responses)\n      --data-source string      Data source for read commands: auto (live with local fallback), live (API only), local (synced data only) (default \"auto\")\n      --deliver string          Route output to a sink: stdout (default), file:\u003cpath\u003e, webhook:\u003curl\u003e\n      --dry-run                 Show request without sending\n      --home string             Root directory for config, data, state, and cache files\n      --human-friendly          Enable colored output and rich formatting\n      --idempotent              Treat already-existing create results as a successful no-op\n      --ignore-missing          Treat missing delete targets as a successful no-op\n      --json                    Output as JSON\n      --max-age duration        Maximum acceptable age of local-store data before a stderr hint suggests sync; 0 disables (default 30m0s)\n      --no-cache                Bypass response cache\n      --no-color                Disable colored output\n      --no-input                Disable all interactive prompts (for CI/agents)\n      --plain                   Output as plain tab-separated text\n      --profile string          Apply values from a saved profile (see 'hostex-pp-cli profile list')\n      --quiet                   Bare output, one value per line\n      --rate-limit float        Max requests per second (0 to disable)\n      --select string           Comma-separated fields to include in output (e.g. --select id,name,status)\n      --timeout duration        Request timeout (default 1m0s)\n      --yes                     Skip confirmation prompts (for agents and scripts)\n"
    },
    {
      "command": "calendar-share-links delete",
      "kind": "happy_path",
      "args": null,
      "status": "skip",
      "reason": "blocked-fixture: required API parameter"
    },
    {
      "command": "calendar-share-links delete",
      "kind": "json_fidelity",
      "args": null,
      "status": "skip",
      "reason": "blocked-fixture: required API parameter"
    },
    {
      "command": "calendar-share-links delete",
      "kind": "error_path",
      "args": null,
      "status": "skip",
      "reason": "mutating command; error_path would call live API without --dry-run"
    },
    {
      "command": "calendar-share-links delete",
      "kind": "error_path_real",
      "args": null,
      "status": "skip",
      "reason": "blocked-fixture: required API parameter"
    },
    {
      "command": "calendar-share-links query",
      "kind": "help",
      "args": [
        "calendar-share-links",
        "query",
        "--help"
      ],
      "status": "pass",
      "output_sample": "List the operator's public calendar share links.\n\nUsage:\n  hostex-pp-cli calendar-share-links query [flags]\n\nAliases:\n  query, list\n\nExamples:\n  hostex-pp-cli calendar-share-links query\n\nFlags:\n      --all             Fetch all pages\n  -h, --help            help for query\n      --id string       Fetch a single share link by its internal id.\n      --limit int       Page size. Defaults to 20. Max 100.\n      --offset string   Pagination offset. Defaults to 0.\n\nGlobal Flags:\n      --agent                   Set all agent-friendly defaults (--json --compact --no-input --no-color --yes)\n      --allow-partial-failure   Downgrade response-body partial-failure (e.g. partialFailureError) to a warning instead of a non-zero exit\n      --compact                 Return only key fields (id, name, status, timestamps) for minimal token usage\n      --config string           Config file path\n      --csv                     Output as CSV (table and array responses)\n      --data-source string      Data source for read commands: auto (live with local fallback), live (API only), local (synced data only) (default \"auto\")\n      --deliver string          Route output to a sink: stdout (default), file:\u003cpath\u003e, webhook:\u003curl\u003e\n      --dry-run                 Show request without sending\n      --home string             Root directory for config, data, state, and cache files\n      --human-friendly          Enable colored output and rich formatting\n      --idempotent              Treat already-existing create results as a successful no-op\n      --ignore-missing          Treat missing delete targets as a successful no-op\n      --json                    Output as JSON\n      --max-age duration        Maximum acceptable age of local-store data before a stderr hint suggests sync; 0 disables (default 30m0s)\n      --no-cache                Bypass response cache\n      --no-color                Disable colored output\n      --no-input                Disable all interactive prompts (for CI/agents)\n      --plain                   Output as plain tab-separated text\n      --profile string          Apply values from a saved profile (see 'hostex-pp-cli profile list')\n      --quiet                   Bare output, one value per line\n      --rate-limit float        Max requests per second (0 to disable)\n      --select string           Comma-separated fields to include in output (e.g. --select id,name,status)\n      --timeout duration        Request timeout (default 1m0s)\n      --yes                     Skip confirmation prompts (for agents and scripts)\n"
    },
    {
      "command": "calendar-share-links query",
      "kind": "happy_path",
      "args": [
        "calendar-share-links",
        "query"
      ],
      "status": "fail",
      "exit_code": -1,
      "reason": "exit -1"
    },
    {
      "command": "calendar-share-links query",
      "kind": "json_fidelity",
      "args": [
        "calendar-share-links",
        "query",
        "--json"
      ],
      "status": "pass",
      "output_sample": "{\n  \"meta\": {\n    \"source\": \"live\"\n  },\n  \"results\": {\n    \"request_id\": \"RT2026062713360057407\",\n    \"error_code\": 200,\n    \"error_msg\": \"Done.\",\n    \"data\": {\n      \"calendar_share_links\": [],\n      \"total\": 0\n    }\n  }\n}\n"
    },
    {
      "command": "calendar-share-links query",
      "kind": "error_path",
      "args": null,
      "status": "skip",
      "reason": "no positional argument"
    },
    {
      "command": "channel-accounts",
      "kind": "help",
      "args": [
        "channel-accounts",
        "--help"
      ],
      "status": "pass",
      "output_sample": "Query the third-party channel accounts (Airbnb, Booking.com, etc.) that the operator has connected.\n\nUsage:\n  hostex-pp-cli channel-accounts [flags]\n\nExamples:\n  hostex-pp-cli channel-accounts\n\nFlags:\n      --all                   Fetch all pages\n      --channel-type string   Filter by channel type. (one of: airbnb, booking.com, agoda, expedia, vrbo, trip.com, booking_site, tujia_intl, hostex_direct, tujia, xiaozhu, meituan_bnb, meituan_hotel, muniao, fliggy, zhukeyun, tiktok, xiaohongshu, ctrip, houfy)\n  -h, --help                  help for channel-accounts\n      --id string             Internal id of a specific channel account.\n      --limit int             The maximum number of results to return. The maximum value is 100. Default: 20. (default 20)\n      --offset string         The starting point from which to begin returning results. Default: 0. (default \"0\")\n\nGlobal Flags:\n      --agent                   Set all agent-friendly defaults (--json --compact --no-input --no-color --yes)\n      --allow-partial-failure   Downgrade response-body partial-failure (e.g. partialFailureError) to a warning instead of a non-zero exit\n      --compact                 Return only key fields (id, name, status, timestamps) for minimal token usage\n      --config string           Config file path\n      --csv                     Output as CSV (table and array responses)\n      --data-source string      Data source for read commands: auto (live with local fallback), live (API only), local (synced data only) (default \"auto\")\n      --deliver string          Route output to a sink: stdout (default), file:\u003cpath\u003e, webhook:\u003curl\u003e\n      --dry-run                 Show request without sending\n      --home string             Root directory for config, data, state, and cache files\n      --human-friendly          Enable colored output and rich formatting\n      --idempotent              Treat already-existing create results as a successful no-op\n      --ignore-missing          Treat missing delete targets as a successful no-op\n      --json                    Output as JSON\n      --max-age duration        Maximum acceptable age of local-store data before a stderr hint suggests sync; 0 disables (default 30m0s)\n      --no-cache                Bypass response cache\n      --no-color                Disable colored output\n      --no-input                Disable all interactive prompts (for CI/agents)\n      --plain                   Output as plain tab-separated text\n      --profile string          Apply values from a saved profile (see 'hostex-pp-cli profile list')\n      --quiet                   Bare output, one value per line\n      --rate-limit float        Max requests per second (0 to disable)\n      --select string           Comma-separated fields to include in output (e.g. --select id,name,status)\n      --timeout duration        Request timeout (default 1m0s)\n      --yes                     Skip confirmation prompts (for agents and scripts)\n"
    },
    {
      "command": "channel-accounts",
      "kind": "happy_path",
      "args": [
        "channel-accounts"
      ],
      "status": "pass",
      "output_sample": "{\"meta\":{\"source\":\"live\"},\"results\":{\"data\":{\"channel_accounts\":[{\"auth_status\":\"active\",\"channel_type\":\"airbnb\",\"created_at\":\"2026-06-27T02:37:46+00:00\",\"id\":503916,\"origin_account_id\":\"654643520\",\"username\":\"\u003credacted\u003e\"}],\"total\":1},\"error_code\":200,\"error_msg\":\"Done.\",\"request_id\":\"RT2026062713360215708b4\"}}"
    },
    {
      "command": "channel-accounts",
      "kind": "json_fidelity",
      "args": [
        "channel-accounts",
        "--json"
      ],
      "status": "pass",
      "output_sample": "{\"meta\":{\"source\":\"live\"},\"results\":{\"data\":{\"channel_accounts\":[{\"auth_status\":\"active\",\"channel_type\":\"airbnb\",\"created_at\":\"2026-06-27T02:37:46+00:00\",\"id\":503916,\"origin_account_id\":\"654643520\",\"username\":\"\u003credacted\u003e\"}],\"total\":1},\"error_code\":200,\"error_msg\":\"Done.\",\"request_id\":\"RT2026062713360215708b4\"}}"
    },
    {
      "command": "channel-accounts",
      "kind": "error_path",
      "args": null,
      "status": "skip",
      "reason": "no positional argument"
    },
    {
      "command": "conversations get-details",
      "kind": "help",
      "args": [
        "conversations",
        "get-details",
        "--help"
      ],
      "status": "pass",
      "output_sample": "This endpoint is used to retrieve the messages and details of a conversation.\n\nUsage:\n  hostex-pp-cli conversations get-details \u003cconversation_id\u003e [flags]\n\nAliases:\n  get-details, get\n\nExamples:\n  hostex-pp-cli conversations get-details 550e8400-e29b-41d4-a716-446655440000\n\nFlags:\n  -h, --help   help for get-details\n\nGlobal Flags:\n      --agent                   Set all agent-friendly defaults (--json --compact --no-input --no-color --yes)\n      --allow-partial-failure   Downgrade response-body partial-failure (e.g. partialFailureError) to a warning instead of a non-zero exit\n      --compact                 Return only key fields (id, name, status, timestamps) for minimal token usage\n      --config string           Config file path\n      --csv                     Output as CSV (table and array responses)\n      --data-source string      Data source for read commands: auto (live with local fallback), live (API only), local (synced data only) (default \"auto\")\n      --deliver string          Route output to a sink: stdout (default), file:\u003cpath\u003e, webhook:\u003curl\u003e\n      --dry-run                 Show request without sending\n      --home string             Root directory for config, data, state, and cache files\n      --human-friendly          Enable colored output and rich formatting\n      --idempotent              Treat already-existing create results as a successful no-op\n      --ignore-missing          Treat missing delete targets as a successful no-op\n      --json                    Output as JSON\n      --max-age duration        Maximum acceptable age of local-store data before a stderr hint suggests sync; 0 disables (default 30m0s)\n      --no-cache                Bypass response cache\n      --no-color                Disable colored output\n      --no-input                Disable all interactive prompts (for CI/agents)\n      --plain                   Output as plain tab-separated text\n      --profile string          Apply values from a saved profile (see 'hostex-pp-cli profile list')\n      --quiet                   Bare output, one value per line\n      --rate-limit float        Max requests per second (0 to disable)\n      --select string           Comma-separated fields to include in output (e.g. --select id,name,status)\n      --timeout duration        Request timeout (default 1m0s)\n      --yes                     Skip confirmation prompts (for agents and scripts)\n"
    },
    {
      "command": "conversations get-details",
      "kind": "happy_path",
      "args": [
        "conversations",
        "get-details",
        "0-2576543425"
      ],
      "status": "pass",
      "fixture_source": "store",
      "output_sample": "{\"meta\":{\"source\":\"live\"},\"results\":{\"data\":{\"activities\":[{\"activity_type\":\"inquiry\",\"check_in_date\":\"2026-12-05\",\"check_out_date\":\"2026-12-23\",\"listing_id\":\"1715863948130995294\",\"property\":{\"cover_url\":\"https://z1.muscache.cn/im/pictures/hosting/Hosting-1715863948130995294/original/08d16aa9-25ef-403d-9d71-9b124c0ad3c5.jpeg?aki_policy=small\",\"id\":12704864,\"room_type\":null,\"title\":\"Property #1\"},\"reservation_code\":null}],\"channel_type\":\"airbnb\",\"guest\":{\"email\":\"\u003credacted\u003e\",\"name\":\"\u003credacted\u003e\",\"phone\":\"\u003credacted\u003e\"},\"id\":\"0-2576543425\",\"messages\":[{\"attachment\":null,\"content\":\"Sorry it's new listing we still have to change something please can u cancel the reservation will not be available\",\"created_at\":\"2026-06-26T17:13:08+00:00\",\"display_type\":\"Text\",\"id\":\"0-31417587790-654643520\",\"sender_name\":null,\"sender_role\":\"host\",\"sources\":[]},{\"attachment\":null,\"content\":\"Ciao June, ho notato che l'indirizzo indicato su Airbnb (20 Soi King Suksan) sembra corrispondere a un edificio diverso su Google Maps. Potresti confermare che questo è l'indirizzo corretto o inviarmi il pin esatto di Google Maps della villa? Voglio solo assicurarmi che arriviamo nel posto giusto. Grazie!\",\"created_at\":\"2026-06-26T13:34:00+00:00\",\"display_type\":\"Text\",\"id\":\"0-31413882636-654643520\",\"sender_name\":null,\"sender_role\":\"guest\",\"sources\":[]},{\"attachment\":null,\"content\":\"Ciao, avete un sito web o qualcosa di simile? :)\",\"created_at\":\"2026-06-26T12:57:30+00:00\",\"display_type\":\"Text\",\"id\":\"0-31413290370-654643520\",\"sender_name\":null,\"sender_role\":\"guest\",\"sources\":[]}],\"note\":null},\"error_code\":200,\"error_msg\":\"Done.\",\"request_id\":\"RT202606271336059912\"}}"
    },
    {
      "command": "conversations get-details",
      "kind": "json_fidelity",
      "args": [
        "conversations",
        "get-details",
        "0-2576543425",
        "--json"
      ],
      "status": "pass",
      "fixture_source": "store",
      "output_sample": "{\"meta\":{\"source\":\"live\"},\"results\":{\"data\":{\"activities\":[{\"activity_type\":\"inquiry\",\"check_in_date\":\"2026-12-05\",\"check_out_date\":\"2026-12-23\",\"listing_id\":\"1715863948130995294\",\"property\":{\"cover_url\":\"https://z1.muscache.cn/im/pictures/hosting/Hosting-1715863948130995294/original/08d16aa9-25ef-403d-9d71-9b124c0ad3c5.jpeg?aki_policy=small\",\"id\":12704864,\"room_type\":null,\"title\":\"Property #1\"},\"reservation_code\":null}],\"channel_type\":\"airbnb\",\"guest\":{\"email\":\"\u003credacted\u003e\",\"name\":\"\u003credacted\u003e\",\"phone\":\"\u003credacted\u003e\"},\"id\":\"0-2576543425\",\"messages\":[{\"attachment\":null,\"content\":\"Sorry it's new listing we still have to change something please can u cancel the reservation will not be available\",\"created_at\":\"2026-06-26T17:13:08+00:00\",\"display_type\":\"Text\",\"id\":\"0-31417587790-654643520\",\"sender_name\":null,\"sender_role\":\"host\",\"sources\":[]},{\"attachment\":null,\"content\":\"Ciao June, ho notato che l'indirizzo indicato su Airbnb (20 Soi King Suksan) sembra corrispondere a un edificio diverso su Google Maps. Potresti confermare che questo è l'indirizzo corretto o inviarmi il pin esatto di Google Maps della villa? Voglio solo assicurarmi che arriviamo nel posto giusto. Grazie!\",\"created_at\":\"2026-06-26T13:34:00+00:00\",\"display_type\":\"Text\",\"id\":\"0-31413882636-654643520\",\"sender_name\":null,\"sender_role\":\"guest\",\"sources\":[]},{\"attachment\":null,\"content\":\"Ciao, avete un sito web o qualcosa di simile? :)\",\"created_at\":\"2026-06-26T12:57:30+00:00\",\"display_type\":\"Text\",\"id\":\"0-31413290370-654643520\",\"sender_name\":null,\"sender_role\":\"guest\",\"sources\":[]}],\"note\":null},\"error_code\":200,\"error_msg\":\"Done.\",\"request_id\":\"RT202606271336059912\"}}"
    },
    {
      "command": "conversations get-details",
      "kind": "error_path",
      "args": [
        "conversations",
        "get-details",
        "__printing_press_invalid__"
      ],
      "status": "pass",
      "exit_code": 4,
      "output_sample": "Error: GET /conversations/__printing_press_invalid__ returned HTTP 403: No permission on access.\nhint: permission denied. Your credentials are valid but lack access to this resource.\n      Check that your credentials have the required permissions and match the API's expected auth scheme.\n      Set one of: export HOSTEX_ACCESS_TOKEN=\"your-token-here\" or export HOSTEX_HOSTEX_ACCESS_TOKEN=\"your-token-here\"\n      Run 'hostex-pp-cli doctor' to check auth status.\n"
    },
    {
      "command": "conversations note update-conversation",
      "kind": "help",
      "args": [
        "conversations",
        "note",
        "update-conversation",
        "--help"
      ],
      "status": "pass",
      "output_sample": "Set or clear the host's private note attached to a conversation thread.\n\nUsage:\n  hostex-pp-cli conversations note update-conversation \u003cconversation_id\u003e [flags]\n\nAliases:\n  update-conversation, update\n\nExamples:\n  hostex-pp-cli conversations note update-conversation 550e8400-e29b-41d4-a716-446655440000 --note example-value\n\nFlags:\n  -h, --help        help for update-conversation\n      --note null   The host-side private note. Pass an empty string or null to clear the existing note. Max 5000 characters.\n      --stdin       Read request body as JSON from stdin\n\nGlobal Flags:\n      --agent                   Set all agent-friendly defaults (--json --compact --no-input --no-color --yes)\n      --allow-partial-failure   Downgrade response-body partial-failure (e.g. partialFailureError) to a warning instead of a non-zero exit\n      --compact                 Return only key fields (id, name, status, timestamps) for minimal token usage\n      --config string           Config file path\n      --csv                     Output as CSV (table and array responses)\n      --data-source string      Data source for read commands: auto (live with local fallback), live (API only), local (synced data only) (default \"auto\")\n      --deliver string          Route output to a sink: stdout (default), file:\u003cpath\u003e, webhook:\u003curl\u003e\n      --dry-run                 Show request without sending\n      --home string             Root directory for config, data, state, and cache files\n      --human-friendly          Enable colored output and rich formatting\n      --idempotent              Treat already-existing create results as a successful no-op\n      --ignore-missing          Treat missing delete targets as a successful no-op\n      --json                    Output as JSON\n      --max-age duration        Maximum acceptable age of local-store data before a stderr hint suggests sync; 0 disables (default 30m0s)\n      --no-cache                Bypass response cache\n      --no-color                Disable colored output\n      --no-input                Disable all interactive prompts (for CI/agents)\n      --plain                   Output as plain tab-separated text\n      --profile string          Apply values from a saved profile (see 'hostex-pp-cli profile list')\n      --quiet                   Bare output, one value per line\n      --rate-limit float        Max requests per second (0 to disable)\n      --select string           Comma-separated fields to include in output (e.g. --select id,name,status)\n      --timeout duration        Request timeout (default 1m0s)\n      --yes                     Skip confirmation prompts (for agents and scripts)\n"
    },
    {
      "command": "conversations note update-conversation",
      "kind": "happy_path",
      "args": [
        "conversations",
        "note",
        "update-conversation",
        "RT202606271336059912",
        "--note",
        "example-value",
        "--dry-run"
      ],
      "status": "pass",
      "fixture_source": "store",
      "output_sample": "{\n  \"action\": \"patch\",\n  \"data\": {\n    \"dry_run\": true\n  },\n  \"dry_run\": true,\n  \"path\": \"/conversations/RT202606271336059912/note\",\n  \"resource\": \"note\",\n  \"status\": 0,\n  \"success\": false\n}\nPATCH https://api.hostex.io/v3/conversations/RT202606271336059912/note\n  Body:\n{\n    \"note\": \"example-value\"\n  }\n  Hostex-Access-Token: ****KbdV\n\n(dry run - no request sent)\n"
    },
    {
      "command": "conversations note update-conversation",
      "kind": "json_fidelity",
      "args": [
        "conversations",
        "note",
        "update-conversation",
        "RT202606271336059912",
        "--note",
        "example-value",
        "--dry-run",
        "--json"
      ],
      "status": "pass",
      "fixture_source": "store",
      "output_sample": "{\n  \"action\": \"patch\",\n  \"data\": {\n    \"dry_run\": true\n  },\n  \"dry_run\": true,\n  \"path\": \"/conversations/RT202606271336059912/note\",\n  \"resource\": \"note\",\n  \"status\": 0,\n  \"success\": false\n}\nPATCH https://api.hostex.io/v3/conversations/RT202606271336059912/note\n  Body:\n{\n    \"note\": \"example-value\"\n  }\n  Hostex-Access-Token: ****KbdV\n\n(dry run - no request sent)\n"
    },
    {
      "command": "conversations note update-conversation",
      "kind": "error_path",
      "args": null,
      "status": "skip",
      "reason": "mutating command; error_path would call live API without --dry-run"
    },
    {
      "command": "conversations note update-conversation",
      "kind": "error_path_real",
      "args": null,
      "status": "skip",
      "reason": "mutating command dry-run only"
    },
    {
      "command": "conversations preapprovals send",
      "kind": "help",
      "args": [
        "conversations",
        "preapprovals",
        "send",
        "--help"
      ],
      "status": "pass",
      "output_sample": "Pre-approve the guest's inquiry in a conversation\n\nUsage:\n  hostex-pp-cli conversations preapprovals send \u003cconversation_id\u003e [flags]\n\nAliases:\n  send, create\n\nExamples:\n  hostex-pp-cli conversations preapprovals send 550e8400-e29b-41d4-a716-446655440000\n\nFlags:\n  -h, --help    help for send\n      --stdin   Read request body as JSON from stdin\n\nGlobal Flags:\n      --agent                   Set all agent-friendly defaults (--json --compact --no-input --no-color --yes)\n      --allow-partial-failure   Downgrade response-body partial-failure (e.g. partialFailureError) to a warning instead of a non-zero exit\n      --compact                 Return only key fields (id, name, status, timestamps) for minimal token usage\n      --config string           Config file path\n      --csv                     Output as CSV (table and array responses)\n      --data-source string      Data source for read commands: auto (live with local fallback), live (API only), local (synced data only) (default \"auto\")\n      --deliver string          Route output to a sink: stdout (default), file:\u003cpath\u003e, webhook:\u003curl\u003e\n      --dry-run                 Show request without sending\n      --home string             Root directory for config, data, state, and cache files\n      --human-friendly          Enable colored output and rich formatting\n      --idempotent              Treat already-existing create results as a successful no-op\n      --ignore-missing          Treat missing delete targets as a successful no-op\n      --json                    Output as JSON\n      --max-age duration        Maximum acceptable age of local-store data before a stderr hint suggests sync; 0 disables (default 30m0s)\n      --no-cache                Bypass response cache\n      --no-color                Disable colored output\n      --no-input                Disable all interactive prompts (for CI/agents)\n      --plain                   Output as plain tab-separated text\n      --profile string          Apply values from a saved profile (see 'hostex-pp-cli profile list')\n      --quiet                   Bare output, one value per line\n      --rate-limit float        Max requests per second (0 to disable)\n      --select string           Comma-separated fields to include in output (e.g. --select id,name,status)\n      --timeout duration        Request timeout (default 1m0s)\n      --yes                     Skip confirmation prompts (for agents and scripts)\n"
    },
    {
      "command": "conversations preapprovals send",
      "kind": "happy_path",
      "args": [
        "conversations",
        "preapprovals",
        "send",
        "RT202606271336059912",
        "--dry-run"
      ],
      "status": "pass",
      "fixture_source": "store",
      "output_sample": "{\n  \"action\": \"post\",\n  \"data\": {\n    \"dry_run\": true\n  },\n  \"dry_run\": true,\n  \"path\": \"/conversations/RT202606271336059912/preapprovals\",\n  \"resource\": \"preapprovals\",\n  \"status\": 0,\n  \"success\": false\n}\nPOST https://api.hostex.io/v3/conversations/RT202606271336059912/preapprovals\n  Body:\n{}\n  Hostex-Access-Token: ****KbdV\n\n(dry run - no request sent)\n"
    },
    {
      "command": "conversations preapprovals send",
      "kind": "json_fidelity",
      "args": [
        "conversations",
        "preapprovals",
        "send",
        "RT202606271336059912",
        "--dry-run",
        "--json"
      ],
      "status": "pass",
      "fixture_source": "store",
      "output_sample": "{\n  \"action\": \"post\",\n  \"data\": {\n    \"dry_run\": true\n  },\n  \"dry_run\": true,\n  \"path\": \"/conversations/RT202606271336059912/preapprovals\",\n  \"resource\": \"preapprovals\",\n  \"status\": 0,\n  \"success\": false\n}\nPOST https://api.hostex.io/v3/conversations/RT202606271336059912/preapprovals\n  Body:\n{}\n  Hostex-Access-Token: ****KbdV\n\n(dry run - no request sent)\n"
    },
    {
      "command": "conversations preapprovals send",
      "kind": "error_path",
      "args": null,
      "status": "skip",
      "reason": "mutating command; error_path would call live API without --dry-run"
    },
    {
      "command": "conversations preapprovals send",
      "kind": "error_path_real",
      "args": null,
      "status": "skip",
      "reason": "mutating command dry-run only"
    },
    {
      "command": "conversations query",
      "kind": "help",
      "args": [
        "conversations",
        "query",
        "--help"
      ],
      "status": "pass",
      "output_sample": "This endpoint is used to query the list of conversations regarding guest inquiries.\n\nUsage:\n  hostex-pp-cli conversations query [flags]\n\nAliases:\n  query, list\n\nExamples:\n  hostex-pp-cli conversations query\n\nFlags:\n      --all             Fetch all pages\n  -h, --help            help for query\n      --limit int       Determines the maximum number of results to be returned, up to a maximum of 100. (default 20)\n      --offset string   Specifies the starting index from which the results should be returned. (default \"0\")\n\nGlobal Flags:\n      --agent                   Set all agent-friendly defaults (--json --compact --no-input --no-color --yes)\n      --allow-partial-failure   Downgrade response-body partial-failure (e.g. partialFailureError) to a warning instead of a non-zero exit\n      --compact                 Return only key fields (id, name, status, timestamps) for minimal token usage\n      --config string           Config file path\n      --csv                     Output as CSV (table and array responses)\n      --data-source string      Data source for read commands: auto (live with local fallback), live (API only), local (synced data only) (default \"auto\")\n      --deliver string          Route output to a sink: stdout (default), file:\u003cpath\u003e, webhook:\u003curl\u003e\n      --dry-run                 Show request without sending\n      --home string             Root directory for config, data, state, and cache files\n      --human-friendly          Enable colored output and rich formatting\n      --idempotent              Treat already-existing create results as a successful no-op\n      --ignore-missing          Treat missing delete targets as a successful no-op\n      --json                    Output as JSON\n      --max-age duration        Maximum acceptable age of local-store data before a stderr hint suggests sync; 0 disables (default 30m0s)\n      --no-cache                Bypass response cache\n      --no-color                Disable colored output\n      --no-input                Disable all interactive prompts (for CI/agents)\n      --plain                   Output as plain tab-separated text\n      --profile string          Apply values from a saved profile (see 'hostex-pp-cli profile list')\n      --quiet                   Bare output, one value per line\n      --rate-limit float        Max requests per second (0 to disable)\n      --select string           Comma-separated fields to include in output (e.g. --select id,name,status)\n      --timeout duration        Request timeout (default 1m0s)\n      --yes                     Skip confirmation prompts (for agents and scripts)\n"
    },
    {
      "command": "conversations query",
      "kind": "happy_path",
      "args": [
        "conversations",
        "query"
      ],
      "status": "pass",
      "output_sample": "{\"meta\":{\"source\":\"live\"},\"results\":{\"data\":{\"conversations\":[{\"channel_type\":\"airbnb\",\"check_in_date\":\"\",\"check_out_date\":\"\",\"guest\":{\"email\":\"\u003credacted\u003e\",\"name\":\"\u003credacted\u003e\",\"phone\":\"\u003credacted\u003e\"},\"id\":\"0-2576543425\",\"last_message_at\":\"2026-06-26T17:13:08+00:00\",\"property_title\":\"\"},{\"channel_type\":\"airbnb\",\"check_in_date\":\"\",\"check_out_date\":\"\",\"guest\":{\"email\":\"\u003credacted\u003e\",\"name\":\"\u003credacted\u003e\",\"phone\":\"\u003credacted\u003e\"},\"id\":\"0-2576784888\",\"last_message_at\":\"2026-06-26T17:12:44+00:00\",\"property_title\":\"\"},{\"channel_type\":\"airbnb\",\"check_in_date\":\"\",\"check_out_date\":\"\",\"guest\":{\"email\":\"\u003credacted\u003e\",\"name\":\"\u003credacted\u003e\",\"phone\":\"\u003credacted\u003e\"},\"id\":\"0-2278450380\",\"last_message_at\":\"2025-12-13T11:02:17+00:00\",\"property_title\":\"\"}]},\"error_code\":200,\"error_msg\":\"Done.\",\"request_id\":\"RT2026062713360773608b4\"}}"
    },
    {
      "command": "conversations query",
      "kind": "json_fidelity",
      "args": [
        "conversations",
        "query",
        "--json"
      ],
      "status": "pass",
      "output_sample": "{\"meta\":{\"source\":\"live\"},\"results\":{\"data\":{\"conversations\":[{\"channel_type\":\"airbnb\",\"check_in_date\":\"\",\"check_out_date\":\"\",\"guest\":{\"email\":\"\u003credacted\u003e\",\"name\":\"\u003credacted\u003e\",\"phone\":\"\u003credacted\u003e\"},\"id\":\"0-2576543425\",\"last_message_at\":\"2026-06-26T17:13:08+00:00\",\"property_title\":\"\"},{\"channel_type\":\"airbnb\",\"check_in_date\":\"\",\"check_out_date\":\"\",\"guest\":{\"email\":\"\u003credacted\u003e\",\"name\":\"\u003credacted\u003e\",\"phone\":\"\u003credacted\u003e\"},\"id\":\"0-2576784888\",\"last_message_at\":\"2026-06-26T17:12:44+00:00\",\"property_title\":\"\"},{\"channel_type\":\"airbnb\",\"check_in_date\":\"\",\"check_out_date\":\"\",\"guest\":{\"email\":\"\u003credacted\u003e\",\"name\":\"\u003credacted\u003e\",\"phone\":\"\u003credacted\u003e\"},\"id\":\"0-2278450380\",\"last_message_at\":\"2025-12-13T11:02:17+00:00\",\"property_title\":\"\"}]},\"error_code\":200,\"error_msg\":\"Done.\",\"request_id\":\"RT2026062713360773608b4\"}}"
    },
    {
      "command": "conversations query",
      "kind": "error_path",
      "args": null,
      "status": "skip",
      "reason": "no positional argument"
    },
    {
      "command": "conversations send-message",
      "kind": "help",
      "args": [
        "conversations",
        "send-message",
        "--help"
      ],
      "status": "pass",
      "output_sample": "Send a text or image message to the guest.\n\nUsage:\n  hostex-pp-cli conversations send-message \u003cconversation_id\u003e [flags]\n\nAliases:\n  send-message, create\n\nExamples:\n  hostex-pp-cli conversations send-message 550e8400-e29b-41d4-a716-446655440000\n\nFlags:\n  -h, --help                 help for send-message\n      --jpeg-base64 string   The base64 encoded string of the JPEG image.\n      --message string       The text content of the message. Max length depends on the limit of different channels.\n      --stdin                Read request body as JSON from stdin\n\nGlobal Flags:\n      --agent                   Set all agent-friendly defaults (--json --compact --no-input --no-color --yes)\n      --allow-partial-failure   Downgrade response-body partial-failure (e.g. partialFailureError) to a warning instead of a non-zero exit\n      --compact                 Return only key fields (id, name, status, timestamps) for minimal token usage\n      --config string           Config file path\n      --csv                     Output as CSV (table and array responses)\n      --data-source string      Data source for read commands: auto (live with local fallback), live (API only), local (synced data only) (default \"auto\")\n      --deliver string          Route output to a sink: stdout (default), file:\u003cpath\u003e, webhook:\u003curl\u003e\n      --dry-run                 Show request without sending\n      --home string             Root directory for config, data, state, and cache files\n      --human-friendly          Enable colored output and rich formatting\n      --idempotent              Treat already-existing create results as a successful no-op\n      --ignore-missing          Treat missing delete targets as a successful no-op\n      --json                    Output as JSON\n      --max-age duration        Maximum acceptable age of local-store data before a stderr hint suggests sync; 0 disables (default 30m0s)\n      --no-cache                Bypass response cache\n      --no-color                Disable colored output\n      --no-input                Disable all interactive prompts (for CI/agents)\n      --plain                   Output as plain tab-separated text\n      --profile string          Apply values from a saved profile (see 'hostex-pp-cli profile list')\n      --quiet                   Bare output, one value per line\n      --rate-limit float        Max requests per second (0 to disable)\n      --select string           Comma-separated fields to include in output (e.g. --select id,name,status)\n      --timeout duration        Request timeout (default 1m0s)\n      --yes                     Skip confirmation prompts (for agents and scripts)\n"
    },
    {
      "command": "conversations send-message",
      "kind": "happy_path",
      "args": [
        "conversations",
        "send-message",
        "0-2576543425",
        "--dry-run"
      ],
      "status": "pass",
      "fixture_source": "store",
      "output_sample": "{\n  \"action\": \"post\",\n  \"data\": {\n    \"dry_run\": true\n  },\n  \"dry_run\": true,\n  \"path\": \"/conversations/0-2576543425\",\n  \"resource\": \"conversations\",\n  \"status\": 0,\n  \"success\": false\n}\nPOST https://api.hostex.io/v3/conversations/0-2576543425\n  Body:\n{}\n  Hostex-Access-Token: ****KbdV\n\n(dry run - no request sent)\n"
    },
    {
      "command": "conversations send-message",
      "kind": "json_fidelity",
      "args": [
        "conversations",
        "send-message",
        "0-2576543425",
        "--dry-run",
        "--json"
      ],
      "status": "pass",
      "fixture_source": "store",
      "output_sample": "{\n  \"action\": \"post\",\n  \"data\": {\n    \"dry_run\": true\n  },\n  \"dry_run\": true,\n  \"path\": \"/conversations/0-2576543425\",\n  \"resource\": \"conversations\",\n  \"status\": 0,\n  \"success\": false\n}\nPOST https://api.hostex.io/v3/conversations/0-2576543425\n  Body:\n{}\n  Hostex-Access-Token: ****KbdV\n\n(dry run - no request sent)\n"
    },
    {
      "command": "conversations send-message",
      "kind": "error_path",
      "args": null,
      "status": "skip",
      "reason": "mutating command; error_path would call live API without --dry-run"
    },
    {
      "command": "conversations send-message",
      "kind": "error_path_real",
      "args": null,
      "status": "skip",
      "reason": "mutating command dry-run only"
    },
    {
      "command": "conversations special-offers get",
      "kind": "help",
      "args": [
        "conversations",
        "special-offers",
        "get",
        "--help"
      ],
      "status": "pass",
      "output_sample": "List the special offers and pre-approvals that have been sent in a conversation, with their current status.\n\nUsage:\n  hostex-pp-cli conversations special-offers get \u003cconversation_id\u003e [flags]\n\nExamples:\n  hostex-pp-cli conversations special-offers get 550e8400-e29b-41d4-a716-446655440000\n\nFlags:\n  -h, --help   help for get\n\nGlobal Flags:\n      --agent                   Set all agent-friendly defaults (--json --compact --no-input --no-color --yes)\n      --allow-partial-failure   Downgrade response-body partial-failure (e.g. partialFailureError) to a warning instead of a non-zero exit\n      --compact                 Return only key fields (id, name, status, timestamps) for minimal token usage\n      --config string           Config file path\n      --csv                     Output as CSV (table and array responses)\n      --data-source string      Data source for read commands: auto (live with local fallback), live (API only), local (synced data only) (default \"auto\")\n      --deliver string          Route output to a sink: stdout (default), file:\u003cpath\u003e, webhook:\u003curl\u003e\n      --dry-run                 Show request without sending\n      --home string             Root directory for config, data, state, and cache files\n      --human-friendly          Enable colored output and rich formatting\n      --idempotent              Treat already-existing create results as a successful no-op\n      --ignore-missing          Treat missing delete targets as a successful no-op\n      --json                    Output as JSON\n      --max-age duration        Maximum acceptable age of local-store data before a stderr hint suggests sync; 0 disables (default 30m0s)\n      --no-cache                Bypass response cache\n      --no-color                Disable colored output\n      --no-input                Disable all interactive prompts (for CI/agents)\n      --plain                   Output as plain tab-separated text\n      --profile string          Apply values from a saved profile (see 'hostex-pp-cli profile list')\n      --quiet                   Bare output, one value per line\n      --rate-limit float        Max requests per second (0 to disable)\n      --select string           Comma-separated fields to include in output (e.g. --select id,name,status)\n      --timeout duration        Request timeout (default 1m0s)\n      --yes                     Skip confirmation prompts (for agents and scripts)\n"
    },
    {
      "command": "conversations special-offers get",
      "kind": "happy_path",
      "args": [
        "conversations",
        "special-offers",
        "get",
        "0-2576543425"
      ],
      "status": "pass",
      "fixture_source": "store",
      "output_sample": "{\n  \"meta\": {\n    \"source\": \"live\"\n  },\n  \"results\": {\n    \"request_id\": \"RT2026062713360898208b4\",\n    \"error_code\": 200,\n    \"error_msg\": \"Done.\",\n    \"data\": {\n      \"special_offers\": []\n    }\n  }\n}\n"
    },
    {
      "command": "conversations special-offers get",
      "kind": "json_fidelity",
      "args": [
        "conversations",
        "special-offers",
        "get",
        "0-2576543425",
        "--json"
      ],
      "status": "pass",
      "fixture_source": "store",
      "output_sample": "{\n  \"meta\": {\n    \"source\": \"live\"\n  },\n  \"results\": {\n    \"request_id\": \"RT2026062713360898208b4\",\n    \"error_code\": 200,\n    \"error_msg\": \"Done.\",\n    \"data\": {\n      \"special_offers\": []\n    }\n  }\n}\n"
    },
    {
      "command": "conversations special-offers get",
      "kind": "error_path",
      "args": [
        "conversations",
        "special-offers",
        "get",
        "__printing_press_invalid__"
      ],
      "status": "pass",
      "exit_code": 4,
      "output_sample": "Error: GET /conversations/__printing_press_invalid__/special_offers returned HTTP 403: No permission on access.\nhint: permission denied. Your credentials are valid but lack access to this resource.\n      Check that your credentials have the required permissions and match the API's expected auth scheme.\n      Set one of: export HOSTEX_ACCESS_TOKEN=\"your-token-here\" or export HOSTEX_HOSTEX_ACCESS_TOKEN=\"your-token-here\"\n      Run 'hostex-pp-cli doctor' to check auth status.\n"
    },
    {
      "command": "conversations special-offers send",
      "kind": "help",
      "args": [
        "conversations",
        "special-offers",
        "send",
        "--help"
      ],
      "status": "pass",
      "output_sample": "Send a special offer to the guest in a conversation.\n\nUsage:\n  hostex-pp-cli conversations special-offers send \u003cconversation_id\u003e [flags]\n\nAliases:\n  send, create\n\nExamples:\n  hostex-pp-cli conversations special-offers send 550e8400-e29b-41d4-a716-446655440000 --check-in-date 2026-01-15\n\nFlags:\n      --check-in-date YYYY-MM-DD    Check-in date of the offered stay, YYYY-MM-DD.\n      --check-out-date YYYY-MM-DD   Check-out date of the offered stay, YYYY-MM-DD. Must be after `check_in_date`.\n      --currency price              Currency code of price, e.g. `USD`. Required for booking-site (direct booking) conversations; ignored on Airbnb.\n  -h, --help                        help for send\n      --listing-id GET /listings    The channel listing id to offer, as returned by GET /listings.\n      --number-of-adults int        Number of adults.\n      --number-of-children int      Number of children. Defaults to 0.\n      --number-of-infants int       Number of infants. Defaults to 0.\n      --number-of-pets int          Number of pets. Defaults to 0.\n      --price float                 Total price for the whole stay, in major currency units (not per night).\n      --rate-plan-id string         The rate plan to offer. Required for booking-site (direct booking) conversations; ignored on Airbnb.\n      --stdin                       Read request body as JSON from stdin\n\nGlobal Flags:\n      --agent                   Set all agent-friendly defaults (--json --compact --no-input --no-color --yes)\n      --allow-partial-failure   Downgrade response-body partial-failure (e.g. partialFailureError) to a warning instead of a non-zero exit\n      --compact                 Return only key fields (id, name, status, timestamps) for minimal token usage\n      --config string           Config file path\n      --csv                     Output as CSV (table and array responses)\n      --data-source string      Data source for read commands: auto (live with local fallback), live (API only), local (synced data only) (default \"auto\")\n      --deliver string          Route output to a sink: stdout (default), file:\u003cpath\u003e, webhook:\u003curl\u003e\n      --dry-run                 Show request without sending\n      --home string             Root directory for config, data, state, and cache files\n      --human-friendly          Enable colored output and rich formatting\n      --idempotent              Treat already-existing create results as a successful no-op\n      --ignore-missing          Treat missing delete targets as a successful no-op\n      --json                    Output as JSON\n      --max-age duration        Maximum acceptable age of local-store data before a stderr hint suggests sync; 0 disables (default 30m0s)\n      --no-cache                Bypass response cache\n      --no-color                Disable colored output\n      --no-input                Disable all interactive prompts (for CI/agents)\n      --plain                   Output as plain tab-separated text\n      --profile string          Apply values from a saved profile (see 'hostex-pp-cli profile list')\n      --quiet                   Bare output, one value per line\n      --rate-limit float        Max requests per second (0 to disable)\n      --select string           Comma-separated fields to include in output (e.g. --select id,name,status)\n      --timeout duration        Request timeout (default 1m0s)\n      --yes                     Skip confirmation prompts (for agents and scripts)\n"
    },
    {
      "command": "conversations special-offers send",
      "kind": "happy_path",
      "args": [
        "conversations",
        "special-offers",
        "send",
        "0-2576543425",
        "--check-in-date",
        "2026-01-15",
        "--dry-run"
      ],
      "status": "pass",
      "fixture_source": "store",
      "output_sample": "{\n  \"action\": \"post\",\n  \"data\": {\n    \"dry_run\": true\n  },\n  \"dry_run\": true,\n  \"path\": \"/conversations/0-2576543425/special_offers\",\n  \"resource\": \"special-offers\",\n  \"status\": 0,\n  \"success\": false\n}\nPOST https://api.hostex.io/v3/conversations/0-2576543425/special_offers\n  Body:\n{\n    \"check_in_date\": \"2026-01-15\"\n  }\n  Hostex-Access-Token: ****KbdV\n\n(dry run - no request sent)\n"
    },
    {
      "command": "conversations special-offers send",
      "kind": "json_fidelity",
      "args": [
        "conversations",
        "special-offers",
        "send",
        "0-2576543425",
        "--check-in-date",
        "2026-01-15",
        "--dry-run",
        "--json"
      ],
      "status": "pass",
      "fixture_source": "store",
      "output_sample": "{\n  \"action\": \"post\",\n  \"data\": {\n    \"dry_run\": true\n  },\n  \"dry_run\": true,\n  \"path\": \"/conversations/0-2576543425/special_offers\",\n  \"resource\": \"special-offers\",\n  \"status\": 0,\n  \"success\": false\n}\nPOST https://api.hostex.io/v3/conversations/0-2576543425/special_offers\n  Body:\n{\n    \"check_in_date\": \"2026-01-15\"\n  }\n  Hostex-Access-Token: ****KbdV\n\n(dry run - no request sent)\n"
    },
    {
      "command": "conversations special-offers send",
      "kind": "error_path",
      "args": null,
      "status": "skip",
      "reason": "mutating command; error_path would call live API without --dry-run"
    },
    {
      "command": "conversations special-offers send",
      "kind": "error_path_real",
      "args": null,
      "status": "skip",
      "reason": "mutating command dry-run only"
    },
    {
      "command": "conversations special-offers withdraw",
      "kind": "help",
      "args": [
        "conversations",
        "special-offers",
        "withdraw",
        "--help"
      ],
      "status": "pass",
      "output_sample": "Withdraw a previously sent special offer or pre-approval that is still active.\n\nUsage:\n  hostex-pp-cli conversations special-offers withdraw \u003cconversation_id\u003e \u003cspecial_offer_id\u003e [flags]\n\nAliases:\n  withdraw, delete\n\nExamples:\n  hostex-pp-cli conversations special-offers withdraw 550e8400-e29b-41d4-a716-446655440000 550e8400-e29b-41d4-a716-446655440000\n\nFlags:\n  -h, --help   help for withdraw\n\nGlobal Flags:\n      --agent                   Set all agent-friendly defaults (--json --compact --no-input --no-color --yes)\n      --allow-partial-failure   Downgrade response-body partial-failure (e.g. partialFailureError) to a warning instead of a non-zero exit\n      --compact                 Return only key fields (id, name, status, timestamps) for minimal token usage\n      --config string           Config file path\n      --csv                     Output as CSV (table and array responses)\n      --data-source string      Data source for read commands: auto (live with local fallback), live (API only), local (synced data only) (default \"auto\")\n      --deliver string          Route output to a sink: stdout (default), file:\u003cpath\u003e, webhook:\u003curl\u003e\n      --dry-run                 Show request without sending\n      --home string             Root directory for config, data, state, and cache files\n      --human-friendly          Enable colored output and rich formatting\n      --idempotent              Treat already-existing create results as a successful no-op\n      --ignore-missing          Treat missing delete targets as a successful no-op\n      --json                    Output as JSON\n      --max-age duration        Maximum acceptable age of local-store data before a stderr hint suggests sync; 0 disables (default 30m0s)\n      --no-cache                Bypass response cache\n      --no-color                Disable colored output\n      --no-input                Disable all interactive prompts (for CI/agents)\n      --plain                   Output as plain tab-separated text\n      --profile string          Apply values from a saved profile (see 'hostex-pp-cli profile list')\n      --quiet                   Bare output, one value per line\n      --rate-limit float        Max requests per second (0 to disable)\n      --select string           Comma-separated fields to include in output (e.g. --select id,name,status)\n      --timeout duration        Request timeout (default 1m0s)\n      --yes                     Skip confirmation prompts (for agents and scripts)\n"
    },
    {
      "command": "conversations special-offers withdraw",
      "kind": "happy_path",
      "args": null,
      "status": "skip",
      "reason": "blocked-fixture: required API parameter"
    },
    {
      "command": "conversations special-offers withdraw",
      "kind": "json_fidelity",
      "args": null,
      "status": "skip",
      "reason": "blocked-fixture: required API parameter"
    },
    {
      "command": "conversations special-offers withdraw",
      "kind": "error_path",
      "args": null,
      "status": "skip",
      "reason": "mutating command; error_path would call live API without --dry-run"
    },
    {
      "command": "conversations special-offers withdraw",
      "kind": "error_path_real",
      "args": null,
      "status": "skip",
      "reason": "blocked-fixture: required API parameter"
    },
    {
      "command": "custom-channels",
      "kind": "help",
      "args": [
        "custom-channels",
        "--help"
      ],
      "status": "pass",
      "output_sample": "Query custom channels created from the [Custom Options Page](https://hostex.io/app/settings/custom-options).\n\nUsage:\n  hostex-pp-cli custom-channels [flags]\n\nExamples:\n  hostex-pp-cli custom-channels\n\nFlags:\n  -h, --help   help for custom-channels\n\nGlobal Flags:\n      --agent                   Set all agent-friendly defaults (--json --compact --no-input --no-color --yes)\n      --allow-partial-failure   Downgrade response-body partial-failure (e.g. partialFailureError) to a warning instead of a non-zero exit\n      --compact                 Return only key fields (id, name, status, timestamps) for minimal token usage\n      --config string           Config file path\n      --csv                     Output as CSV (table and array responses)\n      --data-source string      Data source for read commands: auto (live with local fallback), live (API only), local (synced data only) (default \"auto\")\n      --deliver string          Route output to a sink: stdout (default), file:\u003cpath\u003e, webhook:\u003curl\u003e\n      --dry-run                 Show request without sending\n      --home string             Root directory for config, data, state, and cache files\n      --human-friendly          Enable colored output and rich formatting\n      --idempotent              Treat already-existing create results as a successful no-op\n      --ignore-missing          Treat missing delete targets as a successful no-op\n      --json                    Output as JSON\n      --max-age duration        Maximum acceptable age of local-store data before a stderr hint suggests sync; 0 disables (default 30m0s)\n      --no-cache                Bypass response cache\n      --no-color                Disable colored output\n      --no-input                Disable all interactive prompts (for CI/agents)\n      --plain                   Output as plain tab-separated text\n      --profile string          Apply values from a saved profile (see 'hostex-pp-cli profile list')\n      --quiet                   Bare output, one value per line\n      --rate-limit float        Max requests per second (0 to disable)\n      --select string           Comma-separated fields to include in output (e.g. --select id,name,status)\n      --timeout duration        Request timeout (default 1m0s)\n      --yes                     Skip confirmation prompts (for agents and scripts)\n"
    },
    {
      "command": "custom-channels",
      "kind": "happy_path",
      "args": [
        "custom-channels"
      ],
      "status": "pass",
      "output_sample": "{\"meta\":{\"source\":\"live\"},\"results\":{\"data\":{\"custom_channels\":[{\"id\":1,\"name\":\"\u003credacted\u003e\"},{\"id\":2,\"name\":\"\u003credacted\u003e\"},{\"id\":8,\"name\":\"\u003credacted\u003e\"},{\"id\":11,\"name\":\"\u003credacted\u003e\"},{\"id\":17,\"name\":\"\u003credacted\u003e\"},{\"id\":26,\"name\":\"\u003credacted\u003e\"},{\"id\":29,\"name\":\"\u003credacted\u003e\"}]},\"error_code\":200,\"error_msg\":\"Done.\",\"request_id\":\"RT2026062713361190908b4\"}}"
    },
    {
      "command": "custom-channels",
      "kind": "json_fidelity",
      "args": [
        "custom-channels",
        "--json"
      ],
      "status": "pass",
      "output_sample": "{\"meta\":{\"source\":\"live\"},\"results\":{\"data\":{\"custom_channels\":[{\"id\":1,\"name\":\"\u003credacted\u003e\"},{\"id\":2,\"name\":\"\u003credacted\u003e\"},{\"id\":8,\"name\":\"\u003credacted\u003e\"},{\"id\":11,\"name\":\"\u003credacted\u003e\"},{\"id\":17,\"name\":\"\u003credacted\u003e\"},{\"id\":26,\"name\":\"\u003credacted\u003e\"},{\"id\":29,\"name\":\"\u003credacted\u003e\"}]},\"error_code\":200,\"error_msg\":\"Done.\",\"request_id\":\"RT2026062713361190908b4\"}}"
    },
    {
      "command": "custom-channels",
      "kind": "error_path",
      "args": null,
      "status": "skip",
      "reason": "no positional argument"
    },
    {
      "command": "doctor",
      "kind": "help",
      "args": [
        "doctor",
        "--help"
      ],
      "status": "pass",
      "output_sample": "Check CLI health\n\nUsage:\n  hostex-pp-cli doctor [flags]\n\nExamples:\n  hostex-pp-cli doctor\n  hostex-pp-cli doctor --json\n  hostex-pp-cli doctor --fail-on warn\n  hostex-pp-cli doctor --fail-on stale\n\nFlags:\n      --fail-on string   Exit non-zero for selected health gates. stale: cache freshness plus errors; warn: credential/path warnings plus errors; error: errors only. Default is never.\n  -h, --help             help for doctor\n\nGlobal Flags:\n      --agent                   Set all agent-friendly defaults (--json --compact --no-input --no-color --yes)\n      --allow-partial-failure   Downgrade response-body partial-failure (e.g. partialFailureError) to a warning instead of a non-zero exit\n      --compact                 Return only key fields (id, name, status, timestamps) for minimal token usage\n      --config string           Config file path\n      --csv                     Output as CSV (table and array responses)\n      --data-source string      Data source for read commands: auto (live with local fallback), live (API only), local (synced data only) (default \"auto\")\n      --deliver string          Route output to a sink: stdout (default), file:\u003cpath\u003e, webhook:\u003curl\u003e\n      --dry-run                 Show request without sending\n      --home string             Root directory for config, data, state, and cache files\n      --human-friendly          Enable colored output and rich formatting\n      --idempotent              Treat already-existing create results as a successful no-op\n      --ignore-missing          Treat missing delete targets as a successful no-op\n      --json                    Output as JSON\n      --max-age duration        Maximum acceptable age of local-store data before a stderr hint suggests sync; 0 disables (default 30m0s)\n      --no-cache                Bypass response cache\n      --no-color                Disable colored output\n      --no-input                Disable all interactive prompts (for CI/agents)\n      --plain                   Output as plain tab-separated text\n      --profile string          Apply values from a saved profile (see 'hostex-pp-cli profile list')\n      --quiet                   Bare output, one value per line\n      --rate-limit float        Max requests per second (0 to disable)\n      --select string           Comma-separated fields to include in output (e.g. --select id,name,status)\n      --timeout duration        Request timeout (default 1m0s)\n      --yes                     Skip confirmation prompts (for agents and scripts)\n"
    },
    {
      "command": "doctor",
      "kind": "happy_path",
      "args": [
        "doctor"
      ],
      "status": "pass",
      "output_sample": "  OK Config: ok\n  OK Auth: configured\n  OK Env Vars: OK HOSTEX_HOSTEX_ACCESS_TOKEN optional\n  OK Verify Mode: normal operation\n  OK API: reachable\n  INFO Credentials: present, not verified. Run any read command to confirm the token works end-to-end.\n  config_path: /var/folders/ys/lr3bkj4x2773n5bfchm99wc40000gn/T/printing-press-subprocess-3907342488/.config/hostex-pp-cli/config.toml\n  base_url: https://api.hostex.io/v3\n  auth_source: env:HOSTEX_ACCESS_TOKEN\n  credentials_location: env:HOSTEX_ACCESS_TOKEN\n  version: 1.0.0\n  INFO Cache: unknown\n    db_path: /var/folders/ys/lr3bkj4x2773n5bfchm99wc40000gn/T/printing-press-subprocess-3907342488/.local/share/hostex-pp-cli/data.db\n    schema_version: 4\n    db_bytes: 520192\n    stale_after: 6h0m0s\n    hint: sync_state is empty; run 'hostex-pp-cli sync' to hydrate.\n  Paths:\n    config: /var/folders/ys/lr3bkj4x2773n5bfchm99wc40000gn/T/printing-press-subprocess-3907342488/.config/hostex-pp-cli (XDG_CONFIG_HOME)\n    data: /var/folders/ys/lr3bkj4x2773n5bfchm99wc40000gn/T/printing-press-subprocess-3907342488/.local/share/hostex-pp-cli (XDG_DATA_HOME)\n    state: /var/folders/ys/lr3bkj4x2773n5bfchm99wc40000gn/T/printing-press-subprocess-3907342488/.local/state/hostex-pp-cli (XDG_STATE_HOME)\n    cache: /var/folders/ys/lr3bkj4x2773n5bfchm99wc40000gn/T/printing-press-subprocess-3907342488/.cache/hostex-pp-cli (XDG_CACHE_HOME)\n"
    },
    {
      "command": "doctor",
      "kind": "json_fidelity",
      "args": [
        "doctor",
        "--json"
      ],
      "status": "pass",
      "output_sample": "{\n  \"agentcookie\": \"not detected (optional)\",\n  \"api\": \"reachable\",\n  \"auth\": \"configured\",\n  \"auth_source\": \"env:HOSTEX_ACCESS_TOKEN\",\n  \"base_url\": \"https://api.hostex.io/v3\",\n  \"cache\": {\n    \"db_bytes\": 520192,\n    \"db_path\": \"/var/folders/ys/lr3bkj4x2773n5bfchm99wc40000gn/T/printing-press-subprocess-3907342488/.local/share/hostex-pp-cli/data.db\",\n    \"hint\": \"sync_state is empty; run 'hostex-pp-cli sync' to hydrate.\",\n    \"resources\": null,\n    \"schema_version\": 4,\n    \"stale_after\": \"6h0m0s\",\n    \"status\": \"unknown\"\n  },\n  \"config\": \"ok\",\n  \"config_path\": \"/var/folders/ys/lr3bkj4x2773n5bfchm99wc40000gn/T/printing-press-subprocess-3907342488/.config/hostex-pp-cli/config.toml\",\n  \"credentials\": \"present, not verified. Run any read command to confirm the token works end-to-end.\",\n  \"credentials_location\": \"env:HOSTEX_ACCESS_TOKEN\",\n  \"env_vars\": \"OK HOSTEX_HOSTEX_ACCESS_TOKEN optional\",\n  \"paths\": {\n    \"cache\": {\n      \"dir\": \"/var/folders/ys/lr3bkj4x2773n5bfchm99wc40000gn/T/printing-press-subprocess-3907342488/.cache/hostex-pp-cli\",\n      \"rung\": \"xdg-env\",\n      \"source\": \"XDG_CACHE_HOME\"\n    },\n    \"config\": {\n      \"dir\": \"/var/folders/ys/lr3bkj4x2773n5bfchm99wc40000gn/T/printing-press-subprocess-3907342488/.config/hostex-pp-cli\",\n      \"rung\": \"xdg-env\",\n      \"source\": \"XDG_CONFIG_HOME\"\n    },\n    \"data\": {\n      \"dir\": \"/var/folders/ys/lr3bkj4x2773n5bfchm99wc40000gn/T/printing-press-subprocess-3907342488/.local/share/hostex-pp-cli\",\n      \"rung\": \"xdg-env\",\n      \"source\": \"XDG_DATA_HOME\"\n    },\n    \"state\": {\n      \"dir\": \"/var/folders/ys/lr3bkj4x2773n5bfchm99wc40000gn/T/printing-press-subprocess-3907342488/.local/state/hostex-pp-cli\",\n      \"rung\": \"xdg-env\",\n      \"source\": \"XDG_STATE_HOME\"\n    },\n    \"status\": \"ok\"\n  },\n  \"verify_mode\": \"normal operation\",\n  \"version\": \"1.0.0\"\n}\n"
    },
    {
      "command": "doctor",
      "kind": "error_path",
      "args": null,
      "status": "skip",
      "reason": "no positional argument"
    },
    {
      "command": "expense-items",
      "kind": "help",
      "args": [
        "expense-items",
        "--help"
      ],
      "status": "pass",
      "output_sample": "Query the dictionary of expense item categorizations available to the operator.\n\nUsage:\n  hostex-pp-cli expense-items [flags]\n\nExamples:\n  hostex-pp-cli expense-items\n\nFlags:\n  -h, --help   help for expense-items\n\nGlobal Flags:\n      --agent                   Set all agent-friendly defaults (--json --compact --no-input --no-color --yes)\n      --allow-partial-failure   Downgrade response-body partial-failure (e.g. partialFailureError) to a warning instead of a non-zero exit\n      --compact                 Return only key fields (id, name, status, timestamps) for minimal token usage\n      --config string           Config file path\n      --csv                     Output as CSV (table and array responses)\n      --data-source string      Data source for read commands: auto (live with local fallback), live (API only), local (synced data only) (default \"auto\")\n      --deliver string          Route output to a sink: stdout (default), file:\u003cpath\u003e, webhook:\u003curl\u003e\n      --dry-run                 Show request without sending\n      --home string             Root directory for config, data, state, and cache files\n      --human-friendly          Enable colored output and rich formatting\n      --idempotent              Treat already-existing create results as a successful no-op\n      --ignore-missing          Treat missing delete targets as a successful no-op\n      --json                    Output as JSON\n      --max-age duration        Maximum acceptable age of local-store data before a stderr hint suggests sync; 0 disables (default 30m0s)\n      --no-cache                Bypass response cache\n      --no-color                Disable colored output\n      --no-input                Disable all interactive prompts (for CI/agents)\n      --plain                   Output as plain tab-separated text\n      --profile string          Apply values from a saved profile (see 'hostex-pp-cli profile list')\n      --quiet                   Bare output, one value per line\n      --rate-limit float        Max requests per second (0 to disable)\n      --select string           Comma-separated fields to include in output (e.g. --select id,name,status)\n      --timeout duration        Request timeout (default 1m0s)\n      --yes                     Skip confirmation prompts (for agents and scripts)\n"
    },
    {
      "command": "expense-items",
      "kind": "happy_path",
      "args": [
        "expense-items"
      ],
      "status": "pass",
      "output_sample": "{\"meta\":{\"source\":\"live\"},\"results\":{\"data\":{\"expense_items\":[{\"id\":0,\"name\":\"\u003credacted\u003e\"},{\"id\":1,\"name\":\"\u003credacted\u003e\"},{\"id\":2,\"name\":\"\u003credacted\u003e\"},{\"id\":3,\"name\":\"\u003credacted\u003e\"},{\"id\":4,\"name\":\"\u003credacted\u003e\"},{\"id\":5,\"name\":\"\u003credacted\u003e\"},{\"id\":14,\"name\":\"\u003credacted\u003e\"},{\"id\":15,\"name\":\"\u003credacted\u003e\"},{\"id\":16,\"name\":\"\u003credacted\u003e\"},{\"id\":17,\"name\":\"\u003credacted\u003e\"},{\"id\":18,\"name\":\"\u003credacted\u003e\"},{\"id\":19,\"name\":\"\u003credacted\u003e\"},{\"id\":20,\"name\":\"\u003credacted\u003e\"}]},\"error_code\":200,\"error_msg\":\"Done.\",\"request_id\":\"RT2026062713361418810\"}}"
    },
    {
      "command": "expense-items",
      "kind": "json_fidelity",
      "args": [
        "expense-items",
        "--json"
      ],
      "status": "pass",
      "output_sample": "{\"meta\":{\"source\":\"live\"},\"results\":{\"data\":{\"expense_items\":[{\"id\":0,\"name\":\"\u003credacted\u003e\"},{\"id\":1,\"name\":\"\u003credacted\u003e\"},{\"id\":2,\"name\":\"\u003credacted\u003e\"},{\"id\":3,\"name\":\"\u003credacted\u003e\"},{\"id\":4,\"name\":\"\u003credacted\u003e\"},{\"id\":5,\"name\":\"\u003credacted\u003e\"},{\"id\":14,\"name\":\"\u003credacted\u003e\"},{\"id\":15,\"name\":\"\u003credacted\u003e\"},{\"id\":16,\"name\":\"\u003credacted\u003e\"},{\"id\":17,\"name\":\"\u003credacted\u003e\"},{\"id\":18,\"name\":\"\u003credacted\u003e\"},{\"id\":19,\"name\":\"\u003credacted\u003e\"},{\"id\":20,\"name\":\"\u003credacted\u003e\"}]},\"error_code\":200,\"error_msg\":\"Done.\",\"request_id\":\"RT2026062713361418810\"}}"
    },
    {
      "command": "expense-items",
      "kind": "error_path",
      "args": null,
      "status": "skip",
      "reason": "no positional argument"
    },
    {
      "command": "expense-methods",
      "kind": "help",
      "args": [
        "expense-methods",
        "--help"
      ],
      "status": "pass",
      "output_sample": "Query the dictionary of payment methods available to the operator for expense entries.\n\nUsage:\n  hostex-pp-cli expense-methods [flags]\n\nExamples:\n  hostex-pp-cli expense-methods\n\nFlags:\n  -h, --help   help for expense-methods\n\nGlobal Flags:\n      --agent                   Set all agent-friendly defaults (--json --compact --no-input --no-color --yes)\n      --allow-partial-failure   Downgrade response-body partial-failure (e.g. partialFailureError) to a warning instead of a non-zero exit\n      --compact                 Return only key fields (id, name, status, timestamps) for minimal token usage\n      --config string           Config file path\n      --csv                     Output as CSV (table and array responses)\n      --data-source string      Data source for read commands: auto (live with local fallback), live (API only), local (synced data only) (default \"auto\")\n      --deliver string          Route output to a sink: stdout (default), file:\u003cpath\u003e, webhook:\u003curl\u003e\n      --dry-run                 Show request without sending\n      --home string             Root directory for config, data, state, and cache files\n      --human-friendly          Enable colored output and rich formatting\n      --idempotent              Treat already-existing create results as a successful no-op\n      --ignore-missing          Treat missing delete targets as a successful no-op\n      --json                    Output as JSON\n      --max-age duration        Maximum acceptable age of local-store data before a stderr hint suggests sync; 0 disables (default 30m0s)\n      --no-cache                Bypass response cache\n      --no-color                Disable colored output\n      --no-input                Disable all interactive prompts (for CI/agents)\n      --plain                   Output as plain tab-separated text\n      --profile string          Apply values from a saved profile (see 'hostex-pp-cli profile list')\n      --quiet                   Bare output, one value per line\n      --rate-limit float        Max requests per second (0 to disable)\n      --select string           Comma-separated fields to include in output (e.g. --select id,name,status)\n      --timeout duration        Request timeout (default 1m0s)\n      --yes                     Skip confirmation prompts (for agents and scripts)\n"
    },
    {
      "command": "expense-methods",
      "kind": "happy_path",
      "args": [
        "expense-methods"
      ],
      "status": "pass",
      "output_sample": "{\"meta\":{\"source\":\"live\"},\"results\":{\"data\":{\"expense_methods\":[{\"id\":23,\"name\":\"\u003credacted\u003e\"},{\"id\":12,\"name\":\"\u003credacted\u003e\"},{\"id\":25,\"name\":\"\u003credacted\u003e\"},{\"id\":26,\"name\":\"\u003credacted\u003e\"},{\"id\":5,\"name\":\"\u003credacted\u003e\"},{\"id\":16,\"name\":\"\u003credacted\u003e\"},{\"id\":9,\"name\":\"\u003credacted\u003e\"},{\"id\":30,\"name\":\"\u003credacted\u003e\"},{\"id\":31,\"name\":\"\u003credacted\u003e\"},{\"id\":153,\"name\":\"\u003credacted\u003e\"},{\"id\":155,\"name\":\"\u003credacted\u003e\"},{\"id\":156,\"name\":\"\u003credacted\u003e\"},{\"id\":157,\"name\":\"\u003credacted\u003e\"},{\"id\":158,\"name\":\"\u003credacted\u003e\"},{\"id\":159,\"name\":\"\u003credacted\u003e\"}]},\"error_code\":200,\"error_msg\":\"Done.\",\"request_id\":\"RT2026062713361572107\"}}"
    },
    {
      "command": "expense-methods",
      "kind": "json_fidelity",
      "args": [
        "expense-methods",
        "--json"
      ],
      "status": "pass",
      "output_sample": "{\"meta\":{\"source\":\"live\"},\"results\":{\"data\":{\"expense_methods\":[{\"id\":23,\"name\":\"\u003credacted\u003e\"},{\"id\":12,\"name\":\"\u003credacted\u003e\"},{\"id\":25,\"name\":\"\u003credacted\u003e\"},{\"id\":26,\"name\":\"\u003credacted\u003e\"},{\"id\":5,\"name\":\"\u003credacted\u003e\"},{\"id\":16,\"name\":\"\u003credacted\u003e\"},{\"id\":9,\"name\":\"\u003credacted\u003e\"},{\"id\":30,\"name\":\"\u003credacted\u003e\"},{\"id\":31,\"name\":\"\u003credacted\u003e\"},{\"id\":153,\"name\":\"\u003credacted\u003e\"},{\"id\":155,\"name\":\"\u003credacted\u003e\"},{\"id\":156,\"name\":\"\u003credacted\u003e\"},{\"id\":157,\"name\":\"\u003credacted\u003e\"},{\"id\":158,\"name\":\"\u003credacted\u003e\"},{\"id\":159,\"name\":\"\u003credacted\u003e\"}]},\"error_code\":200,\"error_msg\":\"Done.\",\"request_id\":\"RT2026062713361572107\"}}"
    },
    {
      "command": "expense-methods",
      "kind": "error_path",
      "args": null,
      "status": "skip",
      "reason": "no positional argument"
    },
    {
      "command": "export",
      "kind": "help",
      "args": [
        "export",
        "--help"
      ],
      "status": "pass",
      "output_sample": "Export paginated API data to a local file. Supports JSONL (one JSON object\nper line, streaming-friendly) and JSON (array). JSONL is recommended for\nlarge datasets as it has no memory pressure.\n\nUsage:\n  hostex-pp-cli export \u003cresource\u003e [id] [flags]\n\nExamples:\n  # Export all items as JSONL (streaming, recommended for large datasets)\n  hostex-pp-cli export \u003cresource\u003e --format jsonl --output data.jsonl\n\n  # Export with limit\n  hostex-pp-cli export \u003cresource\u003e --format jsonl --limit 1000\n\n  # Pipe to another tool\n  hostex-pp-cli export \u003cresource\u003e --format jsonl | jq '.id'\n\nFlags:\n      --format string   Output format: jsonl or json (default \"jsonl\")\n  -h, --help            help for export\n      --limit int       Maximum records to export (0 = unlimited)\n      --no-cache        Bypass response cache for fresh data\n  -o, --output string   Output file path (default: stdout)\n\nGlobal Flags:\n      --agent                   Set all agent-friendly defaults (--json --compact --no-input --no-color --yes)\n      --allow-partial-failure   Downgrade response-body partial-failure (e.g. partialFailureError) to a warning instead of a non-zero exit\n      --compact                 Return only key fields (id, name, status, timestamps) for minimal token usage\n      --config string           Config file path\n      --csv                     Output as CSV (table and array responses)\n      --data-source string      Data source for read commands: auto (live with local fallback), live (API only), local (synced data only) (default \"auto\")\n      --deliver string          Route output to a sink: stdout (default), file:\u003cpath\u003e, webhook:\u003curl\u003e\n      --dry-run                 Show request without sending\n      --home string             Root directory for config, data, state, and cache files\n      --human-friendly          Enable colored output and rich formatting\n      --idempotent              Treat already-existing create results as a successful no-op\n      --ignore-missing          Treat missing delete targets as a successful no-op\n      --json                    Output as JSON\n      --max-age duration        Maximum acceptable age of local-store data before a stderr hint suggests sync; 0 disables (default 30m0s)\n      --no-color                Disable colored output\n      --no-input                Disable all interactive prompts (for CI/agents)\n      --plain                   Output as plain tab-separated text\n      --profile string          Apply values from a saved profile (see 'hostex-pp-cli profile list')\n      --quiet                   Bare output, one value per line\n      --rate-limit float        Max requests per second (0 to disable)\n      --select string           Comma-separated fields to include in output (e.g. --select id,name,status)\n      --timeout duration        Request timeout (default 1m0s)\n      --yes                     Skip confirmation prompts (for agents and scripts)\n"
    },
    {
      "command": "export",
      "kind": "happy_path",
      "args": null,
      "status": "skip",
      "reason": "command path [export] has fewer segments than placeholders (2)"
    },
    {
      "command": "export",
      "kind": "json_fidelity",
      "args": null,
      "status": "skip",
      "reason": "command path [export] has fewer segments than placeholders (2)"
    },
    {
      "command": "export",
      "kind": "error_path",
      "args": [
        "export",
        "__printing_press_invalid__"
      ],
      "status": "pass",
      "exit_code": 2,
      "output_sample": "Error: unknown resource \"__printing_press_invalid__\"; valid: availabilities, conversations, groups, listings, properties, reservations, reviews, staffs, tags, tasks, transactions, webhooks\n"
    },
    {
      "command": "feedback list",
      "kind": "help",
      "args": [
        "feedback",
        "list",
        "--help"
      ],
      "status": "pass",
      "output_sample": "List recent feedback entries\n\nUsage:\n  hostex-pp-cli feedback list [flags]\n\nExamples:\n  hostex-pp-cli feedback list\n  hostex-pp-cli feedback list --limit 5\n  hostex-pp-cli feedback list --json\n\nFlags:\n  -h, --help        help for list\n      --limit int   Maximum number of recent entries to return (default 20)\n\nGlobal Flags:\n      --agent                   Set all agent-friendly defaults (--json --compact --no-input --no-color --yes)\n      --allow-partial-failure   Downgrade response-body partial-failure (e.g. partialFailureError) to a warning instead of a non-zero exit\n      --compact                 Return only key fields (id, name, status, timestamps) for minimal token usage\n      --config string           Config file path\n      --csv                     Output as CSV (table and array responses)\n      --data-source string      Data source for read commands: auto (live with local fallback), live (API only), local (synced data only) (default \"auto\")\n      --deliver string          Route output to a sink: stdout (default), file:\u003cpath\u003e, webhook:\u003curl\u003e\n      --dry-run                 Show request without sending\n      --home string             Root directory for config, data, state, and cache files\n      --human-friendly          Enable colored output and rich formatting\n      --idempotent              Treat already-existing create results as a successful no-op\n      --ignore-missing          Treat missing delete targets as a successful no-op\n      --json                    Output as JSON\n      --max-age duration        Maximum acceptable age of local-store data before a stderr hint suggests sync; 0 disables (default 30m0s)\n      --no-cache                Bypass response cache\n      --no-color                Disable colored output\n      --no-input                Disable all interactive prompts (for CI/agents)\n      --plain                   Output as plain tab-separated text\n      --profile string          Apply values from a saved profile (see 'hostex-pp-cli profile list')\n      --quiet                   Bare output, one value per line\n      --rate-limit float        Max requests per second (0 to disable)\n      --select string           Comma-separated fields to include in output (e.g. --select id,name,status)\n      --timeout duration        Request timeout (default 1m0s)\n      --yes                     Skip confirmation prompts (for agents and scripts)\n"
    },
    {
      "command": "feedback list",
      "kind": "happy_path",
      "args": [
        "feedback",
        "list"
      ],
      "status": "pass"
    },
    {
      "command": "feedback list",
      "kind": "json_fidelity",
      "args": [
        "feedback",
        "list",
        "--json"
      ],
      "status": "pass",
      "output_sample": "[]\n"
    },
    {
      "command": "feedback list",
      "kind": "error_path",
      "args": null,
      "status": "skip",
      "reason": "no positional argument"
    },
    {
      "command": "groups create",
      "kind": "help",
      "args": [
        "groups",
        "create",
        "--help"
      ],
      "status": "pass",
      "output_sample": "Create a new property group. Optionally pre-attach properties at creation time via `property_ids`.\n\nUsage:\n  hostex-pp-cli groups create [flags]\n\nExamples:\n  hostex-pp-cli groups create --name example-resource\n\nFlags:\n  -h, --help                  help for create\n      --name string           Group display name. Max 50 characters. Must be unique within the operator's account.\n      --property-ids string   Optional list of property ids to attach to the new group. Each id must belong to the operator.\n      --stdin                 Read request body as JSON from stdin\n\nGlobal Flags:\n      --agent                   Set all agent-friendly defaults (--json --compact --no-input --no-color --yes)\n      --allow-partial-failure   Downgrade response-body partial-failure (e.g. partialFailureError) to a warning instead of a non-zero exit\n      --compact                 Return only key fields (id, name, status, timestamps) for minimal token usage\n      --config string           Config file path\n      --csv                     Output as CSV (table and array responses)\n      --data-source string      Data source for read commands: auto (live with local fallback), live (API only), local (synced data only) (default \"auto\")\n      --deliver string          Route output to a sink: stdout (default), file:\u003cpath\u003e, webhook:\u003curl\u003e\n      --dry-run                 Show request without sending\n      --home string             Root directory for config, data, state, and cache files\n      --human-friendly          Enable colored output and rich formatting\n      --idempotent              Treat already-existing create results as a successful no-op\n      --ignore-missing          Treat missing delete targets as a successful no-op\n      --json                    Output as JSON\n      --max-age duration        Maximum acceptable age of local-store data before a stderr hint suggests sync; 0 disables (default 30m0s)\n      --no-cache                Bypass response cache\n      --no-color                Disable colored output\n      --no-input                Disable all interactive prompts (for CI/agents)\n      --plain                   Output as plain tab-separated text\n      --profile string          Apply values from a saved profile (see 'hostex-pp-cli profile list')\n      --quiet                   Bare output, one value per line\n      --rate-limit float        Max requests per second (0 to disable)\n      --select string           Comma-separated fields to include in output (e.g. --select id,name,status)\n      --timeout duration        Request timeout (default 1m0s)\n      --yes                     Skip confirmation prompts (for agents and scripts)\n"
    },
    {
      "command": "groups create",
      "kind": "happy_path",
      "args": [
        "groups",
        "create",
        "--name",
        "example-resource",
        "--dry-run"
      ],
      "status": "pass",
      "output_sample": "{\n  \"action\": \"post\",\n  \"data\": {\n    \"dry_run\": true\n  },\n  \"dry_run\": true,\n  \"path\": \"/groups\",\n  \"resource\": \"groups\",\n  \"status\": 0,\n  \"success\": false\n}\nPOST https://api.hostex.io/v3/groups\n  Body:\n{\n    \"name\": \"\u003credacted\u003e\"\n  }\n  Hostex-Access-Token: ****KbdV\n\n(dry run - no request sent)\n"
    },
    {
      "command": "groups create",
      "kind": "json_fidelity",
      "args": [
        "groups",
        "create",
        "--name",
        "example-resource",
        "--dry-run",
        "--json"
      ],
      "status": "pass",
      "output_sample": "{\n  \"action\": \"post\",\n  \"data\": {\n    \"dry_run\": true\n  },\n  \"dry_run\": true,\n  \"path\": \"/groups\",\n  \"resource\": \"groups\",\n  \"status\": 0,\n  \"success\": false\n}\nPOST https://api.hostex.io/v3/groups\n  Body:\n{\n    \"name\": \"\u003credacted\u003e\"\n  }\n  Hostex-Access-Token: ****KbdV\n\n(dry run - no request sent)\n"
    },
    {
      "command": "groups create",
      "kind": "error_path",
      "args": null,
      "status": "skip",
      "reason": "no positional argument"
    },
    {
      "command": "groups create",
      "kind": "error_path_real",
      "args": null,
      "status": "skip",
      "reason": "mutating command dry-run only"
    },
    {
      "command": "groups delete",
      "kind": "help",
      "args": [
        "groups",
        "delete",
        "--help"
      ],
      "status": "pass",
      "output_sample": "Delete a property group.\n\nUsage:\n  hostex-pp-cli groups delete \u003cid\u003e [flags]\n\nExamples:\n  hostex-pp-cli groups delete 550e8400-e29b-41d4-a716-446655440000\n\nFlags:\n  -h, --help   help for delete\n\nGlobal Flags:\n      --agent                   Set all agent-friendly defaults (--json --compact --no-input --no-color --yes)\n      --allow-partial-failure   Downgrade response-body partial-failure (e.g. partialFailureError) to a warning instead of a non-zero exit\n      --compact                 Return only key fields (id, name, status, timestamps) for minimal token usage\n      --config string           Config file path\n      --csv                     Output as CSV (table and array responses)\n      --data-source string      Data source for read commands: auto (live with local fallback), live (API only), local (synced data only) (default \"auto\")\n      --deliver string          Route output to a sink: stdout (default), file:\u003cpath\u003e, webhook:\u003curl\u003e\n      --dry-run                 Show request without sending\n      --home string             Root directory for config, data, state, and cache files\n      --human-friendly          Enable colored output and rich formatting\n      --idempotent              Treat already-existing create results as a successful no-op\n      --ignore-missing          Treat missing delete targets as a successful no-op\n      --json                    Output as JSON\n      --max-age duration        Maximum acceptable age of local-store data before a stderr hint suggests sync; 0 disables (default 30m0s)\n      --no-cache                Bypass response cache\n      --no-color                Disable colored output\n      --no-input                Disable all interactive prompts (for CI/agents)\n      --plain                   Output as plain tab-separated text\n      --profile string          Apply values from a saved profile (see 'hostex-pp-cli profile list')\n      --quiet                   Bare output, one value per line\n      --rate-limit float        Max requests per second (0 to disable)\n      --select string           Comma-separated fields to include in output (e.g. --select id,name,status)\n      --timeout duration        Request timeout (default 1m0s)\n      --yes                     Skip confirmation prompts (for agents and scripts)\n"
    },
    {
      "command": "groups delete",
      "kind": "happy_path",
      "args": null,
      "status": "skip",
      "reason": "blocked-fixture: required API parameter"
    },
    {
      "command": "groups delete",
      "kind": "json_fidelity",
      "args": null,
      "status": "skip",
      "reason": "blocked-fixture: required API parameter"
    },
    {
      "command": "groups delete",
      "kind": "error_path",
      "args": null,
      "status": "skip",
      "reason": "mutating command; error_path would call live API without --dry-run"
    },
    {
      "command": "groups delete",
      "kind": "error_path_real",
      "args": null,
      "status": "skip",
      "reason": "blocked-fixture: required API parameter"
    },
    {
      "command": "groups query",
      "kind": "help",
      "args": [
        "groups",
        "query",
        "--help"
      ],
      "status": "pass",
      "output_sample": "You can query property groups by making a request to this endpoint.\n\nUsage:\n  hostex-pp-cli groups query [flags]\n\nAliases:\n  query, list\n\nExamples:\n  hostex-pp-cli groups query\n\nFlags:\n      --all             Fetch all pages\n  -h, --help            help for query\n      --id string       The id of the group.\n      --limit int       The maximum number of results to return. The maximum value is 100. (default 20)\n      --offset string   The starting point from which to begin returning results. (default \"0\")\n\nGlobal Flags:\n      --agent                   Set all agent-friendly defaults (--json --compact --no-input --no-color --yes)\n      --allow-partial-failure   Downgrade response-body partial-failure (e.g. partialFailureError) to a warning instead of a non-zero exit\n      --compact                 Return only key fields (id, name, status, timestamps) for minimal token usage\n      --config string           Config file path\n      --csv                     Output as CSV (table and array responses)\n      --data-source string      Data source for read commands: auto (live with local fallback), live (API only), local (synced data only) (default \"auto\")\n      --deliver string          Route output to a sink: stdout (default), file:\u003cpath\u003e, webhook:\u003curl\u003e\n      --dry-run                 Show request without sending\n      --home string             Root directory for config, data, state, and cache files\n      --human-friendly          Enable colored output and rich formatting\n      --idempotent              Treat already-existing create results as a successful no-op\n      --ignore-missing          Treat missing delete targets as a successful no-op\n      --json                    Output as JSON\n      --max-age duration        Maximum acceptable age of local-store data before a stderr hint suggests sync; 0 disables (default 30m0s)\n      --no-cache                Bypass response cache\n      --no-color                Disable colored output\n      --no-input                Disable all interactive prompts (for CI/agents)\n      --plain                   Output as plain tab-separated text\n      --profile string          Apply values from a saved profile (see 'hostex-pp-cli profile list')\n      --quiet                   Bare output, one value per line\n      --rate-limit float        Max requests per second (0 to disable)\n      --select string           Comma-separated fields to include in output (e.g. --select id,name,status)\n      --timeout duration        Request timeout (default 1m0s)\n      --yes                     Skip confirmation prompts (for agents and scripts)\n"
    },
    {
      "command": "groups query",
      "kind": "happy_path",
      "args": [
        "groups",
        "query"
      ],
      "status": "pass",
      "output_sample": "{\n  \"meta\": {\n    \"source\": \"live\"\n  },\n  \"results\": {\n    \"request_id\": \"RT202606271336188108b4\",\n    \"error_code\": 200,\n    \"error_msg\": \"Done.\",\n    \"data\": {\n      \"groups\": [],\n      \"total\": 0\n    }\n  }\n}\n"
    },
    {
      "command": "groups query",
      "kind": "json_fidelity",
      "args": [
        "groups",
        "query",
        "--json"
      ],
      "status": "pass",
      "output_sample": "{\n  \"meta\": {\n    \"source\": \"live\"\n  },\n  \"results\": {\n    \"request_id\": \"RT202606271336188108b4\",\n    \"error_code\": 200,\n    \"error_msg\": \"Done.\",\n    \"data\": {\n      \"groups\": [],\n      \"total\": 0\n    }\n  }\n}\n"
    },
    {
      "command": "groups query",
      "kind": "error_path",
      "args": null,
      "status": "skip",
      "reason": "no positional argument"
    },
    {
      "command": "groups update",
      "kind": "help",
      "args": [
        "groups",
        "update",
        "--help"
      ],
      "status": "pass",
      "output_sample": "Update a property group.\n\nUsage:\n  hostex-pp-cli groups update \u003cid\u003e [flags]\n\nExamples:\n  hostex-pp-cli groups update 550e8400-e29b-41d4-a716-446655440000\n\nFlags:\n  -h, --help                  help for update\n      --name string           New display name. Must remain unique within the operator's account.\n      --property-ids string   Replaces the group's property list with the given ids (each must belong to the operator). Empty array detaches all.\n      --stdin                 Read request body as JSON from stdin\n\nGlobal Flags:\n      --agent                   Set all agent-friendly defaults (--json --compact --no-input --no-color --yes)\n      --allow-partial-failure   Downgrade response-body partial-failure (e.g. partialFailureError) to a warning instead of a non-zero exit\n      --compact                 Return only key fields (id, name, status, timestamps) for minimal token usage\n      --config string           Config file path\n      --csv                     Output as CSV (table and array responses)\n      --data-source string      Data source for read commands: auto (live with local fallback), live (API only), local (synced data only) (default \"auto\")\n      --deliver string          Route output to a sink: stdout (default), file:\u003cpath\u003e, webhook:\u003curl\u003e\n      --dry-run                 Show request without sending\n      --home string             Root directory for config, data, state, and cache files\n      --human-friendly          Enable colored output and rich formatting\n      --idempotent              Treat already-existing create results as a successful no-op\n      --ignore-missing          Treat missing delete targets as a successful no-op\n      --json                    Output as JSON\n      --max-age duration        Maximum acceptable age of local-store data before a stderr hint suggests sync; 0 disables (default 30m0s)\n      --no-cache                Bypass response cache\n      --no-color                Disable colored output\n      --no-input                Disable all interactive prompts (for CI/agents)\n      --plain                   Output as plain tab-separated text\n      --profile string          Apply values from a saved profile (see 'hostex-pp-cli profile list')\n      --quiet                   Bare output, one value per line\n      --rate-limit float        Max requests per second (0 to disable)\n      --select string           Comma-separated fields to include in output (e.g. --select id,name,status)\n      --timeout duration        Request timeout (default 1m0s)\n      --yes                     Skip confirmation prompts (for agents and scripts)\n"
    },
    {
      "command": "groups update",
      "kind": "happy_path",
      "args": null,
      "status": "skip",
      "reason": "blocked-fixture: required API parameter"
    },
    {
      "command": "groups update",
      "kind": "json_fidelity",
      "args": null,
      "status": "skip",
      "reason": "blocked-fixture: required API parameter"
    },
    {
      "command": "groups update",
      "kind": "error_path",
      "args": null,
      "status": "skip",
      "reason": "mutating command; error_path would call live API without --dry-run"
    },
    {
      "command": "groups update",
      "kind": "error_path_real",
      "args": null,
      "status": "skip",
      "reason": "blocked-fixture: required API parameter"
    },
    {
      "command": "import",
      "kind": "help",
      "args": [
        "import",
        "--help"
      ],
      "status": "pass",
      "output_sample": "Import data from a JSONL file by issuing POST requests for each record.\nEach line must be a valid JSON object. Failed records are logged to stderr\nbut do not stop the import.\n\nUsage:\n  hostex-pp-cli import \u003cresource\u003e [flags]\n\nExamples:\n  # Import from a JSONL file\n  hostex-pp-cli import \u003cresource\u003e --input data.jsonl\n\n  # Dry-run to preview without sending\n  hostex-pp-cli import \u003cresource\u003e --input data.jsonl --dry-run\n\n  # Import from stdin\n  cat data.jsonl | hostex-pp-cli import \u003cresource\u003e --input -\n\nFlags:\n      --batch-size int   Records per batch (future: batch API support) (default 1)\n      --dry-run          Preview import without sending requests\n  -h, --help             help for import\n  -i, --input string     Input JSONL file path (use - for stdin)\n\nGlobal Flags:\n      --agent                   Set all agent-friendly defaults (--json --compact --no-input --no-color --yes)\n      --allow-partial-failure   Downgrade response-body partial-failure (e.g. partialFailureError) to a warning instead of a non-zero exit\n      --compact                 Return only key fields (id, name, status, timestamps) for minimal token usage\n      --config string           Config file path\n      --csv                     Output as CSV (table and array responses)\n      --data-source string      Data source for read commands: auto (live with local fallback), live (API only), local (synced data only) (default \"auto\")\n      --deliver string          Route output to a sink: stdout (default), file:\u003cpath\u003e, webhook:\u003curl\u003e\n      --home string             Root directory for config, data, state, and cache files\n      --human-friendly          Enable colored output and rich formatting\n      --idempotent              Treat already-existing create results as a successful no-op\n      --ignore-missing          Treat missing delete targets as a successful no-op\n      --json                    Output as JSON\n      --max-age duration        Maximum acceptable age of local-store data before a stderr hint suggests sync; 0 disables (default 30m0s)\n      --no-cache                Bypass response cache\n      --no-color                Disable colored output\n      --no-input                Disable all interactive prompts (for CI/agents)\n      --plain                   Output as plain tab-separated text\n      --profile string          Apply values from a saved profile (see 'hostex-pp-cli profile list')\n      --quiet                   Bare output, one value per line\n      --rate-limit float        Max requests per second (0 to disable)\n      --select string           Comma-separated fields to include in output (e.g. --select id,name,status)\n      --timeout duration        Request timeout (default 1m0s)\n      --yes                     Skip confirmation prompts (for agents and scripts)\n"
    },
    {
      "command": "import",
      "kind": "happy_path",
      "args": null,
      "status": "skip",
      "reason": "command path [import] has fewer segments than placeholders (1)"
    },
    {
      "command": "import",
      "kind": "json_fidelity",
      "args": null,
      "status": "skip",
      "reason": "command path [import] has fewer segments than placeholders (1)"
    },
    {
      "command": "import",
      "kind": "error_path",
      "args": [
        "import",
        "__printing_press_invalid__"
      ],
      "status": "pass",
      "exit_code": 2,
      "output_sample": "Error: required flag(s) \"input\" not set\n"
    },
    {
      "command": "inbox-sla",
      "kind": "help",
      "args": [
        "inbox-sla",
        "--help"
      ],
      "status": "pass",
      "output_sample": "Ranks locally synced conversations by how long since their last message and\nflags those older than the SLA threshold. Hostex's conversation list has no\nage clock; this derives it locally so you can triage what is about to breach.\n\nNote: the list endpoint does not expose message sender or unread state, so age\nis measured from last_message_at regardless of who sent last. Reads the local\nmirror; run `hostex-pp-cli sync --resources conversations` first.\n\nUsage:\n  hostex-pp-cli inbox-sla [flags]\n\nExamples:\n  hostex-pp-cli inbox-sla --breach 6h --agent\n\nFlags:\n      --breach string   Flag conversations whose last message is older than this (e.g. 6h, 2h, 1d) (default \"24h\")\n      --db string       Path to the local SQLite mirror (default: per-user data dir)\n  -h, --help            help for inbox-sla\n\nGlobal Flags:\n      --agent                   Set all agent-friendly defaults (--json --compact --no-input --no-color --yes)\n      --allow-partial-failure   Downgrade response-body partial-failure (e.g. partialFailureError) to a warning instead of a non-zero exit\n      --compact                 Return only key fields (id, name, status, timestamps) for minimal token usage\n      --config string           Config file path\n      --csv                     Output as CSV (table and array responses)\n      --data-source string      Data source for read commands: auto (live with local fallback), live (API only), local (synced data only) (default \"auto\")\n      --deliver string          Route output to a sink: stdout (default), file:\u003cpath\u003e, webhook:\u003curl\u003e\n      --dry-run                 Show request without sending\n      --home string             Root directory for config, data, state, and cache files\n      --human-friendly          Enable colored output and rich formatting\n      --idempotent              Treat already-existing create results as a successful no-op\n      --ignore-missing          Treat missing delete targets as a successful no-op\n      --json                    Output as JSON\n      --max-age duration        Maximum acceptable age of local-store data before a stderr hint suggests sync; 0 disables (default 30m0s)\n      --no-cache                Bypass response cache\n      --no-color                Disable colored output\n      --no-input                Disable all interactive prompts (for CI/agents)\n      --plain                   Output as plain tab-separated text\n      --profile string          Apply values from a saved profile (see 'hostex-pp-cli profile list')\n      --quiet                   Bare output, one value per line\n      --rate-limit float        Max requests per second (0 to disable)\n      --select string           Comma-separated fields to include in output (e.g. --select id,name,status)\n      --timeout duration        Request timeout (default 1m0s)\n      --yes                     Skip confirmation prompts (for agents and scripts)\n"
    },
    {
      "command": "inbox-sla",
      "kind": "happy_path",
      "args": [
        "inbox-sla",
        "--breach",
        "6h",
        "--agent"
      ],
      "status": "pass",
      "output_sample": "{\n  \"meta\": {\n    \"source\": \"local\"\n  },\n  \"results\": {\n    \"breach\": \"6h\",\n    \"breached\": 3,\n    \"conversations\": [\n      {\n        \"age_hours\": 2562047.8,\n        \"breached\": false,\n        \"id\": null\n      },\n      {\n        \"age_hours\": 4698.6,\n        \"breached\": true,\n        \"channel_type\": \"airbnb\",\n        \"guest_name\": \"June\",\n        \"id\": \"0-2278450380\",\n        \"last_message_at\": \"2025-12-13T11:02:17+00:00\"\n      },\n      {\n        \"age_hours\": 12.4,\n        \"breached\": true,\n        \"channel_type\": \"airbnb\",\n        \"guest_name\": \"Marco\",\n        \"id\": \"0-2576543425\",\n        \"last_message_at\": \"2026-06-26T17:13:08+00:00\"\n      },\n      {\n        \"age_hours\": 12.4,\n        \"breached\": true,\n        \"channel_type\": \"airbnb\",\n        \"guest_name\": \"Сергей\",\n        \"id\": \"0-2576784888\",\n        \"last_message_at\": \"2026-06-26T17:12:44+00:00\"\n      }\n    ],\n    \"scanned_conversations\": 4\n  }\n}\nhint: local store has not been synced yet. Run 'hostex-pp-cli sync' before trusting local results.\n"
    },
    {
      "command": "inbox-sla",
      "kind": "json_fidelity",
      "args": [
        "inbox-sla",
        "--breach",
        "6h",
        "--agent",
        "--json"
      ],
      "status": "pass",
      "output_sample": "{\n  \"meta\": {\n    \"source\": \"local\"\n  },\n  \"results\": {\n    \"breach\": \"6h\",\n    \"breached\": 3,\n    \"conversations\": [\n      {\n        \"age_hours\": 2562047.8,\n        \"breached\": false,\n        \"id\": null\n      },\n      {\n        \"age_hours\": 4698.6,\n        \"breached\": true,\n        \"channel_type\": \"airbnb\",\n        \"guest_name\": \"June\",\n        \"id\": \"0-2278450380\",\n        \"last_message_at\": \"2025-12-13T11:02:17+00:00\"\n      },\n      {\n        \"age_hours\": 12.4,\n        \"breached\": true,\n        \"channel_type\": \"airbnb\",\n        \"guest_name\": \"Marco\",\n        \"id\": \"0-2576543425\",\n        \"last_message_at\": \"2026-06-26T17:13:08+00:00\"\n      },\n      {\n        \"age_hours\": 12.4,\n        \"breached\": true,\n        \"channel_type\": \"airbnb\",\n        \"guest_name\": \"Сергей\",\n        \"id\": \"0-2576784888\",\n        \"last_message_at\": \"2026-06-26T17:12:44+00:00\"\n      }\n    ],\n    \"scanned_conversations\": 4\n  }\n}\nhint: local store has not been synced yet. Run 'hostex-pp-cli sync' before trusting local results.\n"
    },
    {
      "command": "inbox-sla",
      "kind": "error_path",
      "args": null,
      "status": "skip",
      "reason": "no positional argument"
    },
    {
      "command": "income-items",
      "kind": "help",
      "args": [
        "income-items",
        "--help"
      ],
      "status": "pass",
      "output_sample": "Query the dictionary of income item categorizations available to the operator.\n\nUsage:\n  hostex-pp-cli income-items [flags]\n\nExamples:\n  hostex-pp-cli income-items\n\nFlags:\n  -h, --help   help for income-items\n\nGlobal Flags:\n      --agent                   Set all agent-friendly defaults (--json --compact --no-input --no-color --yes)\n      --allow-partial-failure   Downgrade response-body partial-failure (e.g. partialFailureError) to a warning instead of a non-zero exit\n      --compact                 Return only key fields (id, name, status, timestamps) for minimal token usage\n      --config string           Config file path\n      --csv                     Output as CSV (table and array responses)\n      --data-source string      Data source for read commands: auto (live with local fallback), live (API only), local (synced data only) (default \"auto\")\n      --deliver string          Route output to a sink: stdout (default), file:\u003cpath\u003e, webhook:\u003curl\u003e\n      --dry-run                 Show request without sending\n      --home string             Root directory for config, data, state, and cache files\n      --human-friendly          Enable colored output and rich formatting\n      --idempotent              Treat already-existing create results as a successful no-op\n      --ignore-missing          Treat missing delete targets as a successful no-op\n      --json                    Output as JSON\n      --max-age duration        Maximum acceptable age of local-store data before a stderr hint suggests sync; 0 disables (default 30m0s)\n      --no-cache                Bypass response cache\n      --no-color                Disable colored output\n      --no-input                Disable all interactive prompts (for CI/agents)\n      --plain                   Output as plain tab-separated text\n      --profile string          Apply values from a saved profile (see 'hostex-pp-cli profile list')\n      --quiet                   Bare output, one value per line\n      --rate-limit float        Max requests per second (0 to disable)\n      --select string           Comma-separated fields to include in output (e.g. --select id,name,status)\n      --timeout duration        Request timeout (default 1m0s)\n      --yes                     Skip confirmation prompts (for agents and scripts)\n"
    },
    {
      "command": "income-items",
      "kind": "happy_path",
      "args": [
        "income-items"
      ],
      "status": "pass",
      "output_sample": "{\"meta\":{\"source\":\"live\"},\"results\":{\"data\":{\"income_items\":[{\"id\":0,\"name\":\"\u003credacted\u003e\"},{\"id\":9,\"name\":\"\u003credacted\u003e\"},{\"id\":10,\"name\":\"\u003credacted\u003e\"},{\"id\":11,\"name\":\"\u003credacted\u003e\"},{\"id\":12,\"name\":\"\u003credacted\u003e\"},{\"id\":13,\"name\":\"\u003credacted\u003e\"},{\"id\":21,\"name\":\"\u003credacted\u003e\"},{\"id\":22,\"name\":\"\u003credacted\u003e\"}]},\"error_code\":200,\"error_msg\":\"Done.\",\"request_id\":\"RT2026062713361923609\"}}"
    },
    {
      "command": "income-items",
      "kind": "json_fidelity",
      "args": [
        "income-items",
        "--json"
      ],
      "status": "pass",
      "output_sample": "{\"meta\":{\"source\":\"live\"},\"results\":{\"data\":{\"income_items\":[{\"id\":0,\"name\":\"\u003credacted\u003e\"},{\"id\":9,\"name\":\"\u003credacted\u003e\"},{\"id\":10,\"name\":\"\u003credacted\u003e\"},{\"id\":11,\"name\":\"\u003credacted\u003e\"},{\"id\":12,\"name\":\"\u003credacted\u003e\"},{\"id\":13,\"name\":\"\u003credacted\u003e\"},{\"id\":21,\"name\":\"\u003credacted\u003e\"},{\"id\":22,\"name\":\"\u003credacted\u003e\"}]},\"error_code\":200,\"error_msg\":\"Done.\",\"request_id\":\"RT2026062713361923609\"}}"
    },
    {
      "command": "income-items",
      "kind": "error_path",
      "args": null,
      "status": "skip",
      "reason": "no positional argument"
    },
    {
      "command": "income-methods",
      "kind": "help",
      "args": [
        "income-methods",
        "--help"
      ],
      "status": "pass",
      "output_sample": "Query the dictionary of payment methods available to the operator for income entries.\n\nUsage:\n  hostex-pp-cli income-methods [flags]\n\nExamples:\n  hostex-pp-cli income-methods\n\nFlags:\n  -h, --help   help for income-methods\n\nGlobal Flags:\n      --agent                   Set all agent-friendly defaults (--json --compact --no-input --no-color --yes)\n      --allow-partial-failure   Downgrade response-body partial-failure (e.g. partialFailureError) to a warning instead of a non-zero exit\n      --compact                 Return only key fields (id, name, status, timestamps) for minimal token usage\n      --config string           Config file path\n      --csv                     Output as CSV (table and array responses)\n      --data-source string      Data source for read commands: auto (live with local fallback), live (API only), local (synced data only) (default \"auto\")\n      --deliver string          Route output to a sink: stdout (default), file:\u003cpath\u003e, webhook:\u003curl\u003e\n      --dry-run                 Show request without sending\n      --home string             Root directory for config, data, state, and cache files\n      --human-friendly          Enable colored output and rich formatting\n      --idempotent              Treat already-existing create results as a successful no-op\n      --ignore-missing          Treat missing delete targets as a successful no-op\n      --json                    Output as JSON\n      --max-age duration        Maximum acceptable age of local-store data before a stderr hint suggests sync; 0 disables (default 30m0s)\n      --no-cache                Bypass response cache\n      --no-color                Disable colored output\n      --no-input                Disable all interactive prompts (for CI/agents)\n      --plain                   Output as plain tab-separated text\n      --profile string          Apply values from a saved profile (see 'hostex-pp-cli profile list')\n      --quiet                   Bare output, one value per line\n      --rate-limit float        Max requests per second (0 to disable)\n      --select string           Comma-separated fields to include in output (e.g. --select id,name,status)\n      --timeout duration        Request timeout (default 1m0s)\n      --yes                     Skip confirmation prompts (for agents and scripts)\n"
    },
    {
      "command": "income-methods",
      "kind": "happy_path",
      "args": [
        "income-methods"
      ],
      "status": "pass",
      "output_sample": "{\"meta\":{\"source\":\"live\"},\"results\":{\"data\":{\"income_methods\":[{\"id\":25,\"name\":\"\u003credacted\u003e\"},{\"id\":12,\"name\":\"\u003credacted\u003e\"},{\"id\":27,\"name\":\"\u003credacted\u003e\"},{\"id\":28,\"name\":\"\u003credacted\u003e\"},{\"id\":21,\"name\":\"\u003credacted\u003e\"},{\"id\":16,\"name\":\"\u003credacted\u003e\"},{\"id\":9,\"name\":\"\u003credacted\u003e\"},{\"id\":11,\"name\":\"\u003credacted\u003e\"},{\"id\":14,\"name\":\"\u003credacted\u003e\"},{\"id\":34,\"name\":\"\u003credacted\u003e\"},{\"id\":35,\"name\":\"\u003credacted\u003e\"},{\"id\":195,\"name\":\"\u003credacted\u003e\"},{\"id\":196,\"name\":\"\u003credacted\u003e\"},{\"id\":197,\"name\":\"\u003credacted\u003e\"},{\"id\":198,\"name\":\"\u003credacted\u003e\"}]},\"error_code\":200,\"error_msg\":\"Done.\",\"request_id\":\"RT2026062713362028408b3\"}}"
    },
    {
      "command": "income-methods",
      "kind": "json_fidelity",
      "args": [
        "income-methods",
        "--json"
      ],
      "status": "pass",
      "output_sample": "{\"meta\":{\"source\":\"live\"},\"results\":{\"data\":{\"income_methods\":[{\"id\":25,\"name\":\"\u003credacted\u003e\"},{\"id\":12,\"name\":\"\u003credacted\u003e\"},{\"id\":27,\"name\":\"\u003credacted\u003e\"},{\"id\":28,\"name\":\"\u003credacted\u003e\"},{\"id\":21,\"name\":\"\u003credacted\u003e\"},{\"id\":16,\"name\":\"\u003credacted\u003e\"},{\"id\":9,\"name\":\"\u003credacted\u003e\"},{\"id\":11,\"name\":\"\u003credacted\u003e\"},{\"id\":14,\"name\":\"\u003credacted\u003e\"},{\"id\":34,\"name\":\"\u003credacted\u003e\"},{\"id\":35,\"name\":\"\u003credacted\u003e\"},{\"id\":195,\"name\":\"\u003credacted\u003e\"},{\"id\":196,\"name\":\"\u003credacted\u003e\"},{\"id\":197,\"name\":\"\u003credacted\u003e\"},{\"id\":198,\"name\":\"\u003credacted\u003e\"}]},\"error_code\":200,\"error_msg\":\"Done.\",\"request_id\":\"RT2026062713362028408b3\"}}"
    },
    {
      "command": "income-methods",
      "kind": "error_path",
      "args": null,
      "status": "skip",
      "reason": "no positional argument"
    },
    {
      "command": "jobs get",
      "kind": "help",
      "args": [
        "jobs",
        "get",
        "--help"
      ],
      "status": "fail",
      "reason": "missing Examples section",
      "output_sample": "Show the latest state row for a job\n\nUsage:\n  hostex-pp-cli jobs get \u003cjob-id\u003e [flags]\n\nFlags:\n  -h, --help   help for get\n\nGlobal Flags:\n      --agent                   Set all agent-friendly defaults (--json --compact --no-input --no-color --yes)\n      --allow-partial-failure   Downgrade response-body partial-failure (e.g. partialFailureError) to a warning instead of a non-zero exit\n      --compact                 Return only key fields (id, name, status, timestamps) for minimal token usage\n      --config string           Config file path\n      --csv                     Output as CSV (table and array responses)\n      --data-source string      Data source for read commands: auto (live with local fallback), live (API only), local (synced data only) (default \"auto\")\n      --deliver string          Route output to a sink: stdout (default), file:\u003cpath\u003e, webhook:\u003curl\u003e\n      --dry-run                 Show request without sending\n      --home string             Root directory for config, data, state, and cache files\n      --human-friendly          Enable colored output and rich formatting\n      --idempotent              Treat already-existing create results as a successful no-op\n      --ignore-missing          Treat missing delete targets as a successful no-op\n      --json                    Output as JSON\n      --max-age duration        Maximum acceptable age of local-store data before a stderr hint suggests sync; 0 disables (default 30m0s)\n      --no-cache                Bypass response cache\n      --no-color                Disable colored output\n      --no-input                Disable all interactive prompts (for CI/agents)\n      --plain                   Output as plain tab-separated text\n      --profile string          Apply values from a saved profile (see 'hostex-pp-cli profile list')\n      --quiet                   Bare output, one value per line\n      --rate-limit float        Max requests per second (0 to disable)\n      --select string           Comma-separated fields to include in output (e.g. --select id,name,status)\n      --timeout duration        Request timeout (default 1m0s)\n      --yes                     Skip confirmation prompts (for agents and scripts)\n"
    },
    {
      "command": "jobs get",
      "kind": "happy_path",
      "args": null,
      "status": "skip",
      "reason": "help check failed"
    },
    {
      "command": "jobs get",
      "kind": "json_fidelity",
      "args": null,
      "status": "skip",
      "reason": "help check failed"
    },
    {
      "command": "jobs get",
      "kind": "error_path",
      "args": null,
      "status": "skip",
      "reason": "help check failed"
    },
    {
      "command": "jobs list",
      "kind": "help",
      "args": [
        "jobs",
        "list",
        "--help"
      ],
      "status": "fail",
      "reason": "missing Examples section",
      "output_sample": "List recent async jobs\n\nUsage:\n  hostex-pp-cli jobs list [flags]\n\nFlags:\n      --all         Show every state transition rather than the latest row per job\n  -h, --help        help for list\n      --limit int   Maximum rows to list (0 for unlimited) (default 50)\n\nGlobal Flags:\n      --agent                   Set all agent-friendly defaults (--json --compact --no-input --no-color --yes)\n      --allow-partial-failure   Downgrade response-body partial-failure (e.g. partialFailureError) to a warning instead of a non-zero exit\n      --compact                 Return only key fields (id, name, status, timestamps) for minimal token usage\n      --config string           Config file path\n      --csv                     Output as CSV (table and array responses)\n      --data-source string      Data source for read commands: auto (live with local fallback), live (API only), local (synced data only) (default \"auto\")\n      --deliver string          Route output to a sink: stdout (default), file:\u003cpath\u003e, webhook:\u003curl\u003e\n      --dry-run                 Show request without sending\n      --home string             Root directory for config, data, state, and cache files\n      --human-friendly          Enable colored output and rich formatting\n      --idempotent              Treat already-existing create results as a successful no-op\n      --ignore-missing          Treat missing delete targets as a successful no-op\n      --json                    Output as JSON\n      --max-age duration        Maximum acceptable age of local-store data before a stderr hint suggests sync; 0 disables (default 30m0s)\n      --no-cache                Bypass response cache\n      --no-color                Disable colored output\n      --no-input                Disable all interactive prompts (for CI/agents)\n      --plain                   Output as plain tab-separated text\n      --profile string          Apply values from a saved profile (see 'hostex-pp-cli profile list')\n      --quiet                   Bare output, one value per line\n      --rate-limit float        Max requests per second (0 to disable)\n      --select string           Comma-separated fields to include in output (e.g. --select id,name,status)\n      --timeout duration        Request timeout (default 1m0s)\n      --yes                     Skip confirmation prompts (for agents and scripts)\n"
    },
    {
      "command": "jobs list",
      "kind": "happy_path",
      "args": null,
      "status": "skip",
      "reason": "help check failed"
    },
    {
      "command": "jobs list",
      "kind": "json_fidelity",
      "args": null,
      "status": "skip",
      "reason": "help check failed"
    },
    {
      "command": "jobs list",
      "kind": "error_path",
      "args": null,
      "status": "skip",
      "reason": "help check failed"
    },
    {
      "command": "jobs prune",
      "kind": "help",
      "args": [
        "jobs",
        "prune",
        "--help"
      ],
      "status": "fail",
      "reason": "missing Examples section",
      "output_sample": "Remove job rows older than --older-than\n\nUsage:\n  hostex-pp-cli jobs prune [flags]\n\nFlags:\n  -h, --help                  help for prune\n      --older-than duration   Prune rows whose latest update is older than this duration (default 168h0m0s)\n\nGlobal Flags:\n      --agent                   Set all agent-friendly defaults (--json --compact --no-input --no-color --yes)\n      --allow-partial-failure   Downgrade response-body partial-failure (e.g. partialFailureError) to a warning instead of a non-zero exit\n      --compact                 Return only key fields (id, name, status, timestamps) for minimal token usage\n      --config string           Config file path\n      --csv                     Output as CSV (table and array responses)\n      --data-source string      Data source for read commands: auto (live with local fallback), live (API only), local (synced data only) (default \"auto\")\n      --deliver string          Route output to a sink: stdout (default), file:\u003cpath\u003e, webhook:\u003curl\u003e\n      --dry-run                 Show request without sending\n      --home string             Root directory for config, data, state, and cache files\n      --human-friendly          Enable colored output and rich formatting\n      --idempotent              Treat already-existing create results as a successful no-op\n      --ignore-missing          Treat missing delete targets as a successful no-op\n      --json                    Output as JSON\n      --max-age duration        Maximum acceptable age of local-store data before a stderr hint suggests sync; 0 disables (default 30m0s)\n      --no-cache                Bypass response cache\n      --no-color                Disable colored output\n      --no-input                Disable all interactive prompts (for CI/agents)\n      --plain                   Output as plain tab-separated text\n      --profile string          Apply values from a saved profile (see 'hostex-pp-cli profile list')\n      --quiet                   Bare output, one value per line\n      --rate-limit float        Max requests per second (0 to disable)\n      --select string           Comma-separated fields to include in output (e.g. --select id,name,status)\n      --timeout duration        Request timeout (default 1m0s)\n      --yes                     Skip confirmation prompts (for agents and scripts)\n"
    },
    {
      "command": "jobs prune",
      "kind": "happy_path",
      "args": null,
      "status": "skip",
      "reason": "help check failed"
    },
    {
      "command": "jobs prune",
      "kind": "json_fidelity",
      "args": null,
      "status": "skip",
      "reason": "help check failed"
    },
    {
      "command": "jobs prune",
      "kind": "error_path",
      "args": null,
      "status": "skip",
      "reason": "help check failed"
    },
    {
      "command": "knowledge-bases create",
      "kind": "help",
      "args": [
        "knowledge-bases",
        "create",
        "--help"
      ],
      "status": "pass",
      "output_sample": "Create a new knowledge base entry for the HostGPT automation assistant.\n\nUsage:\n  hostex-pp-cli knowledge-bases create [flags]\n\nExamples:\n  hostex-pp-cli knowledge-bases create\n\nFlags:\n      --contents string                                    The content entries of the knowledge base.\n  -h, --help                                               help for create\n      --is-enable string                                   Whether the entry is enabled.\n      --scope-channel-channels ['airbnb', 'booking.com']   Channel names this knowledge base applies to (e.g. ['airbnb', 'booking.com']). Use `['unlimited']` for `all`.\n      --scope-channel-type string                          Channel scope type: all or by_channel.\n      --scope-property-ids type                            Scope IDs interpreted according to type: property IDs for `by_property`, group IDs for `by_group`\n      --scope-property-type string                         The type of property scope.\n      --stdin                                              Read request body as JSON from stdin\n      --title string                                       Optional title for the knowledge base entry.\n      --wait                                               Block until the submitted job reaches a terminal status\n      --wait-interval duration                             Initial poll interval when --wait is set (default 2s)\n      --wait-timeout duration                              Maximum duration to wait when --wait is set (0 = no timeout) (default 10m0s)\n\nGlobal Flags:\n      --agent                   Set all agent-friendly defaults (--json --compact --no-input --no-color --yes)\n      --allow-partial-failure   Downgrade response-body partial-failure (e.g. partialFailureError) to a warning instead of a non-zero exit\n      --compact                 Return only key fields (id, name, status, timestamps) for minimal token usage\n      --config string           Config file path\n      --csv                     Output as CSV (table and array responses)\n      --data-source string      Data source for read commands: auto (live with local fallback), live (API only), local (synced data only) (default \"auto\")\n      --deliver string          Route output to a sink: stdout (default), file:\u003cpath\u003e, webhook:\u003curl\u003e\n      --dry-run                 Show request without sending\n      --home string             Root directory for config, data, state, and cache files\n      --human-friendly          Enable colored output and rich formatting\n      --idempotent              Treat already-existing create results as a successful no-op\n      --ignore-missing          Treat missing delete targets as a successful no-op\n      --json                    Output as JSON\n      --max-age duration        Maximum acceptable age of local-store data before a stderr hint suggests sync; 0 disables (default 30m0s)\n      --no-cache                Bypass response cache\n      --no-color                Disable colored output\n      --no-input                Disable all interactive prompts (for CI/agents)\n      --plain                   Output as plain tab-separated text\n      --profile string          Apply values from a saved profile (see 'hostex-pp-cli profile list')\n      --quiet                   Bare output, one value per line\n      --rate-limit float        Max requests per second (0 to disable)\n      --select string           Comma-separated fields to include in output (e.g. --select id,name,status)\n      --timeout duration        Request timeout (default 1m0s)\n      --yes                     Skip confirmation prompts (for agents and scripts)\n"
    },
    {
      "command": "knowledge-bases create",
      "kind": "happy_path",
      "args": [
        "knowledge-bases",
        "create",
        "--dry-run"
      ],
      "status": "pass",
      "output_sample": "{\n  \"action\": \"post\",\n  \"data\": {\n    \"dry_run\": true\n  },\n  \"dry_run\": true,\n  \"path\": \"/knowledge_bases\",\n  \"resource\": \"knowledge-bases\",\n  \"status\": 0,\n  \"success\": false\n}\nPOST https://api.hostex.io/v3/knowledge_bases\n  Body:\n{}\n  Hostex-Access-Token: ****KbdV\n\n(dry run - no request sent)\n"
    },
    {
      "command": "knowledge-bases create",
      "kind": "json_fidelity",
      "args": [
        "knowledge-bases",
        "create",
        "--dry-run",
        "--json"
      ],
      "status": "pass",
      "output_sample": "{\n  \"action\": \"post\",\n  \"data\": {\n    \"dry_run\": true\n  },\n  \"dry_run\": true,\n  \"path\": \"/knowledge_bases\",\n  \"resource\": \"knowledge-bases\",\n  \"status\": 0,\n  \"success\": false\n}\nPOST https://api.hostex.io/v3/knowledge_bases\n  Body:\n{}\n  Hostex-Access-Token: ****KbdV\n\n(dry run - no request sent)\n"
    },
    {
      "command": "knowledge-bases create",
      "kind": "error_path",
      "args": null,
      "status": "skip",
      "reason": "no positional argument"
    },
    {
      "command": "knowledge-bases create",
      "kind": "error_path_real",
      "args": null,
      "status": "skip",
      "reason": "mutating command dry-run only"
    },
    {
      "command": "knowledge-bases delete",
      "kind": "help",
      "args": [
        "knowledge-bases",
        "delete",
        "--help"
      ],
      "status": "pass",
      "output_sample": "Delete a knowledge base entry by its ID.\n\nUsage:\n  hostex-pp-cli knowledge-bases delete \u003cid\u003e [flags]\n\nExamples:\n  hostex-pp-cli knowledge-bases delete 550e8400-e29b-41d4-a716-446655440000\n\nFlags:\n  -h, --help                     help for delete\n      --wait                     Block until the submitted job reaches a terminal status\n      --wait-interval duration   Initial poll interval when --wait is set (default 2s)\n      --wait-timeout duration    Maximum duration to wait when --wait is set (0 = no timeout) (default 10m0s)\n\nGlobal Flags:\n      --agent                   Set all agent-friendly defaults (--json --compact --no-input --no-color --yes)\n      --allow-partial-failure   Downgrade response-body partial-failure (e.g. partialFailureError) to a warning instead of a non-zero exit\n      --compact                 Return only key fields (id, name, status, timestamps) for minimal token usage\n      --config string           Config file path\n      --csv                     Output as CSV (table and array responses)\n      --data-source string      Data source for read commands: auto (live with local fallback), live (API only), local (synced data only) (default \"auto\")\n      --deliver string          Route output to a sink: stdout (default), file:\u003cpath\u003e, webhook:\u003curl\u003e\n      --dry-run                 Show request without sending\n      --home string             Root directory for config, data, state, and cache files\n      --human-friendly          Enable colored output and rich formatting\n      --idempotent              Treat already-existing create results as a successful no-op\n      --ignore-missing          Treat missing delete targets as a successful no-op\n      --json                    Output as JSON\n      --max-age duration        Maximum acceptable age of local-store data before a stderr hint suggests sync; 0 disables (default 30m0s)\n      --no-cache                Bypass response cache\n      --no-color                Disable colored output\n      --no-input                Disable all interactive prompts (for CI/agents)\n      --plain                   Output as plain tab-separated text\n      --profile string          Apply values from a saved profile (see 'hostex-pp-cli profile list')\n      --quiet                   Bare output, one value per line\n      --rate-limit float        Max requests per second (0 to disable)\n      --select string           Comma-separated fields to include in output (e.g. --select id,name,status)\n      --timeout duration        Request timeout (default 1m0s)\n      --yes                     Skip confirmation prompts (for agents and scripts)\n"
    },
    {
      "command": "knowledge-bases delete",
      "kind": "happy_path",
      "args": null,
      "status": "skip",
      "reason": "blocked-fixture: required API parameter"
    },
    {
      "command": "knowledge-bases delete",
      "kind": "json_fidelity",
      "args": null,
      "status": "skip",
      "reason": "blocked-fixture: required API parameter"
    },
    {
      "command": "knowledge-bases delete",
      "kind": "error_path",
      "args": null,
      "status": "skip",
      "reason": "mutating command; error_path would call live API without --dry-run"
    },
    {
      "command": "knowledge-bases delete",
      "kind": "error_path_real",
      "args": null,
      "status": "skip",
      "reason": "blocked-fixture: required API parameter"
    },
    {
      "command": "knowledge-bases get",
      "kind": "help",
      "args": [
        "knowledge-bases",
        "get",
        "--help"
      ],
      "status": "pass",
      "output_sample": "Retrieve the full details of a single knowledge base entry by its ID.\n\nUsage:\n  hostex-pp-cli knowledge-bases get \u003cid\u003e [flags]\n\nExamples:\n  hostex-pp-cli knowledge-bases get 550e8400-e29b-41d4-a716-446655440000\n\nFlags:\n  -h, --help   help for get\n\nGlobal Flags:\n      --agent                   Set all agent-friendly defaults (--json --compact --no-input --no-color --yes)\n      --allow-partial-failure   Downgrade response-body partial-failure (e.g. partialFailureError) to a warning instead of a non-zero exit\n      --compact                 Return only key fields (id, name, status, timestamps) for minimal token usage\n      --config string           Config file path\n      --csv                     Output as CSV (table and array responses)\n      --data-source string      Data source for read commands: auto (live with local fallback), live (API only), local (synced data only) (default \"auto\")\n      --deliver string          Route output to a sink: stdout (default), file:\u003cpath\u003e, webhook:\u003curl\u003e\n      --dry-run                 Show request without sending\n      --home string             Root directory for config, data, state, and cache files\n      --human-friendly          Enable colored output and rich formatting\n      --idempotent              Treat already-existing create results as a successful no-op\n      --ignore-missing          Treat missing delete targets as a successful no-op\n      --json                    Output as JSON\n      --max-age duration        Maximum acceptable age of local-store data before a stderr hint suggests sync; 0 disables (default 30m0s)\n      --no-cache                Bypass response cache\n      --no-color                Disable colored output\n      --no-input                Disable all interactive prompts (for CI/agents)\n      --plain                   Output as plain tab-separated text\n      --profile string          Apply values from a saved profile (see 'hostex-pp-cli profile list')\n      --quiet                   Bare output, one value per line\n      --rate-limit float        Max requests per second (0 to disable)\n      --select string           Comma-separated fields to include in output (e.g. --select id,name,status)\n      --timeout duration        Request timeout (default 1m0s)\n      --yes                     Skip confirmation prompts (for agents and scripts)\n"
    },
    {
      "command": "knowledge-bases get",
      "kind": "happy_path",
      "args": null,
      "status": "skip",
      "reason": "blocked-fixture: required API parameter"
    },
    {
      "command": "knowledge-bases get",
      "kind": "json_fidelity",
      "args": null,
      "status": "skip",
      "reason": "blocked-fixture: required API parameter"
    },
    {
      "command": "knowledge-bases get",
      "kind": "error_path",
      "args": [
        "knowledge-bases",
        "get",
        "__printing_press_invalid__"
      ],
      "status": "pass",
      "exit_code": 5,
      "output_sample": "Error: GET /knowledge_bases/__printing_press_invalid__ returned HTTP 500: Failed to request HostGPT.\n"
    },
    {
      "command": "knowledge-bases query",
      "kind": "help",
      "args": [
        "knowledge-bases",
        "query",
        "--help"
      ],
      "status": "pass",
      "output_sample": "You can query knowledge base entries by making a request to this endpoint.\n\nUsage:\n  hostex-pp-cli knowledge-bases query [flags]\n\nAliases:\n  query, list\n\nExamples:\n  hostex-pp-cli knowledge-bases query\n\nFlags:\n      --all                                Fetch all pages\n      --channel-types airbnb,booking.com   Filter by channel types. Comma-separated channel names, e.g. airbnb,booking.com.\n  -h, --help                               help for query\n      --limit int                          Maximum number of rows to return (1–100). Default: 10. (default 10)\n      --offset string                      Zero-based index of the first row to return. Default: 0. (default \"0\")\n      --property-ids 1,2,3                 Filter by property IDs. Comma-separated integer IDs (e.g. 1,2,3).\n      --wait                               Block until the submitted job reaches a terminal status\n      --wait-interval duration             Initial poll interval when --wait is set (default 2s)\n      --wait-timeout duration              Maximum duration to wait when --wait is set (0 = no timeout) (default 10m0s)\n\nGlobal Flags:\n      --agent                   Set all agent-friendly defaults (--json --compact --no-input --no-color --yes)\n      --allow-partial-failure   Downgrade response-body partial-failure (e.g. partialFailureError) to a warning instead of a non-zero exit\n      --compact                 Return only key fields (id, name, status, timestamps) for minimal token usage\n      --config string           Config file path\n      --csv                     Output as CSV (table and array responses)\n      --data-source string      Data source for read commands: auto (live with local fallback), live (API only), local (synced data only) (default \"auto\")\n      --deliver string          Route output to a sink: stdout (default), file:\u003cpath\u003e, webhook:\u003curl\u003e\n      --dry-run                 Show request without sending\n      --home string             Root directory for config, data, state, and cache files\n      --human-friendly          Enable colored output and rich formatting\n      --idempotent              Treat already-existing create results as a successful no-op\n      --ignore-missing          Treat missing delete targets as a successful no-op\n      --json                    Output as JSON\n      --max-age duration        Maximum acceptable age of local-store data before a stderr hint suggests sync; 0 disables (default 30m0s)\n      --no-cache                Bypass response cache\n      --no-color                Disable colored output\n      --no-input                Disable all interactive prompts (for CI/agents)\n      --plain                   Output as plain tab-separated text\n      --profile string          Apply values from a saved profile (see 'hostex-pp-cli profile list')\n      --quiet                   Bare output, one value per line\n      --rate-limit float        Max requests per second (0 to disable)\n      --select string           Comma-separated fields to include in output (e.g. --select id,name,status)\n      --timeout duration        Request timeout (default 1m0s)\n      --yes                     Skip confirmation prompts (for agents and scripts)\n"
    },
    {
      "command": "knowledge-bases query",
      "kind": "happy_path",
      "args": [
        "knowledge-bases",
        "query"
      ],
      "status": "pass",
      "output_sample": "{\n  \"meta\": {\n    \"source\": \"live\"\n  },\n  \"results\": {\n    \"request_id\": \"RT2026062713362372908b4\",\n    \"error_code\": 200,\n    \"error_msg\": \"Done.\",\n    \"data\": {\n      \"total\": 0,\n      \"knowledge_bases\": []\n    }\n  }\n}\n"
    },
    {
      "command": "knowledge-bases query",
      "kind": "json_fidelity",
      "args": [
        "knowledge-bases",
        "query",
        "--json"
      ],
      "status": "pass",
      "output_sample": "{\n  \"meta\": {\n    \"source\": \"live\"\n  },\n  \"results\": {\n    \"request_id\": \"RT2026062713362372908b4\",\n    \"error_code\": 200,\n    \"error_msg\": \"Done.\",\n    \"data\": {\n      \"total\": 0,\n      \"knowledge_bases\": []\n    }\n  }\n}\n"
    },
    {
      "command": "knowledge-bases query",
      "kind": "error_path",
      "args": null,
      "status": "skip",
      "reason": "no positional argument"
    },
    {
      "command": "knowledge-bases update",
      "kind": "help",
      "args": [
        "knowledge-bases",
        "update",
        "--help"
      ],
      "status": "pass",
      "output_sample": "Replace an existing knowledge base entry.\n\nUsage:\n  hostex-pp-cli knowledge-bases update \u003cid\u003e [flags]\n\nExamples:\n  hostex-pp-cli knowledge-bases update 550e8400-e29b-41d4-a716-446655440000\n\nFlags:\n      --contents string                                    The content entries of the knowledge base.\n  -h, --help                                               help for update\n      --is-enable string                                   Whether the entry is enabled.\n      --scope-channel-channels ['airbnb', 'booking.com']   Channel names this knowledge base applies to (e.g. ['airbnb', 'booking.com']). Use `['unlimited']` for `all`.\n      --scope-channel-type string                          Channel scope type: all or by_channel.\n      --scope-property-ids type                            Scope IDs interpreted according to type: property IDs for `by_property`, group IDs for `by_group`\n      --scope-property-type string                         The type of property scope.\n      --stdin                                              Read request body as JSON from stdin\n      --title string                                       Optional title for the knowledge base entry.\n      --wait                                               Block until the submitted job reaches a terminal status\n      --wait-interval duration                             Initial poll interval when --wait is set (default 2s)\n      --wait-timeout duration                              Maximum duration to wait when --wait is set (0 = no timeout) (default 10m0s)\n\nGlobal Flags:\n      --agent                   Set all agent-friendly defaults (--json --compact --no-input --no-color --yes)\n      --allow-partial-failure   Downgrade response-body partial-failure (e.g. partialFailureError) to a warning instead of a non-zero exit\n      --compact                 Return only key fields (id, name, status, timestamps) for minimal token usage\n      --config string           Config file path\n      --csv                     Output as CSV (table and array responses)\n      --data-source string      Data source for read commands: auto (live with local fallback), live (API only), local (synced data only) (default \"auto\")\n      --deliver string          Route output to a sink: stdout (default), file:\u003cpath\u003e, webhook:\u003curl\u003e\n      --dry-run                 Show request without sending\n      --home string             Root directory for config, data, state, and cache files\n      --human-friendly          Enable colored output and rich formatting\n      --idempotent              Treat already-existing create results as a successful no-op\n      --ignore-missing          Treat missing delete targets as a successful no-op\n      --json                    Output as JSON\n      --max-age duration        Maximum acceptable age of local-store data before a stderr hint suggests sync; 0 disables (default 30m0s)\n      --no-cache                Bypass response cache\n      --no-color                Disable colored output\n      --no-input                Disable all interactive prompts (for CI/agents)\n      --plain                   Output as plain tab-separated text\n      --profile string          Apply values from a saved profile (see 'hostex-pp-cli profile list')\n      --quiet                   Bare output, one value per line\n      --rate-limit float        Max requests per second (0 to disable)\n      --select string           Comma-separated fields to include in output (e.g. --select id,name,status)\n      --timeout duration        Request timeout (default 1m0s)\n      --yes                     Skip confirmation prompts (for agents and scripts)\n"
    },
    {
      "command": "knowledge-bases update",
      "kind": "happy_path",
      "args": null,
      "status": "skip",
      "reason": "blocked-fixture: required API parameter"
    },
    {
      "command": "knowledge-bases update",
      "kind": "json_fidelity",
      "args": null,
      "status": "skip",
      "reason": "blocked-fixture: required API parameter"
    },
    {
      "command": "knowledge-bases update",
      "kind": "error_path",
      "args": null,
      "status": "skip",
      "reason": "mutating command; error_path would call live API without --dry-run"
    },
    {
      "command": "knowledge-bases update",
      "kind": "error_path_real",
      "args": null,
      "status": "skip",
      "reason": "blocked-fixture: required API parameter"
    },
    {
      "command": "listings get-airbnb-price-and-rules",
      "kind": "help",
      "args": [
        "listings",
        "get-airbnb-price-and-rules",
        "--help"
      ],
      "status": "pass",
      "output_sample": "Fetch the current pricing, availability rules and booking settings of an Airbnb listing in real time from Airbnb.\n\nUsage:\n  hostex-pp-cli listings get-airbnb-price-and-rules [flags]\n\nAliases:\n  get-airbnb-price-and-rules, list\n\nExamples:\n  hostex-pp-cli listings get-airbnb-price-and-rules --listing-id 550e8400-e29b-41d4-a716-446655440000\n\nFlags:\n  -h, --help                help for get-airbnb-price-and-rules\n      --listing-id string   The Airbnb listing id.\n\nGlobal Flags:\n      --agent                   Set all agent-friendly defaults (--json --compact --no-input --no-color --yes)\n      --allow-partial-failure   Downgrade response-body partial-failure (e.g. partialFailureError) to a warning instead of a non-zero exit\n      --compact                 Return only key fields (id, name, status, timestamps) for minimal token usage\n      --config string           Config file path\n      --csv                     Output as CSV (table and array responses)\n      --data-source string      Data source for read commands: auto (live with local fallback), live (API only), local (synced data only) (default \"auto\")\n      --deliver string          Route output to a sink: stdout (default), file:\u003cpath\u003e, webhook:\u003curl\u003e\n      --dry-run                 Show request without sending\n      --home string             Root directory for config, data, state, and cache files\n      --human-friendly          Enable colored output and rich formatting\n      --idempotent              Treat already-existing create results as a successful no-op\n      --ignore-missing          Treat missing delete targets as a successful no-op\n      --json                    Output as JSON\n      --max-age duration        Maximum acceptable age of local-store data before a stderr hint suggests sync; 0 disables (default 30m0s)\n      --no-cache                Bypass response cache\n      --no-color                Disable colored output\n      --no-input                Disable all interactive prompts (for CI/agents)\n      --plain                   Output as plain tab-separated text\n      --profile string          Apply values from a saved profile (see 'hostex-pp-cli profile list')\n      --quiet                   Bare output, one value per line\n      --rate-limit float        Max requests per second (0 to disable)\n      --select string           Comma-separated fields to include in output (e.g. --select id,name,status)\n      --timeout duration        Request timeout (default 1m0s)\n      --yes                     Skip confirmation prompts (for agents and scripts)\n"
    },
    {
      "command": "listings get-airbnb-price-and-rules",
      "kind": "happy_path",
      "args": null,
      "status": "skip",
      "reason": "blocked-fixture: required API parameter"
    },
    {
      "command": "listings get-airbnb-price-and-rules",
      "kind": "json_fidelity",
      "args": null,
      "status": "skip",
      "reason": "blocked-fixture: required API parameter"
    },
    {
      "command": "listings get-airbnb-price-and-rules",
      "kind": "error_path",
      "args": null,
      "status": "skip",
      "reason": "no positional argument"
    },
    {
      "command": "listings get-vrbo-price-and-rules",
      "kind": "help",
      "args": [
        "listings",
        "get-vrbo-price-and-rules",
        "--help"
      ],
      "status": "pass",
      "output_sample": "Get the pricing and rules of a Vrbo listing as currently recorded by Hostex.\n\nUsage:\n  hostex-pp-cli listings get-vrbo-price-and-rules [flags]\n\nExamples:\n  hostex-pp-cli listings get-vrbo-price-and-rules --listing-id 550e8400-e29b-41d4-a716-446655440000\n\nFlags:\n  -h, --help                help for get-vrbo-price-and-rules\n      --listing-id string   The Vrbo listing id.\n\nGlobal Flags:\n      --agent                   Set all agent-friendly defaults (--json --compact --no-input --no-color --yes)\n      --allow-partial-failure   Downgrade response-body partial-failure (e.g. partialFailureError) to a warning instead of a non-zero exit\n      --compact                 Return only key fields (id, name, status, timestamps) for minimal token usage\n      --config string           Config file path\n      --csv                     Output as CSV (table and array responses)\n      --data-source string      Data source for read commands: auto (live with local fallback), live (API only), local (synced data only) (default \"auto\")\n      --deliver string          Route output to a sink: stdout (default), file:\u003cpath\u003e, webhook:\u003curl\u003e\n      --dry-run                 Show request without sending\n      --home string             Root directory for config, data, state, and cache files\n      --human-friendly          Enable colored output and rich formatting\n      --idempotent              Treat already-existing create results as a successful no-op\n      --ignore-missing          Treat missing delete targets as a successful no-op\n      --json                    Output as JSON\n      --max-age duration        Maximum acceptable age of local-store data before a stderr hint suggests sync; 0 disables (default 30m0s)\n      --no-cache                Bypass response cache\n      --no-color                Disable colored output\n      --no-input                Disable all interactive prompts (for CI/agents)\n      --plain                   Output as plain tab-separated text\n      --profile string          Apply values from a saved profile (see 'hostex-pp-cli profile list')\n      --quiet                   Bare output, one value per line\n      --rate-limit float        Max requests per second (0 to disable)\n      --select string           Comma-separated fields to include in output (e.g. --select id,name,status)\n      --timeout duration        Request timeout (default 1m0s)\n      --yes                     Skip confirmation prompts (for agents and scripts)\n"
    },
    {
      "command": "listings get-vrbo-price-and-rules",
      "kind": "happy_path",
      "args": null,
      "status": "skip",
      "reason": "blocked-fixture: required API parameter"
    },
    {
      "command": "listings get-vrbo-price-and-rules",
      "kind": "json_fidelity",
      "args": null,
      "status": "skip",
      "reason": "blocked-fixture: required API parameter"
    },
    {
      "command": "listings get-vrbo-price-and-rules",
      "kind": "error_path",
      "args": null,
      "status": "skip",
      "reason": "no positional argument"
    },
    {
      "command": "listings query",
      "kind": "help",
      "args": [
        "listings",
        "query",
        "--help"
      ],
      "status": "pass",
      "output_sample": "Query the listings (third-party properties) synced from the operator's connected channel accounts.\n\nUsage:\n  hostex-pp-cli listings query [flags]\n\nExamples:\n  hostex-pp-cli listings query\n\nFlags:\n      --all                                        Fetch all pages\n      --channel-account-id GET /channel_accounts   Internal id of a channel account (from GET /channel_accounts). Limits results to listings under this account.\n      --channel-type string                        Filter by channel type. (one of: airbnb, booking.com, agoda, expedia, vrbo, trip.com, booking_site, tujia_intl, hostex_direct, tujia, xiaozhu, meituan_bnb, meituan_hotel, muniao, fliggy, zhukeyun, tiktok, xiaohongshu, ctrip, houfy)\n  -h, --help                                       help for query\n      --limit int                                  The maximum number of results to return. The maximum value is 100. Default: 20. (default 20)\n      --listing-id listing_id                      Channel-side listing id (matches the listing_id exposed by other endpoints).\n      --offset string                              The starting point from which to begin returning results. Default: 0. (default \"0\")\n\nGlobal Flags:\n      --agent                   Set all agent-friendly defaults (--json --compact --no-input --no-color --yes)\n      --allow-partial-failure   Downgrade response-body partial-failure (e.g. partialFailureError) to a warning instead of a non-zero exit\n      --compact                 Return only key fields (id, name, status, timestamps) for minimal token usage\n      --config string           Config file path\n      --csv                     Output as CSV (table and array responses)\n      --data-source string      Data source for read commands: auto (live with local fallback), live (API only), local (synced data only) (default \"auto\")\n      --deliver string          Route output to a sink: stdout (default), file:\u003cpath\u003e, webhook:\u003curl\u003e\n      --dry-run                 Show request without sending\n      --home string             Root directory for config, data, state, and cache files\n      --human-friendly          Enable colored output and rich formatting\n      --idempotent              Treat already-existing create results as a successful no-op\n      --ignore-missing          Treat missing delete targets as a successful no-op\n      --json                    Output as JSON\n      --max-age duration        Maximum acceptable age of local-store data before a stderr hint suggests sync; 0 disables (default 30m0s)\n      --no-cache                Bypass response cache\n      --no-color                Disable colored output\n      --no-input                Disable all interactive prompts (for CI/agents)\n      --plain                   Output as plain tab-separated text\n      --profile string          Apply values from a saved profile (see 'hostex-pp-cli profile list')\n      --quiet                   Bare output, one value per line\n      --rate-limit float        Max requests per second (0 to disable)\n      --select string           Comma-separated fields to include in output (e.g. --select id,name,status)\n      --timeout duration        Request timeout (default 1m0s)\n      --yes                     Skip confirmation prompts (for agents and scripts)\n"
    },
    {
      "command": "listings query",
      "kind": "happy_path",
      "args": [
        "listings",
        "query"
      ],
      "status": "pass",
      "output_sample": "{\"meta\":{\"source\":\"live\"},\"results\":{\"data\":{\"listings\":[{\"channel_account_id\":503916,\"channel_type\":\"airbnb\",\"cover\":\"{\\\"id\\\":1715863948130995294,\\\"original_url\\\":\\\"https:\\\\/\\\\/z1.muscache.cn\\\\/im\\\\/pictures\\\\/hosting\\\\/Hosting-1715863948130995294\\\\/original\\\\/08d16aa9-25ef-403d-9d71-9b124c0ad3c5.jpeg\\\",\\\"large_url\\\":\\\"https:\\\\/\\\\/z1.muscache.cn\\\\/im\\\\/pictures\\\\/hosting\\\\/Hosting-1715863948130995294\\\\/original\\\\/08d16aa9-25ef-403d-9d71-9b124c0ad3c5.jpeg?aki_policy=x_medium\\\",\\\"extra_large_url\\\":\\\"https:\\\\/\\\\/z1.muscache.cn\\\\/im\\\\/pictures\\\\/hosting\\\\/Hosting-1715863948130995294\\\\/original\\\\/08d16aa9-25ef-403d-9d71-9b124c0ad3c5.jpeg?aki_policy=x_large\\\",\\\"extra_extra_large_url\\\":\\\"https:\\\\/\\\\/z1.muscache.cn\\\\/im\\\\/pictures\\\\/hosting\\\\/Hosting-1715863948130995294\\\\/original\\\\/08d16aa9-25ef-403d-9d71-9b124c0ad3c5.jpeg?aki_policy=xx_large\\\",\\\"small_url\\\":\\\"https:\\\\/\\\\/z1.muscache.cn\\\\/im\\\\/pictures\\\\/hosting\\\\/Hosting-1715863948130995294\\\\/original\\\\/08d16aa9-25ef-403d-9d71-9b124c0ad3c5.jpeg?aki_policy=small\\\",\\\"caption\\\":\\\"\\\",\\\"order\\\":1}\",\"created_at\":\"2026-06-27T02:37:57+00:00\",\"id\":2085476,\"inventory\":1,\"listing_id\":\"1715863948130995294\",\"metadata\":{\"allows_children_as_host\":0,\"allows_events_as_host\":0,\"allows_infants_as_host\":0,\"allows_pets_as_host\":0,\"allows_smoking_as_host\":0,\"amenity_list\":[\"BBQ_AREA\",\"POOL\",\"BIDET\",\"FIRST_AID_KIT\",\"TV\",\"ALFRESCO_SHOWER\",\"FREE_PARKING\",\"CONDITIONER\",\"HAIR_DRYER\",\"AC\",\"WIRELESS_INTERNET\",\"IRON\",\"COOKING_BASICS\",\"LAPTOP_FRIENDLY_WORKSPACE\",\"WASHER\",\"KITCHEN\",\"ALFRESCO_DINING\",\"PATIO\",\"SHOWER_GEL\",\"POOL_TABLE\"],\"area\":0,\"balcony_count\":0,\"bed_sheet_change\":0,\"booking_lead_hour\":24,\"building_name\":\"\",\"cancel_rule\":0,\"check_in_end_time\":0,\"check_in_start_time\":14,\"check_out_end_time\":0,\"check_out_start_time\":11,\"city_code\":\"\",\"city_name\":\"Tambon Rawai\",\"country_code\":\"TH\",\"country_name\":\"\",\"descriptions\":[{\"about_amenity\":\"\",\"about_interaction\":\"\",\"about_others\":\"\",\"about_street\":\"\",\"about_traffic\":\"\",\"about_your_house\":\"\",\"description\":\"ที่นี่ไม่ใช่เพียงวิลล่า แต่คือพื้นที่ที่ออกแบบมาเพื่อปรับสมดุลชีวิต (Slow Living) ผสานความเรียบง่ายกับความสะดวกสบายที่เข้าถึงได้ ภายในวิลล่าเน้นความโปร่งโล่ง ตกแต่งด้วยดีไซน์ Minimal ให้ความรู้สึกผ่อนคลายในทุกสัมผัส เหมาะสำหรับการพักผ่อนระยะยาวหรือหลีกหนีจากความเหนื่อยล้าอย่างแท้จริง\",\"locale\":\"th\",\"localized_language_name\":\"\",\"title\":\"Villa Zumbo \"},{\"about_amenity\":\"\",\"about_interaction\":\"\",\"about_others\":\"\",\"about_street\":\"\",\"about_traffic\":\"\",\"about_your_house\":\"\",\"description\":\"Villa Zumbo is not merely a residence; it is an intentional space designed for the practice of \\\"Slow Living.\\\" We balance minimalist aesthetics with intuitive modern luxury, ensuring your comfort is seamless. With its airy, open-concept design, the villa creates an atmosphere of profound tranquility. It is the perfect venue for long-term rejuvenation or an uncompromising break from the chaos of daily life.\",\"locale\":\"en\",\"localized_language_name\":\"\",\"title\":\"Villa Zumbo 3BR w/ Pool \u0026 BBQ\"}],\"district_code\":\"\",\"district_name\":\"\",\"extra_tenant_min_count\":1,\"feature\":\"\",\"host_interaction\":\"host_interaction_available_host\",\"house_number\":\"\",\"house_picture_list\":[{\"caption\":\"\",\"extra_extra_large_url\":\"https://z1.muscache.cn/im/pictures/hosting/Hosting-1715863948130995294/original/08d16aa9-25ef-403d-9d71-9b124c0ad3c5.jpeg?aki_policy=xx_large\",\"extra_large_url\":\"https://z1.muscache.cn/im/pictures/hosting/Hosting-1715863948130995294/original/08d16aa9-25ef-403d-9d71-9b124c0ad3c5.jpeg?aki_policy=x_large\",\"id\":1715863948130995200,\"large_url\":\"https://z1.muscache.cn/im/pictures/hosti…[truncated]"
    },
    {
      "command": "listings query",
      "kind": "json_fidelity",
      "args": [
        "listings",
        "query",
        "--json"
      ],
      "status": "pass",
      "output_sample": "{\"meta\":{\"source\":\"live\"},\"results\":{\"data\":{\"listings\":[{\"channel_account_id\":503916,\"channel_type\":\"airbnb\",\"cover\":\"{\\\"id\\\":1715863948130995294,\\\"original_url\\\":\\\"https:\\\\/\\\\/z1.muscache.cn\\\\/im\\\\/pictures\\\\/hosting\\\\/Hosting-1715863948130995294\\\\/original\\\\/08d16aa9-25ef-403d-9d71-9b124c0ad3c5.jpeg\\\",\\\"large_url\\\":\\\"https:\\\\/\\\\/z1.muscache.cn\\\\/im\\\\/pictures\\\\/hosting\\\\/Hosting-1715863948130995294\\\\/original\\\\/08d16aa9-25ef-403d-9d71-9b124c0ad3c5.jpeg?aki_policy=x_medium\\\",\\\"extra_large_url\\\":\\\"https:\\\\/\\\\/z1.muscache.cn\\\\/im\\\\/pictures\\\\/hosting\\\\/Hosting-1715863948130995294\\\\/original\\\\/08d16aa9-25ef-403d-9d71-9b124c0ad3c5.jpeg?aki_policy=x_large\\\",\\\"extra_extra_large_url\\\":\\\"https:\\\\/\\\\/z1.muscache.cn\\\\/im\\\\/pictures\\\\/hosting\\\\/Hosting-1715863948130995294\\\\/original\\\\/08d16aa9-25ef-403d-9d71-9b124c0ad3c5.jpeg?aki_policy=xx_large\\\",\\\"small_url\\\":\\\"https:\\\\/\\\\/z1.muscache.cn\\\\/im\\\\/pictures\\\\/hosting\\\\/Hosting-1715863948130995294\\\\/original\\\\/08d16aa9-25ef-403d-9d71-9b124c0ad3c5.jpeg?aki_policy=small\\\",\\\"caption\\\":\\\"\\\",\\\"order\\\":1}\",\"created_at\":\"2026-06-27T02:37:57+00:00\",\"id\":2085476,\"inventory\":1,\"listing_id\":\"1715863948130995294\",\"metadata\":{\"allows_children_as_host\":0,\"allows_events_as_host\":0,\"allows_infants_as_host\":0,\"allows_pets_as_host\":0,\"allows_smoking_as_host\":0,\"amenity_list\":[\"BBQ_AREA\",\"POOL\",\"BIDET\",\"FIRST_AID_KIT\",\"TV\",\"ALFRESCO_SHOWER\",\"FREE_PARKING\",\"CONDITIONER\",\"HAIR_DRYER\",\"AC\",\"WIRELESS_INTERNET\",\"IRON\",\"COOKING_BASICS\",\"LAPTOP_FRIENDLY_WORKSPACE\",\"WASHER\",\"KITCHEN\",\"ALFRESCO_DINING\",\"PATIO\",\"SHOWER_GEL\",\"POOL_TABLE\"],\"area\":0,\"balcony_count\":0,\"bed_sheet_change\":0,\"booking_lead_hour\":24,\"building_name\":\"\",\"cancel_rule\":0,\"check_in_end_time\":0,\"check_in_start_time\":14,\"check_out_end_time\":0,\"check_out_start_time\":11,\"city_code\":\"\",\"city_name\":\"Tambon Rawai\",\"country_code\":\"TH\",\"country_name\":\"\",\"descriptions\":[{\"about_amenity\":\"\",\"about_interaction\":\"\",\"about_others\":\"\",\"about_street\":\"\",\"about_traffic\":\"\",\"about_your_house\":\"\",\"description\":\"ที่นี่ไม่ใช่เพียงวิลล่า แต่คือพื้นที่ที่ออกแบบมาเพื่อปรับสมดุลชีวิต (Slow Living) ผสานความเรียบง่ายกับความสะดวกสบายที่เข้าถึงได้ ภายในวิลล่าเน้นความโปร่งโล่ง ตกแต่งด้วยดีไซน์ Minimal ให้ความรู้สึกผ่อนคลายในทุกสัมผัส เหมาะสำหรับการพักผ่อนระยะยาวหรือหลีกหนีจากความเหนื่อยล้าอย่างแท้จริง\",\"locale\":\"th\",\"localized_language_name\":\"\",\"title\":\"Villa Zumbo \"},{\"about_amenity\":\"\",\"about_interaction\":\"\",\"about_others\":\"\",\"about_street\":\"\",\"about_traffic\":\"\",\"about_your_house\":\"\",\"description\":\"Villa Zumbo is not merely a residence; it is an intentional space designed for the practice of \\\"Slow Living.\\\" We balance minimalist aesthetics with intuitive modern luxury, ensuring your comfort is seamless. With its airy, open-concept design, the villa creates an atmosphere of profound tranquility. It is the perfect venue for long-term rejuvenation or an uncompromising break from the chaos of daily life.\",\"locale\":\"en\",\"localized_language_name\":\"\",\"title\":\"Villa Zumbo 3BR w/ Pool \u0026 BBQ\"}],\"district_code\":\"\",\"district_name\":\"\",\"extra_tenant_min_count\":1,\"feature\":\"\",\"host_interaction\":\"host_interaction_available_host\",\"house_number\":\"\",\"house_picture_list\":[{\"caption\":\"\",\"extra_extra_large_url\":\"https://z1.muscache.cn/im/pictures/hosting/Hosting-1715863948130995294/original/08d16aa9-25ef-403d-9d71-9b124c0ad3c5.jpeg?aki_policy=xx_large\",\"extra_large_url\":\"https://z1.muscache.cn/im/pictures/hosting/Hosting-1715863948130995294/original/08d16aa9-25ef-403d-9d71-9b124c0ad3c5.jpeg?aki_policy=x_large\",\"id\":1715863948130995200,\"large_url\":\"https://z1.muscache.cn/im/pictures/hosti…[truncated]"
    },
    {
      "command": "listings query",
      "kind": "error_path",
      "args": null,
      "status": "skip",
      "reason": "no positional argument"
    },
    {
      "command": "listings query-calendars",
      "kind": "help",
      "args": [
        "listings",
        "query-calendars",
        "--help"
      ],
      "status": "pass",
      "output_sample": "By sending a request to this endpoint, you can retrieve calendar information for multiple listings.\n\nUsage:\n  hostex-pp-cli listings query-calendars [flags]\n\nAliases:\n  query-calendars, create\n\nExamples:\n  hostex-pp-cli listings query-calendars --end-date 2026-01-15\n\nFlags:\n      --end-date string     The end date for the calendar. The date format is YYYY-MM-DD, and must be within 3 years from now.\n  -h, --help                help for query-calendars\n      --listings string     A list of listing object. The listing object contains the listing id and channel type.\n      --start-date string   The start date for records. The date format is YYYY-MM-DD, and must be within 1 years from now.\n      --stdin               Read request body as JSON from stdin\n\nGlobal Flags:\n      --agent                   Set all agent-friendly defaults (--json --compact --no-input --no-color --yes)\n      --allow-partial-failure   Downgrade response-body partial-failure (e.g. partialFailureError) to a warning instead of a non-zero exit\n      --compact                 Return only key fields (id, name, status, timestamps) for minimal token usage\n      --config string           Config file path\n      --csv                     Output as CSV (table and array responses)\n      --data-source string      Data source for read commands: auto (live with local fallback), live (API only), local (synced data only) (default \"auto\")\n      --deliver string          Route output to a sink: stdout (default), file:\u003cpath\u003e, webhook:\u003curl\u003e\n      --dry-run                 Show request without sending\n      --home string             Root directory for config, data, state, and cache files\n      --human-friendly          Enable colored output and rich formatting\n      --idempotent              Treat already-existing create results as a successful no-op\n      --ignore-missing          Treat missing delete targets as a successful no-op\n      --json                    Output as JSON\n      --max-age duration        Maximum acceptable age of local-store data before a stderr hint suggests sync; 0 disables (default 30m0s)\n      --no-cache                Bypass response cache\n      --no-color                Disable colored output\n      --no-input                Disable all interactive prompts (for CI/agents)\n      --plain                   Output as plain tab-separated text\n      --profile string          Apply values from a saved profile (see 'hostex-pp-cli profile list')\n      --quiet                   Bare output, one value per line\n      --rate-limit float        Max requests per second (0 to disable)\n      --select string           Comma-separated fields to include in output (e.g. --select id,name,status)\n      --timeout duration        Request timeout (default 1m0s)\n      --yes                     Skip confirmation prompts (for agents and scripts)\n"
    },
    {
      "command": "listings query-calendars",
      "kind": "happy_path",
      "args": [
        "listings",
        "query-calendars",
        "--end-date",
        "2026-01-15",
        "--dry-run"
      ],
      "status": "pass",
      "output_sample": "{\n  \"action\": \"post\",\n  \"data\": {\n    \"dry_run\": true\n  },\n  \"dry_run\": true,\n  \"path\": \"/listings/calendar\",\n  \"resource\": \"listings\",\n  \"status\": 0,\n  \"success\": false\n}\nPOST https://api.hostex.io/v3/listings/calendar\n  Body:\n{\n    \"end_date\": \"2026-01-15\"\n  }\n  Hostex-Access-Token: ****KbdV\n\n(dry run - no request sent)\n"
    },
    {
      "command": "listings query-calendars",
      "kind": "json_fidelity",
      "args": [
        "listings",
        "query-calendars",
        "--end-date",
        "2026-01-15",
        "--dry-run",
        "--json"
      ],
      "status": "pass",
      "output_sample": "{\n  \"action\": \"post\",\n  \"data\": {\n    \"dry_run\": true\n  },\n  \"dry_run\": true,\n  \"path\": \"/listings/calendar\",\n  \"resource\": \"listings\",\n  \"status\": 0,\n  \"success\": false\n}\nPOST https://api.hostex.io/v3/listings/calendar\n  Body:\n{\n    \"end_date\": \"2026-01-15\"\n  }\n  Hostex-Access-Token: ****KbdV\n\n(dry run - no request sent)\n"
    },
    {
      "command": "listings query-calendars",
      "kind": "error_path",
      "args": null,
      "status": "skip",
      "reason": "no positional argument"
    },
    {
      "command": "listings query-calendars",
      "kind": "error_path_real",
      "args": null,
      "status": "skip",
      "reason": "mutating command dry-run only"
    },
    {
      "command": "listings update-airbnb-price-and-rules",
      "kind": "help",
      "args": [
        "listings",
        "update-airbnb-price-and-rules",
        "--help"
      ],
      "status": "pass",
      "output_sample": "Update the listing-level pricing, fees, booking settings and availability rules of an Airbnb listing.\n\nUsage:\n  hostex-pp-cli listings update-airbnb-price-and-rules [flags]\n\nExamples:\n  hostex-pp-cli listings update-airbnb-price-and-rules --listing-id 550e8400-e29b-41d4-a716-446655440000\n\nFlags:\n  -h, --help                                                       help for update-airbnb-price-and-rules\n      --listing-id string                                          The unique identifier for different channels.\n      --settings-advance-notice int                                Booking lead time in hours.\n      --settings-allow-rtb-above-max-nights                        Whether to allow request-to-book for stays exceeding the maximum nights.\n      --settings-availability-window int                           How far in advance (in days) the calendar is bookable.\n      --settings-base-price float                                  The default nightly price.\n      --settings-cancellation-policy string                        The cancellation policy category.\n      --settings-check-in-end-time 25                              Check-in end time. An integer hour 9-26 (25/`26` for 1am/2am next day) or `FLEXIBLE`.\n      --settings-check-in-start-time 25                            Check-in start time. An integer hour 8-24, 25/`26` for 1am/2am next day, or `FLEXIBLE`.\n      --settings-check-out-before int                              Check-out latest time, an integer hour 0-23.\n      --settings-cleaning-fee float                                The cleaning fee amount.\n      --settings-day-of-week-min-nights string                     Per-day-of-week minimum nights rule.\n      --settings-days-of-week-check-in string                      Days of week (0=Sunday ... 6=Saturday) on which check-in IS allowed; the remaining days are blocked.\n      --settings-days-of-week-check-out string                     Days of week (0=Sunday ... 6=Saturday) on which check-out IS allowed; the remaining days are blocked.\n      --settings-early-bird-discount-days int                      Days\n      --settings-early-bird-discount-discount int                  Discount\n      --settings-extra-guest-fee float                             The fee charged per extra guest.\n      --settings-high-rated-guest-discount                         Whether to enable the Airbnb highly-rated guest discount (15% off for guests rated 4.8+ with at least 3 reviews).\n      --settings-instant-booking                                   Whether instant booking is allowed.\n      --settings-last-minute-discount-days int                     Days\n      --settings-last-minute-discount-discount int                 Discount\n      --settings-listing-currency USD                              The listing currency code, e.g. USD.\n      --settings-long-term-cancellation-policy string              The long-term-stay cancellation policy id.\n      --settings-long-term-discount-days int                       Days\n      --settings-long-term-discount-discount int                   Discount\n      --settings-max-guests int                                    The number of guests included in the base price.\n      --settings-maximum-stay int                                  The default maximum number of nights.\n      --settings-minimum-stay int                                  The default minimum number of nights.\n      --settings-mobile-only-discount                              Whether to enable the Airbnb mobile-only discount (10% off for guests booking via the Airbnb mobile app).\n      --settings-new-listing-promotion                             Whether to enable the Airbnb new listing promotion.\n      --settings-non-refundable-price-factor (100 - value) / 100   The non-refundable discount percentage (0-100). Stored as a price factor of (100 - value) / 100.\n      --settings-pet-fee pet_fee_obj                               The pet fee amount. Mutually exclusive with pet_fee_obj.\n      --settings-pet-fee-obj-amount float                          Amount\n      --settings-pet-fee-obj-charge-period string    …[truncated]"
    },
    {
      "command": "listings update-airbnb-price-and-rules",
      "kind": "happy_path",
      "args": [
        "listings",
        "update-airbnb-price-and-rules",
        "--listing-id",
        "550e8400-e29b-41d4-a716-446655440000",
        "--dry-run"
      ],
      "status": "pass",
      "output_sample": "{\n  \"action\": \"post\",\n  \"data\": {\n    \"dry_run\": true\n  },\n  \"dry_run\": true,\n  \"path\": \"/listings/airbnb/price_and_rules\",\n  \"resource\": \"listings\",\n  \"status\": 0,\n  \"success\": false\n}\nPOST https://api.hostex.io/v3/listings/airbnb/price_and_rules\n  Body:\n{\n    \"listing_id\": \"550e8400-e29b-41d4-a716-446655440000\"\n  }\n  Hostex-Access-Token: ****KbdV\n\n(dry run - no request sent)\n"
    },
    {
      "command": "listings update-airbnb-price-and-rules",
      "kind": "json_fidelity",
      "args": [
        "listings",
        "update-airbnb-price-and-rules",
        "--listing-id",
        "550e8400-e29b-41d4-a716-446655440000",
        "--dry-run",
        "--json"
      ],
      "status": "pass",
      "output_sample": "{\n  \"action\": \"post\",\n  \"data\": {\n    \"dry_run\": true\n  },\n  \"dry_run\": true,\n  \"path\": \"/listings/airbnb/price_and_rules\",\n  \"resource\": \"listings\",\n  \"status\": 0,\n  \"success\": false\n}\nPOST https://api.hostex.io/v3/listings/airbnb/price_and_rules\n  Body:\n{\n    \"listing_id\": \"550e8400-e29b-41d4-a716-446655440000\"\n  }\n  Hostex-Access-Token: ****KbdV\n\n(dry run - no request sent)\n"
    },
    {
      "command": "listings update-airbnb-price-and-rules",
      "kind": "error_path",
      "args": null,
      "status": "skip",
      "reason": "no positional argument"
    },
    {
      "command": "listings update-airbnb-price-and-rules",
      "kind": "error_path_real",
      "args": null,
      "status": "skip",
      "reason": "mutating command dry-run only"
    },
    {
      "command": "listings update-inventories",
      "kind": "help",
      "args": [
        "listings",
        "update-inventories",
        "--help"
      ],
      "status": "pass",
      "output_sample": "Update the inventories of channel listings.\n\nUsage:\n  hostex-pp-cli listings update-inventories [flags]\n\nExamples:\n  hostex-pp-cli listings update-inventories --channel-type airbnb\n\nFlags:\n      --channel-type string   The type of the channel to be queried.\n  -h, --help                  help for update-inventories\n      --inventories string    Inventories\n      --listing-id string     The unique identifier for different channels.\n      --stdin                 Read request body as JSON from stdin\n\nGlobal Flags:\n      --agent                   Set all agent-friendly defaults (--json --compact --no-input --no-color --yes)\n      --allow-partial-failure   Downgrade response-body partial-failure (e.g. partialFailureError) to a warning instead of a non-zero exit\n      --compact                 Return only key fields (id, name, status, timestamps) for minimal token usage\n      --config string           Config file path\n      --csv                     Output as CSV (table and array responses)\n      --data-source string      Data source for read commands: auto (live with local fallback), live (API only), local (synced data only) (default \"auto\")\n      --deliver string          Route output to a sink: stdout (default), file:\u003cpath\u003e, webhook:\u003curl\u003e\n      --dry-run                 Show request without sending\n      --home string             Root directory for config, data, state, and cache files\n      --human-friendly          Enable colored output and rich formatting\n      --idempotent              Treat already-existing create results as a successful no-op\n      --ignore-missing          Treat missing delete targets as a successful no-op\n      --json                    Output as JSON\n      --max-age duration        Maximum acceptable age of local-store data before a stderr hint suggests sync; 0 disables (default 30m0s)\n      --no-cache                Bypass response cache\n      --no-color                Disable colored output\n      --no-input                Disable all interactive prompts (for CI/agents)\n      --plain                   Output as plain tab-separated text\n      --profile string          Apply values from a saved profile (see 'hostex-pp-cli profile list')\n      --quiet                   Bare output, one value per line\n      --rate-limit float        Max requests per second (0 to disable)\n      --select string           Comma-separated fields to include in output (e.g. --select id,name,status)\n      --timeout duration        Request timeout (default 1m0s)\n      --yes                     Skip confirmation prompts (for agents and scripts)\n"
    },
    {
      "command": "listings update-inventories",
      "kind": "happy_path",
      "args": [
        "listings",
        "update-inventories",
        "--channel-type",
        "airbnb",
        "--dry-run"
      ],
      "status": "pass",
      "output_sample": "{\n  \"action\": \"post\",\n  \"data\": {\n    \"dry_run\": true\n  },\n  \"dry_run\": true,\n  \"path\": \"/listings/inventories\",\n  \"resource\": \"listings\",\n  \"status\": 0,\n  \"success\": false\n}\nPOST https://api.hostex.io/v3/listings/inventories\n  Body:\n{\n    \"channel_type\": \"airbnb\"\n  }\n  Hostex-Access-Token: ****KbdV\n\n(dry run - no request sent)\n"
    },
    {
      "command": "listings update-inventories",
      "kind": "json_fidelity",
      "args": [
        "listings",
        "update-inventories",
        "--channel-type",
        "airbnb",
        "--dry-run",
        "--json"
      ],
      "status": "pass",
      "output_sample": "{\n  \"action\": \"post\",\n  \"data\": {\n    \"dry_run\": true\n  },\n  \"dry_run\": true,\n  \"path\": \"/listings/inventories\",\n  \"resource\": \"listings\",\n  \"status\": 0,\n  \"success\": false\n}\nPOST https://api.hostex.io/v3/listings/inventories\n  Body:\n{\n    \"channel_type\": \"airbnb\"\n  }\n  Hostex-Access-Token: ****KbdV\n\n(dry run - no request sent)\n"
    },
    {
      "command": "listings update-inventories",
      "kind": "error_path",
      "args": null,
      "status": "skip",
      "reason": "no positional argument"
    },
    {
      "command": "listings update-inventories",
      "kind": "error_path_real",
      "args": null,
      "status": "skip",
      "reason": "mutating command dry-run only"
    },
    {
      "command": "listings update-prices",
      "kind": "help",
      "args": [
        "listings",
        "update-prices",
        "--help"
      ],
      "status": "pass",
      "output_sample": "Update the prices of channel listings.\n\nUsage:\n  hostex-pp-cli listings update-prices [flags]\n\nExamples:\n  hostex-pp-cli listings update-prices --dry-run\n\nFlags:\n      --channel-type string   The type of the channel to be queried.\n  -h, --help                  help for update-prices\n      --listing-id string     The unique identifier for different channels.\n      --prices string         Prices\n      --stdin                 Read request body as JSON from stdin\n\nGlobal Flags:\n      --agent                   Set all agent-friendly defaults (--json --compact --no-input --no-color --yes)\n      --allow-partial-failure   Downgrade response-body partial-failure (e.g. partialFailureError) to a warning instead of a non-zero exit\n      --compact                 Return only key fields (id, name, status, timestamps) for minimal token usage\n      --config string           Config file path\n      --csv                     Output as CSV (table and array responses)\n      --data-source string      Data source for read commands: auto (live with local fallback), live (API only), local (synced data only) (default \"auto\")\n      --deliver string          Route output to a sink: stdout (default), file:\u003cpath\u003e, webhook:\u003curl\u003e\n      --dry-run                 Show request without sending\n      --home string             Root directory for config, data, state, and cache files\n      --human-friendly          Enable colored output and rich formatting\n      --idempotent              Treat already-existing create results as a successful no-op\n      --ignore-missing          Treat missing delete targets as a successful no-op\n      --json                    Output as JSON\n      --max-age duration        Maximum acceptable age of local-store data before a stderr hint suggests sync; 0 disables (default 30m0s)\n      --no-cache                Bypass response cache\n      --no-color                Disable colored output\n      --no-input                Disable all interactive prompts (for CI/agents)\n      --plain                   Output as plain tab-separated text\n      --profile string          Apply values from a saved profile (see 'hostex-pp-cli profile list')\n      --quiet                   Bare output, one value per line\n      --rate-limit float        Max requests per second (0 to disable)\n      --select string           Comma-separated fields to include in output (e.g. --select id,name,status)\n      --timeout duration        Request timeout (default 1m0s)\n      --yes                     Skip confirmation prompts (for agents and scripts)\n"
    },
    {
      "command": "listings update-prices",
      "kind": "happy_path",
      "args": [
        "listings",
        "update-prices",
        "--dry-run"
      ],
      "status": "pass",
      "output_sample": "{\n  \"action\": \"post\",\n  \"data\": {\n    \"dry_run\": true\n  },\n  \"dry_run\": true,\n  \"path\": \"/listings/prices\",\n  \"resource\": \"listings\",\n  \"status\": 0,\n  \"success\": false\n}\nPOST https://api.hostex.io/v3/listings/prices\n  Body:\n{}\n  Hostex-Access-Token: ****KbdV\n\n(dry run - no request sent)\n"
    },
    {
      "command": "listings update-prices",
      "kind": "json_fidelity",
      "args": [
        "listings",
        "update-prices",
        "--dry-run",
        "--json"
      ],
      "status": "pass",
      "output_sample": "{\n  \"action\": \"post\",\n  \"data\": {\n    \"dry_run\": true\n  },\n  \"dry_run\": true,\n  \"path\": \"/listings/prices\",\n  \"resource\": \"listings\",\n  \"status\": 0,\n  \"success\": false\n}\nPOST https://api.hostex.io/v3/listings/prices\n  Body:\n{}\n  Hostex-Access-Token: ****KbdV\n\n(dry run - no request sent)\n"
    },
    {
      "command": "listings update-prices",
      "kind": "error_path",
      "args": null,
      "status": "skip",
      "reason": "no positional argument"
    },
    {
      "command": "listings update-prices",
      "kind": "error_path_real",
      "args": null,
      "status": "skip",
      "reason": "mutating command dry-run only"
    },
    {
      "command": "listings update-restrictions",
      "kind": "help",
      "args": [
        "listings",
        "update-restrictions",
        "--help"
      ],
      "status": "pass",
      "output_sample": "Update the restrictions of channel listings.\n\nUsage:\n  hostex-pp-cli listings update-restrictions [flags]\n\nExamples:\n  hostex-pp-cli listings update-restrictions --channel-type airbnb\n\nFlags:\n      --channel-type string   The type of the channel to be queried.\n  -h, --help                  help for update-restrictions\n      --listing-id string     The unique identifier for different channels.\n      --restrictions string   Restrictions\n      --stdin                 Read request body as JSON from stdin\n\nGlobal Flags:\n      --agent                   Set all agent-friendly defaults (--json --compact --no-input --no-color --yes)\n      --allow-partial-failure   Downgrade response-body partial-failure (e.g. partialFailureError) to a warning instead of a non-zero exit\n      --compact                 Return only key fields (id, name, status, timestamps) for minimal token usage\n      --config string           Config file path\n      --csv                     Output as CSV (table and array responses)\n      --data-source string      Data source for read commands: auto (live with local fallback), live (API only), local (synced data only) (default \"auto\")\n      --deliver string          Route output to a sink: stdout (default), file:\u003cpath\u003e, webhook:\u003curl\u003e\n      --dry-run                 Show request without sending\n      --home string             Root directory for config, data, state, and cache files\n      --human-friendly          Enable colored output and rich formatting\n      --idempotent              Treat already-existing create results as a successful no-op\n      --ignore-missing          Treat missing delete targets as a successful no-op\n      --json                    Output as JSON\n      --max-age duration        Maximum acceptable age of local-store data before a stderr hint suggests sync; 0 disables (default 30m0s)\n      --no-cache                Bypass response cache\n      --no-color                Disable colored output\n      --no-input                Disable all interactive prompts (for CI/agents)\n      --plain                   Output as plain tab-separated text\n      --profile string          Apply values from a saved profile (see 'hostex-pp-cli profile list')\n      --quiet                   Bare output, one value per line\n      --rate-limit float        Max requests per second (0 to disable)\n      --select string           Comma-separated fields to include in output (e.g. --select id,name,status)\n      --timeout duration        Request timeout (default 1m0s)\n      --yes                     Skip confirmation prompts (for agents and scripts)\n"
    },
    {
      "command": "listings update-restrictions",
      "kind": "happy_path",
      "args": [
        "listings",
        "update-restrictions",
        "--channel-type",
        "airbnb",
        "--dry-run"
      ],
      "status": "pass",
      "output_sample": "{\n  \"action\": \"post\",\n  \"data\": {\n    \"dry_run\": true\n  },\n  \"dry_run\": true,\n  \"path\": \"/listings/restrictions\",\n  \"resource\": \"listings\",\n  \"status\": 0,\n  \"success\": false\n}\nPOST https://api.hostex.io/v3/listings/restrictions\n  Body:\n{\n    \"channel_type\": \"airbnb\"\n  }\n  Hostex-Access-Token: ****KbdV\n\n(dry run - no request sent)\n"
    },
    {
      "command": "listings update-restrictions",
      "kind": "json_fidelity",
      "args": [
        "listings",
        "update-restrictions",
        "--channel-type",
        "airbnb",
        "--dry-run",
        "--json"
      ],
      "status": "pass",
      "output_sample": "{\n  \"action\": \"post\",\n  \"data\": {\n    \"dry_run\": true\n  },\n  \"dry_run\": true,\n  \"path\": \"/listings/restrictions\",\n  \"resource\": \"listings\",\n  \"status\": 0,\n  \"success\": false\n}\nPOST https://api.hostex.io/v3/listings/restrictions\n  Body:\n{\n    \"channel_type\": \"airbnb\"\n  }\n  Hostex-Access-Token: ****KbdV\n\n(dry run - no request sent)\n"
    },
    {
      "command": "listings update-restrictions",
      "kind": "error_path",
      "args": null,
      "status": "skip",
      "reason": "no positional argument"
    },
    {
      "command": "listings update-restrictions",
      "kind": "error_path_real",
      "args": null,
      "status": "skip",
      "reason": "mutating command dry-run only"
    },
    {
      "command": "listings update-vrbo-price-and-rules",
      "kind": "help",
      "args": [
        "listings",
        "update-vrbo-price-and-rules",
        "--help"
      ],
      "status": "pass",
      "output_sample": "Update the listing-level pricing, fees and booking rules of a Vrbo listing.\n\nUsage:\n  hostex-pp-cli listings update-vrbo-price-and-rules [flags]\n\nExamples:\n  hostex-pp-cli listings update-vrbo-price-and-rules --listing-id 550e8400-e29b-41d4-a716-446655440000\n\nFlags:\n  -h, --help                                    help for update-vrbo-price-and-rules\n      --listing-id string                       The unique identifier for different channels.\n      --settings-advance-notice int             Booking lead time / advance notice.\n      --settings-availability-window int        How far in advance the calendar is bookable.\n      --settings-base-price nightly_rate        The default nightly price applied to every day of the week. Takes precedence over nightly_rate when both are provided.\n      --settings-check-in-start-time string     The earliest check-in time.\n      --settings-check-out-before string        The latest check-out time.\n      --settings-cleaning-fee 0                 The cleaning fee amount. 0 clears the fee.\n      --settings-extra-guest-fee 0              The fee charged per extra guest. 0 clears the fee.\n      --settings-extra-guest-number int         The number of guests after which the extra guest fee applies.\n      --settings-instant-booking                Whether instant booking is allowed.\n      --settings-max-guests int                 The maximum number of guests.\n      --settings-minimum-stay int               The default minimum number of nights.\n      --settings-monthly-discount float         The monthly stay discount percentage (0-99).\n      --settings-nightly-rate-friday float      Friday\n      --settings-nightly-rate-monday float      Monday\n      --settings-nightly-rate-saturday float    Saturday\n      --settings-nightly-rate-sunday float      Sunday\n      --settings-nightly-rate-thursday float    Thursday\n      --settings-nightly-rate-tuesday float     Tuesday\n      --settings-nightly-rate-wednesday float   Wednesday\n      --settings-security-deposit 0             The security deposit amount. 0 clears the deposit.\n      --settings-weekly-discount float          The weekly stay discount percentage (0-99).\n      --stdin                                   Read request body as JSON from stdin\n\nGlobal Flags:\n      --agent                   Set all agent-friendly defaults (--json --compact --no-input --no-color --yes)\n      --allow-partial-failure   Downgrade response-body partial-failure (e.g. partialFailureError) to a warning instead of a non-zero exit\n      --compact                 Return only key fields (id, name, status, timestamps) for minimal token usage\n      --config string           Config file path\n      --csv                     Output as CSV (table and array responses)\n      --data-source string      Data source for read commands: auto (live with local fallback), live (API only), local (synced data only) (default \"auto\")\n      --deliver string          Route output to a sink: stdout (default), file:\u003cpath\u003e, webhook:\u003curl\u003e\n      --dry-run                 Show request without sending\n      --home string             Root directory for config, data, state, and cache files\n      --human-friendly          Enable colored output and rich formatting\n      --idempotent              Treat already-existing create results as a successful no-op\n      --ignore-missing          Treat missing delete targets as a successful no-op\n      --json                    Output as JSON\n      --max-age duration        Maximum acceptable age of local-store data before a stderr hint suggests sync; 0 disables (default 30m0s)\n      --no-cache                Bypass response cache\n      --no-color                Disable colored output\n      --no-input                Disable all interactive prompts (for CI/agents)\n      --plain                   Output as plain tab-separated text\n      --profile string          Apply values from a saved profile (see 'hostex-pp-cli profile list')\n      --quiet                   Bare output, one value per line\n      --rate-limit float        Max requests per second (0 to disable)\n      --select s…[truncated]"
    },
    {
      "command": "listings update-vrbo-price-and-rules",
      "kind": "happy_path",
      "args": [
        "listings",
        "update-vrbo-price-and-rules",
        "--listing-id",
        "550e8400-e29b-41d4-a716-446655440000",
        "--dry-run"
      ],
      "status": "pass",
      "output_sample": "{\n  \"action\": \"post\",\n  \"data\": {\n    \"dry_run\": true\n  },\n  \"dry_run\": true,\n  \"path\": \"/listings/vrbo/price_and_rules\",\n  \"resource\": \"listings\",\n  \"status\": 0,\n  \"success\": false\n}\nPOST https://api.hostex.io/v3/listings/vrbo/price_and_rules\n  Body:\n{\n    \"listing_id\": \"550e8400-e29b-41d4-a716-446655440000\"\n  }\n  Hostex-Access-Token: ****KbdV\n\n(dry run - no request sent)\n"
    },
    {
      "command": "listings update-vrbo-price-and-rules",
      "kind": "json_fidelity",
      "args": [
        "listings",
        "update-vrbo-price-and-rules",
        "--listing-id",
        "550e8400-e29b-41d4-a716-446655440000",
        "--dry-run",
        "--json"
      ],
      "status": "pass",
      "output_sample": "{\n  \"action\": \"post\",\n  \"data\": {\n    \"dry_run\": true\n  },\n  \"dry_run\": true,\n  \"path\": \"/listings/vrbo/price_and_rules\",\n  \"resource\": \"listings\",\n  \"status\": 0,\n  \"success\": false\n}\nPOST https://api.hostex.io/v3/listings/vrbo/price_and_rules\n  Body:\n{\n    \"listing_id\": \"550e8400-e29b-41d4-a716-446655440000\"\n  }\n  Hostex-Access-Token: ****KbdV\n\n(dry run - no request sent)\n"
    },
    {
      "command": "listings update-vrbo-price-and-rules",
      "kind": "error_path",
      "args": null,
      "status": "skip",
      "reason": "no positional argument"
    },
    {
      "command": "listings update-vrbo-price-and-rules",
      "kind": "error_path_real",
      "args": null,
      "status": "skip",
      "reason": "mutating command dry-run only"
    },
    {
      "command": "oauth obtain-token",
      "kind": "help",
      "args": [
        "oauth",
        "obtain-token",
        "--help"
      ],
      "status": "pass",
      "output_sample": "This endpoint is used to obtain a new access token using various OAuth 2.0 grant types or refresh an existing token.\n\nUsage:\n  hostex-pp-cli oauth obtain-token [flags]\n\nAliases:\n  obtain-token, create\n\nExamples:\n  hostex-pp-cli oauth obtain-token --client-id 550e8400-e29b-41d4-a716-446655440000\n\nFlags:\n      --client-id string       The unique identifier for the client application requesting the token.\n      --client-secret string   The secret key associated with the client application, used for authentication.\n      --code string            The authorization code received from the authorization endpoint. Required if 'grant_type' is 'authorization_code'.\n      --grant-type string      The OAuth 2.0 grant type. Possible values: 'authorization_code' or 'refresh_token'.\n  -h, --help                   help for obtain-token\n      --refresh-token string   The refresh token used to obtain a new access token. Required if 'grant_type' is 'refresh_token'.\n      --stdin                  Read request body as JSON from stdin\n\nGlobal Flags:\n      --agent                   Set all agent-friendly defaults (--json --compact --no-input --no-color --yes)\n      --allow-partial-failure   Downgrade response-body partial-failure (e.g. partialFailureError) to a warning instead of a non-zero exit\n      --compact                 Return only key fields (id, name, status, timestamps) for minimal token usage\n      --config string           Config file path\n      --csv                     Output as CSV (table and array responses)\n      --data-source string      Data source for read commands: auto (live with local fallback), live (API only), local (synced data only) (default \"auto\")\n      --deliver string          Route output to a sink: stdout (default), file:\u003cpath\u003e, webhook:\u003curl\u003e\n      --dry-run                 Show request without sending\n      --home string             Root directory for config, data, state, and cache files\n      --human-friendly          Enable colored output and rich formatting\n      --idempotent              Treat already-existing create results as a successful no-op\n      --ignore-missing          Treat missing delete targets as a successful no-op\n      --json                    Output as JSON\n      --max-age duration        Maximum acceptable age of local-store data before a stderr hint suggests sync; 0 disables (default 30m0s)\n      --no-cache                Bypass response cache\n      --no-color                Disable colored output\n      --no-input                Disable all interactive prompts (for CI/agents)\n      --plain                   Output as plain tab-separated text\n      --profile string          Apply values from a saved profile (see 'hostex-pp-cli profile list')\n      --quiet                   Bare output, one value per line\n      --rate-limit float        Max requests per second (0 to disable)\n      --select string           Comma-separated fields to include in output (e.g. --select id,name,status)\n      --timeout duration        Request timeout (default 1m0s)\n      --yes                     Skip confirmation prompts (for agents and scripts)\n"
    },
    {
      "command": "oauth obtain-token",
      "kind": "happy_path",
      "args": [
        "oauth",
        "obtain-token",
        "--client-id",
        "550e8400-e29b-41d4-a716-446655440000",
        "--dry-run"
      ],
      "status": "pass",
      "output_sample": "{\n  \"action\": \"post\",\n  \"data\": {\n    \"dry_run\": true\n  },\n  \"dry_run\": true,\n  \"path\": \"/oauth/authorizations\",\n  \"resource\": \"oauth\",\n  \"status\": 0,\n  \"success\": false\n}\nPOST https://api.hostex.io/v3/oauth/authorizations\n  Body:\n{\n    \"client_id\": \"550e8400-e29b-41d4-a716-446655440000\"\n  }\n  Hostex-Access-Token: ****KbdV\n\n(dry run - no request sent)\n"
    },
    {
      "command": "oauth obtain-token",
      "kind": "json_fidelity",
      "args": [
        "oauth",
        "obtain-token",
        "--client-id",
        "550e8400-e29b-41d4-a716-446655440000",
        "--dry-run",
        "--json"
      ],
      "status": "pass",
      "output_sample": "{\n  \"action\": \"post\",\n  \"data\": {\n    \"dry_run\": true\n  },\n  \"dry_run\": true,\n  \"path\": \"/oauth/authorizations\",\n  \"resource\": \"oauth\",\n  \"status\": 0,\n  \"success\": false\n}\nPOST https://api.hostex.io/v3/oauth/authorizations\n  Body:\n{\n    \"client_id\": \"550e8400-e29b-41d4-a716-446655440000\"\n  }\n  Hostex-Access-Token: ****KbdV\n\n(dry run - no request sent)\n"
    },
    {
      "command": "oauth obtain-token",
      "kind": "error_path",
      "args": null,
      "status": "skip",
      "reason": "no positional argument"
    },
    {
      "command": "oauth obtain-token",
      "kind": "error_path_real",
      "args": null,
      "status": "skip",
      "reason": "mutating command dry-run only"
    },
    {
      "command": "oauth revoke-token",
      "kind": "help",
      "args": null,
      "status": "skip",
      "reason": "destructive-at-auth"
    },
    {
      "command": "oauth revoke-token",
      "kind": "happy_path",
      "args": null,
      "status": "skip",
      "reason": "destructive-at-auth"
    },
    {
      "command": "oauth revoke-token",
      "kind": "json_fidelity",
      "args": null,
      "status": "skip",
      "reason": "destructive-at-auth"
    },
    {
      "command": "oauth revoke-token",
      "kind": "error_path",
      "args": null,
      "status": "skip",
      "reason": "destructive-at-auth"
    },
    {
      "command": "ops-gaps",
      "kind": "help",
      "args": [
        "ops-gaps",
        "--help"
      ],
      "status": "pass",
      "output_sample": "Joins locally synced reservations against tasks and check-in details to surface\nupcoming or in-progress stays missing a cleaning task or with no check-in\ndetails set — problems no single Hostex endpoint reports.\n\nReads the local mirror; run `hostex-pp-cli sync --resources reservations,tasks` first.\n\nUsage:\n  hostex-pp-cli ops-gaps [flags]\n\nExamples:\n  hostex-pp-cli ops-gaps --within 7d --agent\n\nFlags:\n      --db string       Path to the local SQLite mirror (default: per-user data dir)\n  -h, --help            help for ops-gaps\n      --within string   Only consider stays arriving within this window (e.g. 7d, 48h, 2w) (default \"7d\")\n\nGlobal Flags:\n      --agent                   Set all agent-friendly defaults (--json --compact --no-input --no-color --yes)\n      --allow-partial-failure   Downgrade response-body partial-failure (e.g. partialFailureError) to a warning instead of a non-zero exit\n      --compact                 Return only key fields (id, name, status, timestamps) for minimal token usage\n      --config string           Config file path\n      --csv                     Output as CSV (table and array responses)\n      --data-source string      Data source for read commands: auto (live with local fallback), live (API only), local (synced data only) (default \"auto\")\n      --deliver string          Route output to a sink: stdout (default), file:\u003cpath\u003e, webhook:\u003curl\u003e\n      --dry-run                 Show request without sending\n      --home string             Root directory for config, data, state, and cache files\n      --human-friendly          Enable colored output and rich formatting\n      --idempotent              Treat already-existing create results as a successful no-op\n      --ignore-missing          Treat missing delete targets as a successful no-op\n      --json                    Output as JSON\n      --max-age duration        Maximum acceptable age of local-store data before a stderr hint suggests sync; 0 disables (default 30m0s)\n      --no-cache                Bypass response cache\n      --no-color                Disable colored output\n      --no-input                Disable all interactive prompts (for CI/agents)\n      --plain                   Output as plain tab-separated text\n      --profile string          Apply values from a saved profile (see 'hostex-pp-cli profile list')\n      --quiet                   Bare output, one value per line\n      --rate-limit float        Max requests per second (0 to disable)\n      --select string           Comma-separated fields to include in output (e.g. --select id,name,status)\n      --timeout duration        Request timeout (default 1m0s)\n      --yes                     Skip confirmation prompts (for agents and scripts)\n"
    },
    {
      "command": "ops-gaps",
      "kind": "happy_path",
      "args": [
        "ops-gaps",
        "--within",
        "7d",
        "--agent"
      ],
      "status": "pass",
      "output_sample": "{\n  \"meta\": {\n    \"source\": \"local\"\n  },\n  \"results\": {\n    \"gaps\": [],\n    \"scanned_reservations\": 0,\n    \"stays_with_gaps\": 0,\n    \"within\": \"7d\"\n  }\n}\nhint: local store has not been synced yet. Run 'hostex-pp-cli sync' before trusting local results.\n"
    },
    {
      "command": "ops-gaps",
      "kind": "json_fidelity",
      "args": [
        "ops-gaps",
        "--within",
        "7d",
        "--agent",
        "--json"
      ],
      "status": "pass",
      "output_sample": "{\n  \"meta\": {\n    \"source\": \"local\"\n  },\n  \"results\": {\n    \"gaps\": [],\n    \"scanned_reservations\": 0,\n    \"stays_with_gaps\": 0,\n    \"within\": \"7d\"\n  }\n}\nhint: local store has not been synced yet. Run 'hostex-pp-cli sync' before trusting local results.\n"
    },
    {
      "command": "ops-gaps",
      "kind": "error_path",
      "args": null,
      "status": "skip",
      "reason": "no positional argument"
    },
    {
      "command": "oversell-watch",
      "kind": "help",
      "args": [
        "oversell-watch",
        "--help"
      ],
      "status": "pass",
      "output_sample": "Queries Hostex live: compares each property's master availability calendar\nagainst its per-channel listing inventory and flags dates where a channel still\nshows inventory while the master calendar is blocked — double-sell risk.\n\nLive command (needs a valid token). Pass --property to scope; otherwise it scans\nproperties up to --max-properties. For price drift use `price-parity` instead.\n\nUsage:\n  hostex-pp-cli oversell-watch [flags]\n\nExamples:\n  hostex-pp-cli oversell-watch --days 30 --agent\n\nFlags:\n      --days string             Number of days forward to check (default \"30\")\n  -h, --help                    help for oversell-watch\n      --max-properties string   Max properties to scan when --property is omitted (default \"25\")\n      --property string         Property ID(s), comma-separated; omit to scan up to --max-properties\n\nGlobal Flags:\n      --agent                   Set all agent-friendly defaults (--json --compact --no-input --no-color --yes)\n      --allow-partial-failure   Downgrade response-body partial-failure (e.g. partialFailureError) to a warning instead of a non-zero exit\n      --compact                 Return only key fields (id, name, status, timestamps) for minimal token usage\n      --config string           Config file path\n      --csv                     Output as CSV (table and array responses)\n      --data-source string      Data source for read commands: auto (live with local fallback), live (API only), local (synced data only) (default \"auto\")\n      --deliver string          Route output to a sink: stdout (default), file:\u003cpath\u003e, webhook:\u003curl\u003e\n      --dry-run                 Show request without sending\n      --home string             Root directory for config, data, state, and cache files\n      --human-friendly          Enable colored output and rich formatting\n      --idempotent              Treat already-existing create results as a successful no-op\n      --ignore-missing          Treat missing delete targets as a successful no-op\n      --json                    Output as JSON\n      --max-age duration        Maximum acceptable age of local-store data before a stderr hint suggests sync; 0 disables (default 30m0s)\n      --no-cache                Bypass response cache\n      --no-color                Disable colored output\n      --no-input                Disable all interactive prompts (for CI/agents)\n      --plain                   Output as plain tab-separated text\n      --profile string          Apply values from a saved profile (see 'hostex-pp-cli profile list')\n      --quiet                   Bare output, one value per line\n      --rate-limit float        Max requests per second (0 to disable)\n      --select string           Comma-separated fields to include in output (e.g. --select id,name,status)\n      --timeout duration        Request timeout (default 1m0s)\n      --yes                     Skip confirmation prompts (for agents and scripts)\n"
    },
    {
      "command": "oversell-watch",
      "kind": "happy_path",
      "args": [
        "oversell-watch",
        "--days",
        "30",
        "--agent"
      ],
      "status": "pass",
      "output_sample": "{\n  \"meta\": {\n    \"source\": \"local\"\n  },\n  \"results\": {\n    \"oversell_dates\": 0,\n    \"oversells\": [],\n    \"range\": \"2026-06-27..2026-07-04\",\n    \"scanned_properties\": 1\n  }\n}\nwarning: availabilities for property 1.2704864e+07 failed: GET /availabilities returned HTTP 403: You are requesting an unauthorized property.\n"
    },
    {
      "command": "oversell-watch",
      "kind": "json_fidelity",
      "args": [
        "oversell-watch",
        "--days",
        "30",
        "--agent",
        "--json"
      ],
      "status": "pass",
      "output_sample": "{\n  \"meta\": {\n    \"source\": \"local\"\n  },\n  \"results\": {\n    \"oversell_dates\": 0,\n    \"oversells\": [],\n    \"range\": \"2026-06-27..2026-07-04\",\n    \"scanned_properties\": 1\n  }\n}\nwarning: availabilities for property 1.2704864e+07 failed: GET /availabilities returned HTTP 403: You are requesting an unauthorized property.\n"
    },
    {
      "command": "oversell-watch",
      "kind": "error_path",
      "args": null,
      "status": "skip",
      "reason": "no positional argument"
    },
    {
      "command": "price-parity",
      "kind": "help",
      "args": [
        "price-parity",
        "--help"
      ],
      "status": "pass",
      "output_sample": "Queries Hostex live: reads the property's per-channel listings via pricing_ratios,\nthen pulls each listing's daily calendar and flags dates where the price spread\nacross channels exceeds the threshold — silent revenue loss no single call shows.\n\nLive command (needs a valid token and multi-channel listings). For availability\nvs channel-inventory mismatch use `oversell-watch` instead.\n\nUsage:\n  hostex-pp-cli price-parity [flags]\n\nExamples:\n  hostex-pp-cli price-parity --property 12345 --days 30 --agent\n\nFlags:\n      --days string       Number of days forward to compare (default \"30\")\n  -h, --help              help for price-parity\n      --property string   Property ID to check (required)\n\nGlobal Flags:\n      --agent                   Set all agent-friendly defaults (--json --compact --no-input --no-color --yes)\n      --allow-partial-failure   Downgrade response-body partial-failure (e.g. partialFailureError) to a warning instead of a non-zero exit\n      --compact                 Return only key fields (id, name, status, timestamps) for minimal token usage\n      --config string           Config file path\n      --csv                     Output as CSV (table and array responses)\n      --data-source string      Data source for read commands: auto (live with local fallback), live (API only), local (synced data only) (default \"auto\")\n      --deliver string          Route output to a sink: stdout (default), file:\u003cpath\u003e, webhook:\u003curl\u003e\n      --dry-run                 Show request without sending\n      --home string             Root directory for config, data, state, and cache files\n      --human-friendly          Enable colored output and rich formatting\n      --idempotent              Treat already-existing create results as a successful no-op\n      --ignore-missing          Treat missing delete targets as a successful no-op\n      --json                    Output as JSON\n      --max-age duration        Maximum acceptable age of local-store data before a stderr hint suggests sync; 0 disables (default 30m0s)\n      --no-cache                Bypass response cache\n      --no-color                Disable colored output\n      --no-input                Disable all interactive prompts (for CI/agents)\n      --plain                   Output as plain tab-separated text\n      --profile string          Apply values from a saved profile (see 'hostex-pp-cli profile list')\n      --quiet                   Bare output, one value per line\n      --rate-limit float        Max requests per second (0 to disable)\n      --select string           Comma-separated fields to include in output (e.g. --select id,name,status)\n      --timeout duration        Request timeout (default 1m0s)\n      --yes                     Skip confirmation prompts (for agents and scripts)\n"
    },
    {
      "command": "price-parity",
      "kind": "happy_path",
      "args": [
        "price-parity",
        "--property",
        "12345",
        "--days",
        "30",
        "--agent"
      ],
      "status": "fail",
      "exit_code": 1,
      "reason": "exit 1",
      "output_sample": "Error: querying pricing ratios: GET /pricing_ratios returned HTTP 404: Property not found.\n"
    },
    {
      "command": "price-parity",
      "kind": "json_fidelity",
      "args": [
        "price-parity",
        "--property",
        "12345",
        "--days",
        "30",
        "--agent",
        "--json"
      ],
      "status": "fail",
      "exit_code": 1,
      "reason": "exit 1",
      "output_sample": "Error: querying pricing ratios: GET /pricing_ratios returned HTTP 404: Property not found.\n"
    },
    {
      "command": "price-parity",
      "kind": "error_path",
      "args": null,
      "status": "skip",
      "reason": "no positional argument"
    },
    {
      "command": "pricing-ratios",
      "kind": "help",
      "args": [
        "pricing-ratios",
        "--help"
      ],
      "status": "pass",
      "output_sample": "Return the per-channel pricing ratio of each OTA listing linked to a property (`property_id`)\n\nUsage:\n  hostex-pp-cli pricing-ratios [flags]\n\nExamples:\n  hostex-pp-cli pricing-ratios\n\nFlags:\n  -h, --help                       help for pricing-ratios\n      --property-id room_type_id   Id of the property to read ratios for. Mutually exclusive with room_type_id; exactly one of the two must be supplied.\n      --room-type-id property_id   Id of the room type to read ratios for. Mutually exclusive with property_id; exactly one of the two must be supplied.\n\nGlobal Flags:\n      --agent                   Set all agent-friendly defaults (--json --compact --no-input --no-color --yes)\n      --allow-partial-failure   Downgrade response-body partial-failure (e.g. partialFailureError) to a warning instead of a non-zero exit\n      --compact                 Return only key fields (id, name, status, timestamps) for minimal token usage\n      --config string           Config file path\n      --csv                     Output as CSV (table and array responses)\n      --data-source string      Data source for read commands: auto (live with local fallback), live (API only), local (synced data only) (default \"auto\")\n      --deliver string          Route output to a sink: stdout (default), file:\u003cpath\u003e, webhook:\u003curl\u003e\n      --dry-run                 Show request without sending\n      --home string             Root directory for config, data, state, and cache files\n      --human-friendly          Enable colored output and rich formatting\n      --idempotent              Treat already-existing create results as a successful no-op\n      --ignore-missing          Treat missing delete targets as a successful no-op\n      --json                    Output as JSON\n      --max-age duration        Maximum acceptable age of local-store data before a stderr hint suggests sync; 0 disables (default 30m0s)\n      --no-cache                Bypass response cache\n      --no-color                Disable colored output\n      --no-input                Disable all interactive prompts (for CI/agents)\n      --plain                   Output as plain tab-separated text\n      --profile string          Apply values from a saved profile (see 'hostex-pp-cli profile list')\n      --quiet                   Bare output, one value per line\n      --rate-limit float        Max requests per second (0 to disable)\n      --select string           Comma-separated fields to include in output (e.g. --select id,name,status)\n      --timeout duration        Request timeout (default 1m0s)\n      --yes                     Skip confirmation prompts (for agents and scripts)\n"
    },
    {
      "command": "pricing-ratios",
      "kind": "happy_path",
      "args": [
        "pricing-ratios"
      ],
      "status": "fail",
      "exit_code": 5,
      "reason": "exit 5",
      "output_sample": "Error: GET /pricing_ratios returned HTTP 400: The property id field is required when room type id is not present.\n"
    },
    {
      "command": "pricing-ratios",
      "kind": "json_fidelity",
      "args": [
        "pricing-ratios",
        "--json"
      ],
      "status": "fail",
      "exit_code": 5,
      "reason": "exit 5",
      "output_sample": "Error: GET /pricing_ratios returned HTTP 400: The property id field is required when room type id is not present.\n"
    },
    {
      "command": "pricing-ratios",
      "kind": "error_path",
      "args": null,
      "status": "skip",
      "reason": "no positional argument"
    },
    {
      "command": "profile delete",
      "kind": "help",
      "args": [
        "profile",
        "delete",
        "--help"
      ],
      "status": "pass",
      "output_sample": "Remove a profile\n\nUsage:\n  hostex-pp-cli profile delete \u003cname\u003e [flags]\n\nExamples:\n  hostex-pp-cli profile delete my-defaults --yes\n  hostex-pp-cli profile delete old-profile --yes --json\n\nFlags:\n  -h, --help   help for delete\n\nGlobal Flags:\n      --agent                   Set all agent-friendly defaults (--json --compact --no-input --no-color --yes)\n      --allow-partial-failure   Downgrade response-body partial-failure (e.g. partialFailureError) to a warning instead of a non-zero exit\n      --compact                 Return only key fields (id, name, status, timestamps) for minimal token usage\n      --config string           Config file path\n      --csv                     Output as CSV (table and array responses)\n      --data-source string      Data source for read commands: auto (live with local fallback), live (API only), local (synced data only) (default \"auto\")\n      --deliver string          Route output to a sink: stdout (default), file:\u003cpath\u003e, webhook:\u003curl\u003e\n      --dry-run                 Show request without sending\n      --home string             Root directory for config, data, state, and cache files\n      --human-friendly          Enable colored output and rich formatting\n      --idempotent              Treat already-existing create results as a successful no-op\n      --ignore-missing          Treat missing delete targets as a successful no-op\n      --json                    Output as JSON\n      --max-age duration        Maximum acceptable age of local-store data before a stderr hint suggests sync; 0 disables (default 30m0s)\n      --no-cache                Bypass response cache\n      --no-color                Disable colored output\n      --no-input                Disable all interactive prompts (for CI/agents)\n      --plain                   Output as plain tab-separated text\n      --profile string          Apply values from a saved profile (see 'hostex-pp-cli profile list')\n      --quiet                   Bare output, one value per line\n      --rate-limit float        Max requests per second (0 to disable)\n      --select string           Comma-separated fields to include in output (e.g. --select id,name,status)\n      --timeout duration        Request timeout (default 1m0s)\n      --yes                     Skip confirmation prompts (for agents and scripts)\n"
    },
    {
      "command": "profile delete",
      "kind": "happy_path",
      "args": null,
      "status": "skip",
      "reason": "non-id positional \"name\" at depth 0"
    },
    {
      "command": "profile delete",
      "kind": "json_fidelity",
      "args": null,
      "status": "skip",
      "reason": "non-id positional \"name\" at depth 0"
    },
    {
      "command": "profile delete",
      "kind": "error_path",
      "args": null,
      "status": "skip",
      "reason": "mutating command; error_path would call live API without --dry-run"
    },
    {
      "command": "profile delete",
      "kind": "error_path_real",
      "args": null,
      "status": "skip",
      "reason": "non-id positional \"name\" at depth 0"
    },
    {
      "command": "profile list",
      "kind": "help",
      "args": [
        "profile",
        "list",
        "--help"
      ],
      "status": "pass",
      "output_sample": "List saved profiles\n\nUsage:\n  hostex-pp-cli profile list [flags]\n\nExamples:\n  hostex-pp-cli profile list\n  hostex-pp-cli profile list --json\n\nFlags:\n  -h, --help   help for list\n\nGlobal Flags:\n      --agent                   Set all agent-friendly defaults (--json --compact --no-input --no-color --yes)\n      --allow-partial-failure   Downgrade response-body partial-failure (e.g. partialFailureError) to a warning instead of a non-zero exit\n      --compact                 Return only key fields (id, name, status, timestamps) for minimal token usage\n      --config string           Config file path\n      --csv                     Output as CSV (table and array responses)\n      --data-source string      Data source for read commands: auto (live with local fallback), live (API only), local (synced data only) (default \"auto\")\n      --deliver string          Route output to a sink: stdout (default), file:\u003cpath\u003e, webhook:\u003curl\u003e\n      --dry-run                 Show request without sending\n      --home string             Root directory for config, data, state, and cache files\n      --human-friendly          Enable colored output and rich formatting\n      --idempotent              Treat already-existing create results as a successful no-op\n      --ignore-missing          Treat missing delete targets as a successful no-op\n      --json                    Output as JSON\n      --max-age duration        Maximum acceptable age of local-store data before a stderr hint suggests sync; 0 disables (default 30m0s)\n      --no-cache                Bypass response cache\n      --no-color                Disable colored output\n      --no-input                Disable all interactive prompts (for CI/agents)\n      --plain                   Output as plain tab-separated text\n      --profile string          Apply values from a saved profile (see 'hostex-pp-cli profile list')\n      --quiet                   Bare output, one value per line\n      --rate-limit float        Max requests per second (0 to disable)\n      --select string           Comma-separated fields to include in output (e.g. --select id,name,status)\n      --timeout duration        Request timeout (default 1m0s)\n      --yes                     Skip confirmation prompts (for agents and scripts)\n"
    },
    {
      "command": "profile list",
      "kind": "happy_path",
      "args": [
        "profile",
        "list"
      ],
      "status": "pass",
      "output_sample": "NAME  FIELDS  DESCRIPTION\n"
    },
    {
      "command": "profile list",
      "kind": "json_fidelity",
      "args": [
        "profile",
        "list",
        "--json"
      ],
      "status": "pass",
      "output_sample": "[]\n"
    },
    {
      "command": "profile list",
      "kind": "error_path",
      "args": null,
      "status": "skip",
      "reason": "no positional argument"
    },
    {
      "command": "profile save",
      "kind": "help",
      "args": [
        "profile",
        "save",
        "--help"
      ],
      "status": "pass",
      "output_sample": "Captures every flag explicitly set on the invocation and stores\nthem under \u003cname\u003e. To update an existing profile, run save again; the\nentry is replaced.\n\nTo avoid creating empty profiles, at least one non-default flag must be\npresent (other than --profile, --config, and --home, which are never\ncaptured: they control profile/config resolution and would never apply).\n\nUsage:\n  hostex-pp-cli profile save \u003cname\u003e [--\u003cflag\u003e \u003cvalue\u003e ...] [flags]\n\nExamples:\n  hostex-pp-cli profile save my-defaults --json --compact\n  hostex-pp-cli profile save tonight-defaults --region US\n\nFlags:\n      --description string   Short description shown in 'profile list'\n  -h, --help                 help for save\n\nGlobal Flags:\n      --agent                   Set all agent-friendly defaults (--json --compact --no-input --no-color --yes)\n      --allow-partial-failure   Downgrade response-body partial-failure (e.g. partialFailureError) to a warning instead of a non-zero exit\n      --compact                 Return only key fields (id, name, status, timestamps) for minimal token usage\n      --config string           Config file path\n      --csv                     Output as CSV (table and array responses)\n      --data-source string      Data source for read commands: auto (live with local fallback), live (API only), local (synced data only) (default \"auto\")\n      --deliver string          Route output to a sink: stdout (default), file:\u003cpath\u003e, webhook:\u003curl\u003e\n      --dry-run                 Show request without sending\n      --home string             Root directory for config, data, state, and cache files\n      --human-friendly          Enable colored output and rich formatting\n      --idempotent              Treat already-existing create results as a successful no-op\n      --ignore-missing          Treat missing delete targets as a successful no-op\n      --json                    Output as JSON\n      --max-age duration        Maximum acceptable age of local-store data before a stderr hint suggests sync; 0 disables (default 30m0s)\n      --no-cache                Bypass response cache\n      --no-color                Disable colored output\n      --no-input                Disable all interactive prompts (for CI/agents)\n      --plain                   Output as plain tab-separated text\n      --profile string          Apply values from a saved profile (see 'hostex-pp-cli profile list')\n      --quiet                   Bare output, one value per line\n      --rate-limit float        Max requests per second (0 to disable)\n      --select string           Comma-separated fields to include in output (e.g. --select id,name,status)\n      --timeout duration        Request timeout (default 1m0s)\n      --yes                     Skip confirmation prompts (for agents and scripts)\n"
    },
    {
      "command": "profile save",
      "kind": "happy_path",
      "args": null,
      "status": "skip",
      "reason": "non-id positional \"name\" at depth 0"
    },
    {
      "command": "profile save",
      "kind": "json_fidelity",
      "args": null,
      "status": "skip",
      "reason": "non-id positional \"name\" at depth 0"
    },
    {
      "command": "profile save",
      "kind": "error_path",
      "args": [
        "profile",
        "save",
        "__printing_press_invalid__"
      ],
      "status": "pass",
      "exit_code": 1,
      "output_sample": "Error: no non-default flags set - pass at least one flag to save into \"__printing_press_invalid__\"\n"
    },
    {
      "command": "profile show",
      "kind": "help",
      "args": [
        "profile",
        "show",
        "--help"
      ],
      "status": "pass",
      "output_sample": "Show a profile's values as JSON\n\nUsage:\n  hostex-pp-cli profile show \u003cname\u003e [flags]\n\nExamples:\n  hostex-pp-cli profile show my-defaults\n  hostex-pp-cli profile show tonight-defaults --json\n\nFlags:\n  -h, --help   help for show\n\nGlobal Flags:\n      --agent                   Set all agent-friendly defaults (--json --compact --no-input --no-color --yes)\n      --allow-partial-failure   Downgrade response-body partial-failure (e.g. partialFailureError) to a warning instead of a non-zero exit\n      --compact                 Return only key fields (id, name, status, timestamps) for minimal token usage\n      --config string           Config file path\n      --csv                     Output as CSV (table and array responses)\n      --data-source string      Data source for read commands: auto (live with local fallback), live (API only), local (synced data only) (default \"auto\")\n      --deliver string          Route output to a sink: stdout (default), file:\u003cpath\u003e, webhook:\u003curl\u003e\n      --dry-run                 Show request without sending\n      --home string             Root directory for config, data, state, and cache files\n      --human-friendly          Enable colored output and rich formatting\n      --idempotent              Treat already-existing create results as a successful no-op\n      --ignore-missing          Treat missing delete targets as a successful no-op\n      --json                    Output as JSON\n      --max-age duration        Maximum acceptable age of local-store data before a stderr hint suggests sync; 0 disables (default 30m0s)\n      --no-cache                Bypass response cache\n      --no-color                Disable colored output\n      --no-input                Disable all interactive prompts (for CI/agents)\n      --plain                   Output as plain tab-separated text\n      --profile string          Apply values from a saved profile (see 'hostex-pp-cli profile list')\n      --quiet                   Bare output, one value per line\n      --rate-limit float        Max requests per second (0 to disable)\n      --select string           Comma-separated fields to include in output (e.g. --select id,name,status)\n      --timeout duration        Request timeout (default 1m0s)\n      --yes                     Skip confirmation prompts (for agents and scripts)\n"
    },
    {
      "command": "profile show",
      "kind": "happy_path",
      "args": null,
      "status": "skip",
      "reason": "non-id positional \"name\" at depth 0"
    },
    {
      "command": "profile show",
      "kind": "json_fidelity",
      "args": null,
      "status": "skip",
      "reason": "non-id positional \"name\" at depth 0"
    },
    {
      "command": "profile show",
      "kind": "error_path",
      "args": [
        "profile",
        "show",
        "__printing_press_invalid__"
      ],
      "status": "pass",
      "exit_code": 1,
      "output_sample": "Error: profile \"__printing_press_invalid__\" not found\n"
    },
    {
      "command": "profile use",
      "kind": "help",
      "args": [
        "profile",
        "use",
        "--help"
      ],
      "status": "pass",
      "output_sample": "Print the flag values a profile will apply (does not execute anything)\n\nUsage:\n  hostex-pp-cli profile use \u003cname\u003e [flags]\n\nExamples:\n  hostex-pp-cli profile use my-defaults\n  hostex-pp-cli profile use tonight-defaults --json\n\nFlags:\n  -h, --help   help for use\n\nGlobal Flags:\n      --agent                   Set all agent-friendly defaults (--json --compact --no-input --no-color --yes)\n      --allow-partial-failure   Downgrade response-body partial-failure (e.g. partialFailureError) to a warning instead of a non-zero exit\n      --compact                 Return only key fields (id, name, status, timestamps) for minimal token usage\n      --config string           Config file path\n      --csv                     Output as CSV (table and array responses)\n      --data-source string      Data source for read commands: auto (live with local fallback), live (API only), local (synced data only) (default \"auto\")\n      --deliver string          Route output to a sink: stdout (default), file:\u003cpath\u003e, webhook:\u003curl\u003e\n      --dry-run                 Show request without sending\n      --home string             Root directory for config, data, state, and cache files\n      --human-friendly          Enable colored output and rich formatting\n      --idempotent              Treat already-existing create results as a successful no-op\n      --ignore-missing          Treat missing delete targets as a successful no-op\n      --json                    Output as JSON\n      --max-age duration        Maximum acceptable age of local-store data before a stderr hint suggests sync; 0 disables (default 30m0s)\n      --no-cache                Bypass response cache\n      --no-color                Disable colored output\n      --no-input                Disable all interactive prompts (for CI/agents)\n      --plain                   Output as plain tab-separated text\n      --profile string          Apply values from a saved profile (see 'hostex-pp-cli profile list')\n      --quiet                   Bare output, one value per line\n      --rate-limit float        Max requests per second (0 to disable)\n      --select string           Comma-separated fields to include in output (e.g. --select id,name,status)\n      --timeout duration        Request timeout (default 1m0s)\n      --yes                     Skip confirmation prompts (for agents and scripts)\n"
    },
    {
      "command": "profile use",
      "kind": "happy_path",
      "args": null,
      "status": "skip",
      "reason": "non-id positional \"name\" at depth 0"
    },
    {
      "command": "profile use",
      "kind": "json_fidelity",
      "args": null,
      "status": "skip",
      "reason": "non-id positional \"name\" at depth 0"
    },
    {
      "command": "profile use",
      "kind": "error_path",
      "args": [
        "profile",
        "use",
        "__printing_press_invalid__"
      ],
      "status": "pass",
      "exit_code": 1,
      "output_sample": "Error: profile \"__printing_press_invalid__\" not found\n"
    },
    {
      "command": "properties create-property",
      "kind": "help",
      "args": [
        "properties",
        "create-property",
        "--help"
      ],
      "status": "pass",
      "output_sample": "Create a new property (room) under the current operator.\n\nUsage:\n  hostex-pp-cli properties create-property [flags]\n\nAliases:\n  create-property, create\n\nExamples:\n  hostex-pp-cli properties create-property --title example-resource\n\nFlags:\n  -h, --help           help for create-property\n      --stdin          Read request body as JSON from stdin\n      --title string   Title of the new property. Must be unique within the operator.\n\nGlobal Flags:\n      --agent                   Set all agent-friendly defaults (--json --compact --no-input --no-color --yes)\n      --allow-partial-failure   Downgrade response-body partial-failure (e.g. partialFailureError) to a warning instead of a non-zero exit\n      --compact                 Return only key fields (id, name, status, timestamps) for minimal token usage\n      --config string           Config file path\n      --csv                     Output as CSV (table and array responses)\n      --data-source string      Data source for read commands: auto (live with local fallback), live (API only), local (synced data only) (default \"auto\")\n      --deliver string          Route output to a sink: stdout (default), file:\u003cpath\u003e, webhook:\u003curl\u003e\n      --dry-run                 Show request without sending\n      --home string             Root directory for config, data, state, and cache files\n      --human-friendly          Enable colored output and rich formatting\n      --idempotent              Treat already-existing create results as a successful no-op\n      --ignore-missing          Treat missing delete targets as a successful no-op\n      --json                    Output as JSON\n      --max-age duration        Maximum acceptable age of local-store data before a stderr hint suggests sync; 0 disables (default 30m0s)\n      --no-cache                Bypass response cache\n      --no-color                Disable colored output\n      --no-input                Disable all interactive prompts (for CI/agents)\n      --plain                   Output as plain tab-separated text\n      --profile string          Apply values from a saved profile (see 'hostex-pp-cli profile list')\n      --quiet                   Bare output, one value per line\n      --rate-limit float        Max requests per second (0 to disable)\n      --select string           Comma-separated fields to include in output (e.g. --select id,name,status)\n      --timeout duration        Request timeout (default 1m0s)\n      --yes                     Skip confirmation prompts (for agents and scripts)\n"
    },
    {
      "command": "properties create-property",
      "kind": "happy_path",
      "args": [
        "properties",
        "create-property",
        "--title",
        "example-resource",
        "--dry-run"
      ],
      "status": "pass",
      "output_sample": "{\n  \"action\": \"post\",\n  \"data\": {\n    \"dry_run\": true\n  },\n  \"dry_run\": true,\n  \"path\": \"/properties\",\n  \"resource\": \"properties\",\n  \"status\": 0,\n  \"success\": false\n}\nPOST https://api.hostex.io/v3/properties\n  Body:\n{\n    \"title\": \"example-resource\"\n  }\n  Hostex-Access-Token: ****KbdV\n\n(dry run - no request sent)\n"
    },
    {
      "command": "properties create-property",
      "kind": "json_fidelity",
      "args": [
        "properties",
        "create-property",
        "--title",
        "example-resource",
        "--dry-run",
        "--json"
      ],
      "status": "pass",
      "output_sample": "{\n  \"action\": \"post\",\n  \"data\": {\n    \"dry_run\": true\n  },\n  \"dry_run\": true,\n  \"path\": \"/properties\",\n  \"resource\": \"properties\",\n  \"status\": 0,\n  \"success\": false\n}\nPOST https://api.hostex.io/v3/properties\n  Body:\n{\n    \"title\": \"example-resource\"\n  }\n  Hostex-Access-Token: ****KbdV\n\n(dry run - no request sent)\n"
    },
    {
      "command": "properties create-property",
      "kind": "error_path",
      "args": null,
      "status": "skip",
      "reason": "no positional argument"
    },
    {
      "command": "properties create-property",
      "kind": "error_path_real",
      "args": null,
      "status": "skip",
      "reason": "mutating command dry-run only"
    },
    {
      "command": "properties query",
      "kind": "help",
      "args": [
        "properties",
        "query",
        "--help"
      ],
      "status": "pass",
      "output_sample": "You can query properties by making a request to this endpoint.\n\nUsage:\n  hostex-pp-cli properties query [flags]\n\nAliases:\n  query, list\n\nExamples:\n  hostex-pp-cli properties query\n\nFlags:\n      --all               Fetch all pages\n      --group-id string   Filter properties by the group id. Only properties belonging to this group are returned.\n  -h, --help              help for query\n      --id string         The id of the property.\n      --limit int         The maximum number of results to return. The maximum value is 100. (default 20)\n      --offset string     The starting point from which to begin returning results. (default \"0\")\n      --tag-id string     Filter properties by the tag id. Only properties tagged with this tag are returned.\n\nGlobal Flags:\n      --agent                   Set all agent-friendly defaults (--json --compact --no-input --no-color --yes)\n      --allow-partial-failure   Downgrade response-body partial-failure (e.g. partialFailureError) to a warning instead of a non-zero exit\n      --compact                 Return only key fields (id, name, status, timestamps) for minimal token usage\n      --config string           Config file path\n      --csv                     Output as CSV (table and array responses)\n      --data-source string      Data source for read commands: auto (live with local fallback), live (API only), local (synced data only) (default \"auto\")\n      --deliver string          Route output to a sink: stdout (default), file:\u003cpath\u003e, webhook:\u003curl\u003e\n      --dry-run                 Show request without sending\n      --home string             Root directory for config, data, state, and cache files\n      --human-friendly          Enable colored output and rich formatting\n      --idempotent              Treat already-existing create results as a successful no-op\n      --ignore-missing          Treat missing delete targets as a successful no-op\n      --json                    Output as JSON\n      --max-age duration        Maximum acceptable age of local-store data before a stderr hint suggests sync; 0 disables (default 30m0s)\n      --no-cache                Bypass response cache\n      --no-color                Disable colored output\n      --no-input                Disable all interactive prompts (for CI/agents)\n      --plain                   Output as plain tab-separated text\n      --profile string          Apply values from a saved profile (see 'hostex-pp-cli profile list')\n      --quiet                   Bare output, one value per line\n      --rate-limit float        Max requests per second (0 to disable)\n      --select string           Comma-separated fields to include in output (e.g. --select id,name,status)\n      --timeout duration        Request timeout (default 1m0s)\n      --yes                     Skip confirmation prompts (for agents and scripts)\n"
    },
    {
      "command": "properties query",
      "kind": "happy_path",
      "args": [
        "properties",
        "query"
      ],
      "status": "pass",
      "output_sample": "{\"meta\":{\"source\":\"live\"},\"results\":{\"data\":{\"properties\":[{\"address\":\"\u003credacted\u003e\",\"channels\":[{\"channel_type\":\"airbnb\",\"currency\":\"THB\",\"listing_id\":\"1715863948130995294\"}],\"cover\":{\"extra_extra_large_url\":\"https://z1.muscache.cn/im/pictures/hosting/Hosting-1715863948130995294/original/08d16aa9-25ef-403d-9d71-9b124c0ad3c5.jpeg?aki_policy=xx_large\",\"extra_large_url\":\"https://z1.muscache.cn/im/pictures/hosting/Hosting-1715863948130995294/original/08d16aa9-25ef-403d-9d71-9b124c0ad3c5.jpeg?aki_policy=x_large\",\"large_url\":\"https://z1.muscache.cn/im/pictures/hosting/Hosting-1715863948130995294/original/08d16aa9-25ef-403d-9d71-9b124c0ad3c5.jpeg?aki_policy=x_medium\",\"original_url\":\"https://z1.muscache.cn/im/pictures/hosting/Hosting-1715863948130995294/original/08d16aa9-25ef-403d-9d71-9b124c0ad3c5.jpeg\",\"small_url\":\"https://z1.muscache.cn/im/pictures/hosting/Hosting-1715863948130995294/original/08d16aa9-25ef-403d-9d71-9b124c0ad3c5.jpeg?aki_policy=small\"},\"default_checkin_time\":\"15:00\",\"default_checkout_time\":\"12:00\",\"google_place_payload\":null,\"groups\":[],\"id\":12704864,\"latitude\":null,\"longitude\":null,\"tags\":[],\"timezone\":\"Europe/Rome\",\"title\":\"Property #1\",\"wifi_password\":\"\",\"wifi_remarks\":\"\",\"wifi_ssid\":\"\"}],\"total\":1},\"error_code\":200,\"error_msg\":\"Done.\",\"request_id\":\"RT2026062713363355008b4\"}}"
    },
    {
      "command": "properties query",
      "kind": "json_fidelity",
      "args": [
        "properties",
        "query",
        "--json"
      ],
      "status": "pass",
      "output_sample": "{\"meta\":{\"source\":\"live\"},\"results\":{\"data\":{\"properties\":[{\"address\":\"\u003credacted\u003e\",\"channels\":[{\"channel_type\":\"airbnb\",\"currency\":\"THB\",\"listing_id\":\"1715863948130995294\"}],\"cover\":{\"extra_extra_large_url\":\"https://z1.muscache.cn/im/pictures/hosting/Hosting-1715863948130995294/original/08d16aa9-25ef-403d-9d71-9b124c0ad3c5.jpeg?aki_policy=xx_large\",\"extra_large_url\":\"https://z1.muscache.cn/im/pictures/hosting/Hosting-1715863948130995294/original/08d16aa9-25ef-403d-9d71-9b124c0ad3c5.jpeg?aki_policy=x_large\",\"large_url\":\"https://z1.muscache.cn/im/pictures/hosting/Hosting-1715863948130995294/original/08d16aa9-25ef-403d-9d71-9b124c0ad3c5.jpeg?aki_policy=x_medium\",\"original_url\":\"https://z1.muscache.cn/im/pictures/hosting/Hosting-1715863948130995294/original/08d16aa9-25ef-403d-9d71-9b124c0ad3c5.jpeg\",\"small_url\":\"https://z1.muscache.cn/im/pictures/hosting/Hosting-1715863948130995294/original/08d16aa9-25ef-403d-9d71-9b124c0ad3c5.jpeg?aki_policy=small\"},\"default_checkin_time\":\"15:00\",\"default_checkout_time\":\"12:00\",\"google_place_payload\":null,\"groups\":[],\"id\":12704864,\"latitude\":null,\"longitude\":null,\"tags\":[],\"timezone\":\"Europe/Rome\",\"title\":\"Property #1\",\"wifi_password\":\"\",\"wifi_remarks\":\"\",\"wifi_ssid\":\"\"}],\"total\":1},\"error_code\":200,\"error_msg\":\"Done.\",\"request_id\":\"RT2026062713363355008b4\"}}"
    },
    {
      "command": "properties query",
      "kind": "error_path",
      "args": null,
      "status": "skip",
      "reason": "no positional argument"
    },
    {
      "command": "reservation-tags create",
      "kind": "help",
      "args": [
        "reservation-tags",
        "create",
        "--help"
      ],
      "status": "pass",
      "output_sample": "Create a new reservation tag in the operator's dictionary. Color is auto-assigned from the Hostex palette.\n\nUsage:\n  hostex-pp-cli reservation-tags create [flags]\n\nExamples:\n  hostex-pp-cli reservation-tags create --tag-name example-resource\n\nFlags:\n  -h, --help              help for create\n      --stdin             Read request body as JSON from stdin\n      --tag-name string   Tag display name. Max 15 characters.\n\nGlobal Flags:\n      --agent                   Set all agent-friendly defaults (--json --compact --no-input --no-color --yes)\n      --allow-partial-failure   Downgrade response-body partial-failure (e.g. partialFailureError) to a warning instead of a non-zero exit\n      --compact                 Return only key fields (id, name, status, timestamps) for minimal token usage\n      --config string           Config file path\n      --csv                     Output as CSV (table and array responses)\n      --data-source string      Data source for read commands: auto (live with local fallback), live (API only), local (synced data only) (default \"auto\")\n      --deliver string          Route output to a sink: stdout (default), file:\u003cpath\u003e, webhook:\u003curl\u003e\n      --dry-run                 Show request without sending\n      --home string             Root directory for config, data, state, and cache files\n      --human-friendly          Enable colored output and rich formatting\n      --idempotent              Treat already-existing create results as a successful no-op\n      --ignore-missing          Treat missing delete targets as a successful no-op\n      --json                    Output as JSON\n      --max-age duration        Maximum acceptable age of local-store data before a stderr hint suggests sync; 0 disables (default 30m0s)\n      --no-cache                Bypass response cache\n      --no-color                Disable colored output\n      --no-input                Disable all interactive prompts (for CI/agents)\n      --plain                   Output as plain tab-separated text\n      --profile string          Apply values from a saved profile (see 'hostex-pp-cli profile list')\n      --quiet                   Bare output, one value per line\n      --rate-limit float        Max requests per second (0 to disable)\n      --select string           Comma-separated fields to include in output (e.g. --select id,name,status)\n      --timeout duration        Request timeout (default 1m0s)\n      --yes                     Skip confirmation prompts (for agents and scripts)\n"
    },
    {
      "command": "reservation-tags create",
      "kind": "happy_path",
      "args": [
        "reservation-tags",
        "create",
        "--tag-name",
        "example-resource",
        "--dry-run"
      ],
      "status": "pass",
      "output_sample": "{\n  \"action\": \"post\",\n  \"data\": {\n    \"dry_run\": true\n  },\n  \"dry_run\": true,\n  \"path\": \"/reservation_tags\",\n  \"resource\": \"reservation-tags\",\n  \"status\": 0,\n  \"success\": false\n}\nPOST https://api.hostex.io/v3/reservation_tags\n  Body:\n{\n    \"tag_name\": \"example-resource\"\n  }\n  Hostex-Access-Token: ****KbdV\n\n(dry run - no request sent)\n"
    },
    {
      "command": "reservation-tags create",
      "kind": "json_fidelity",
      "args": [
        "reservation-tags",
        "create",
        "--tag-name",
        "example-resource",
        "--dry-run",
        "--json"
      ],
      "status": "pass",
      "output_sample": "{\n  \"action\": \"post\",\n  \"data\": {\n    \"dry_run\": true\n  },\n  \"dry_run\": true,\n  \"path\": \"/reservation_tags\",\n  \"resource\": \"reservation-tags\",\n  \"status\": 0,\n  \"success\": false\n}\nPOST https://api.hostex.io/v3/reservation_tags\n  Body:\n{\n    \"tag_name\": \"example-resource\"\n  }\n  Hostex-Access-Token: ****KbdV\n\n(dry run - no request sent)\n"
    },
    {
      "command": "reservation-tags create",
      "kind": "error_path",
      "args": null,
      "status": "skip",
      "reason": "no positional argument"
    },
    {
      "command": "reservation-tags create",
      "kind": "error_path_real",
      "args": null,
      "status": "skip",
      "reason": "mutating command dry-run only"
    },
    {
      "command": "reservation-tags delete",
      "kind": "help",
      "args": [
        "reservation-tags",
        "delete",
        "--help"
      ],
      "status": "pass",
      "output_sample": "Delete one of the operator's custom reservation tags.\n\nUsage:\n  hostex-pp-cli reservation-tags delete \u003cid\u003e [flags]\n\nExamples:\n  hostex-pp-cli reservation-tags delete 550e8400-e29b-41d4-a716-446655440000\n\nFlags:\n  -h, --help   help for delete\n\nGlobal Flags:\n      --agent                   Set all agent-friendly defaults (--json --compact --no-input --no-color --yes)\n      --allow-partial-failure   Downgrade response-body partial-failure (e.g. partialFailureError) to a warning instead of a non-zero exit\n      --compact                 Return only key fields (id, name, status, timestamps) for minimal token usage\n      --config string           Config file path\n      --csv                     Output as CSV (table and array responses)\n      --data-source string      Data source for read commands: auto (live with local fallback), live (API only), local (synced data only) (default \"auto\")\n      --deliver string          Route output to a sink: stdout (default), file:\u003cpath\u003e, webhook:\u003curl\u003e\n      --dry-run                 Show request without sending\n      --home string             Root directory for config, data, state, and cache files\n      --human-friendly          Enable colored output and rich formatting\n      --idempotent              Treat already-existing create results as a successful no-op\n      --ignore-missing          Treat missing delete targets as a successful no-op\n      --json                    Output as JSON\n      --max-age duration        Maximum acceptable age of local-store data before a stderr hint suggests sync; 0 disables (default 30m0s)\n      --no-cache                Bypass response cache\n      --no-color                Disable colored output\n      --no-input                Disable all interactive prompts (for CI/agents)\n      --plain                   Output as plain tab-separated text\n      --profile string          Apply values from a saved profile (see 'hostex-pp-cli profile list')\n      --quiet                   Bare output, one value per line\n      --rate-limit float        Max requests per second (0 to disable)\n      --select string           Comma-separated fields to include in output (e.g. --select id,name,status)\n      --timeout duration        Request timeout (default 1m0s)\n      --yes                     Skip confirmation prompts (for agents and scripts)\n"
    },
    {
      "command": "reservation-tags delete",
      "kind": "happy_path",
      "args": [
        "reservation-tags",
        "delete",
        "1",
        "--dry-run"
      ],
      "status": "pass",
      "fixture_source": "store",
      "output_sample": "{\n  \"action\": \"delete\",\n  \"data\": {\n    \"dry_run\": true\n  },\n  \"dry_run\": true,\n  \"path\": \"/reservation_tags/1\",\n  \"resource\": \"reservation-tags\",\n  \"status\": 0,\n  \"success\": false\n}\nDELETE https://api.hostex.io/v3/reservation_tags/1\n  Hostex-Access-Token: ****KbdV\n\n(dry run - no request sent)\n"
    },
    {
      "command": "reservation-tags delete",
      "kind": "json_fidelity",
      "args": [
        "reservation-tags",
        "delete",
        "1",
        "--dry-run",
        "--json"
      ],
      "status": "pass",
      "fixture_source": "store",
      "output_sample": "{\n  \"action\": \"delete\",\n  \"data\": {\n    \"dry_run\": true\n  },\n  \"dry_run\": true,\n  \"path\": \"/reservation_tags/1\",\n  \"resource\": \"reservation-tags\",\n  \"status\": 0,\n  \"success\": false\n}\nDELETE https://api.hostex.io/v3/reservation_tags/1\n  Hostex-Access-Token: ****KbdV\n\n(dry run - no request sent)\n"
    },
    {
      "command": "reservation-tags delete",
      "kind": "error_path",
      "args": null,
      "status": "skip",
      "reason": "mutating command; error_path would call live API without --dry-run"
    },
    {
      "command": "reservation-tags delete",
      "kind": "error_path_real",
      "args": null,
      "status": "skip",
      "reason": "mutating command dry-run only"
    },
    {
      "command": "reservation-tags query",
      "kind": "help",
      "args": [
        "reservation-tags",
        "query",
        "--help"
      ],
      "status": "pass",
      "output_sample": "List the operator's reservation tag dictionary.\n\nUsage:\n  hostex-pp-cli reservation-tags query [flags]\n\nAliases:\n  query, list\n\nExamples:\n  hostex-pp-cli reservation-tags query\n\nFlags:\n      --all                Fetch all pages\n  -h, --help               help for query\n      --id string          Fetch a single tag by its internal id.\n      --keyword tag_name   Case-insensitive substring match on tag_name.\n      --limit int          Page size. Defaults to 20. Max 100.\n      --offset string      Pagination offset. Defaults to 0.\n\nGlobal Flags:\n      --agent                   Set all agent-friendly defaults (--json --compact --no-input --no-color --yes)\n      --allow-partial-failure   Downgrade response-body partial-failure (e.g. partialFailureError) to a warning instead of a non-zero exit\n      --compact                 Return only key fields (id, name, status, timestamps) for minimal token usage\n      --config string           Config file path\n      --csv                     Output as CSV (table and array responses)\n      --data-source string      Data source for read commands: auto (live with local fallback), live (API only), local (synced data only) (default \"auto\")\n      --deliver string          Route output to a sink: stdout (default), file:\u003cpath\u003e, webhook:\u003curl\u003e\n      --dry-run                 Show request without sending\n      --home string             Root directory for config, data, state, and cache files\n      --human-friendly          Enable colored output and rich formatting\n      --idempotent              Treat already-existing create results as a successful no-op\n      --ignore-missing          Treat missing delete targets as a successful no-op\n      --json                    Output as JSON\n      --max-age duration        Maximum acceptable age of local-store data before a stderr hint suggests sync; 0 disables (default 30m0s)\n      --no-cache                Bypass response cache\n      --no-color                Disable colored output\n      --no-input                Disable all interactive prompts (for CI/agents)\n      --plain                   Output as plain tab-separated text\n      --profile string          Apply values from a saved profile (see 'hostex-pp-cli profile list')\n      --quiet                   Bare output, one value per line\n      --rate-limit float        Max requests per second (0 to disable)\n      --select string           Comma-separated fields to include in output (e.g. --select id,name,status)\n      --timeout duration        Request timeout (default 1m0s)\n      --yes                     Skip confirmation prompts (for agents and scripts)\n"
    },
    {
      "command": "reservation-tags query",
      "kind": "happy_path",
      "args": [
        "reservation-tags",
        "query"
      ],
      "status": "pass",
      "output_sample": "{\n  \"meta\": {\n    \"source\": \"live\"\n  },\n  \"results\": {\n    \"request_id\": \"RT202606271336367008b5\",\n    \"error_code\": 200,\n    \"error_msg\": \"Done.\",\n    \"data\": {\n      \"reservation_tags\": [\n        {\n          \"id\": 1,\n          \"tag_name\": \"Conflicted\",\n          \"color\": \"#FD587B\",\n          \"is_default\": true\n        },\n        {\n          \"id\": 2,\n          \"tag_name\": \"****\",\n          \"color\": \"#1BBFA4\",\n          \"is_default\": true\n        },\n        {\n          \"id\": 3,\n          \"tag_name\": \"****\",\n          \"color\": \"#2CBCFD\",\n          \"is_default\": true\n        },\n        {\n          \"id\": 4,\n          \"tag_name\": \"****\",\n          \"color\": \"#7175FA\",\n          \"is_default\": true\n        }\n      ],\n      \"total\": 4\n    }\n  }\n}\n"
    },
    {
      "command": "reservation-tags query",
      "kind": "json_fidelity",
      "args": [
        "reservation-tags",
        "query",
        "--json"
      ],
      "status": "pass",
      "output_sample": "{\n  \"meta\": {\n    \"source\": \"live\"\n  },\n  \"results\": {\n    \"request_id\": \"RT202606271336367008b5\",\n    \"error_code\": 200,\n    \"error_msg\": \"Done.\",\n    \"data\": {\n      \"reservation_tags\": [\n        {\n          \"id\": 1,\n          \"tag_name\": \"Conflicted\",\n          \"color\": \"#FD587B\",\n          \"is_default\": true\n        },\n        {\n          \"id\": 2,\n          \"tag_name\": \"****\",\n          \"color\": \"#1BBFA4\",\n          \"is_default\": true\n        },\n        {\n          \"id\": 3,\n          \"tag_name\": \"****\",\n          \"color\": \"#2CBCFD\",\n          \"is_default\": true\n        },\n        {\n          \"id\": 4,\n          \"tag_name\": \"****\",\n          \"color\": \"#7175FA\",\n          \"is_default\": true\n        }\n      ],\n      \"total\": 4\n    }\n  }\n}\n"
    },
    {
      "command": "reservation-tags query",
      "kind": "error_path",
      "args": null,
      "status": "skip",
      "reason": "no positional argument"
    },
    {
      "command": "reservations allocate reservation",
      "kind": "help",
      "args": [
        "reservations",
        "allocate",
        "reservation",
        "--help"
      ],
      "status": "pass",
      "output_sample": "Allocate a reservation to a specific property.\n\nUsage:\n  hostex-pp-cli reservations allocate reservation \u003cstay_code\u003e [flags]\n\nAliases:\n  reservation, create\n\nExamples:\n  hostex-pp-cli reservations allocate reservation example-value\n\nFlags:\n  -h, --help                 help for reservation\n      --property-id string   The ID of the property to allocate the reservation to.\n      --stdin                Read request body as JSON from stdin\n\nGlobal Flags:\n      --agent                   Set all agent-friendly defaults (--json --compact --no-input --no-color --yes)\n      --allow-partial-failure   Downgrade response-body partial-failure (e.g. partialFailureError) to a warning instead of a non-zero exit\n      --compact                 Return only key fields (id, name, status, timestamps) for minimal token usage\n      --config string           Config file path\n      --csv                     Output as CSV (table and array responses)\n      --data-source string      Data source for read commands: auto (live with local fallback), live (API only), local (synced data only) (default \"auto\")\n      --deliver string          Route output to a sink: stdout (default), file:\u003cpath\u003e, webhook:\u003curl\u003e\n      --dry-run                 Show request without sending\n      --home string             Root directory for config, data, state, and cache files\n      --human-friendly          Enable colored output and rich formatting\n      --idempotent              Treat already-existing create results as a successful no-op\n      --ignore-missing          Treat missing delete targets as a successful no-op\n      --json                    Output as JSON\n      --max-age duration        Maximum acceptable age of local-store data before a stderr hint suggests sync; 0 disables (default 30m0s)\n      --no-cache                Bypass response cache\n      --no-color                Disable colored output\n      --no-input                Disable all interactive prompts (for CI/agents)\n      --plain                   Output as plain tab-separated text\n      --profile string          Apply values from a saved profile (see 'hostex-pp-cli profile list')\n      --quiet                   Bare output, one value per line\n      --rate-limit float        Max requests per second (0 to disable)\n      --select string           Comma-separated fields to include in output (e.g. --select id,name,status)\n      --timeout duration        Request timeout (default 1m0s)\n      --yes                     Skip confirmation prompts (for agents and scripts)\n"
    },
    {
      "command": "reservations allocate reservation",
      "kind": "happy_path",
      "args": null,
      "status": "skip",
      "reason": "non-id positional \"stay_code\" at depth 0"
    },
    {
      "command": "reservations allocate reservation",
      "kind": "json_fidelity",
      "args": null,
      "status": "skip",
      "reason": "non-id positional \"stay_code\" at depth 0"
    },
    {
      "command": "reservations allocate reservation",
      "kind": "error_path",
      "args": null,
      "status": "skip",
      "reason": "mutating command; error_path would call live API without --dry-run"
    },
    {
      "command": "reservations allocate reservation",
      "kind": "error_path_real",
      "args": null,
      "status": "skip",
      "reason": "non-id positional \"stay_code\" at depth 0"
    },
    {
      "command": "reservations approve reservation",
      "kind": "help",
      "args": [
        "reservations",
        "approve",
        "reservation",
        "--help"
      ],
      "status": "pass",
      "output_sample": "Approve a pending reservation request. The reservation must be in `wait_accept` status.\n\nUsage:\n  hostex-pp-cli reservations approve reservation \u003creservation_code\u003e [flags]\n\nAliases:\n  reservation, create\n\nExamples:\n  hostex-pp-cli reservations approve reservation example-value\n\nFlags:\n  -h, --help    help for reservation\n      --stdin   Read request body as JSON from stdin\n\nGlobal Flags:\n      --agent                   Set all agent-friendly defaults (--json --compact --no-input --no-color --yes)\n      --allow-partial-failure   Downgrade response-body partial-failure (e.g. partialFailureError) to a warning instead of a non-zero exit\n      --compact                 Return only key fields (id, name, status, timestamps) for minimal token usage\n      --config string           Config file path\n      --csv                     Output as CSV (table and array responses)\n      --data-source string      Data source for read commands: auto (live with local fallback), live (API only), local (synced data only) (default \"auto\")\n      --deliver string          Route output to a sink: stdout (default), file:\u003cpath\u003e, webhook:\u003curl\u003e\n      --dry-run                 Show request without sending\n      --home string             Root directory for config, data, state, and cache files\n      --human-friendly          Enable colored output and rich formatting\n      --idempotent              Treat already-existing create results as a successful no-op\n      --ignore-missing          Treat missing delete targets as a successful no-op\n      --json                    Output as JSON\n      --max-age duration        Maximum acceptable age of local-store data before a stderr hint suggests sync; 0 disables (default 30m0s)\n      --no-cache                Bypass response cache\n      --no-color                Disable colored output\n      --no-input                Disable all interactive prompts (for CI/agents)\n      --plain                   Output as plain tab-separated text\n      --profile string          Apply values from a saved profile (see 'hostex-pp-cli profile list')\n      --quiet                   Bare output, one value per line\n      --rate-limit float        Max requests per second (0 to disable)\n      --select string           Comma-separated fields to include in output (e.g. --select id,name,status)\n      --timeout duration        Request timeout (default 1m0s)\n      --yes                     Skip confirmation prompts (for agents and scripts)\n"
    },
    {
      "command": "reservations approve reservation",
      "kind": "happy_path",
      "args": null,
      "status": "skip",
      "reason": "non-id positional \"reservation_code\" at depth 0"
    },
    {
      "command": "reservations approve reservation",
      "kind": "json_fidelity",
      "args": null,
      "status": "skip",
      "reason": "non-id positional \"reservation_code\" at depth 0"
    },
    {
      "command": "reservations approve reservation",
      "kind": "error_path",
      "args": null,
      "status": "skip",
      "reason": "mutating command; error_path would call live API without --dry-run"
    },
    {
      "command": "reservations approve reservation",
      "kind": "error_path_real",
      "args": null,
      "status": "skip",
      "reason": "non-id positional \"reservation_code\" at depth 0"
    },
    {
      "command": "reservations cancel",
      "kind": "help",
      "args": [
        "reservations",
        "cancel",
        "--help"
      ],
      "status": "pass",
      "output_sample": "Cancel a direct booking reservation in Hostex.\n\nUsage:\n  hostex-pp-cli reservations cancel \u003creservation_code\u003e [flags]\n\nAliases:\n  cancel, delete\n\nExamples:\n  hostex-pp-cli reservations cancel example-value\n\nFlags:\n  -h, --help   help for cancel\n\nGlobal Flags:\n      --agent                   Set all agent-friendly defaults (--json --compact --no-input --no-color --yes)\n      --allow-partial-failure   Downgrade response-body partial-failure (e.g. partialFailureError) to a warning instead of a non-zero exit\n      --compact                 Return only key fields (id, name, status, timestamps) for minimal token usage\n      --config string           Config file path\n      --csv                     Output as CSV (table and array responses)\n      --data-source string      Data source for read commands: auto (live with local fallback), live (API only), local (synced data only) (default \"auto\")\n      --deliver string          Route output to a sink: stdout (default), file:\u003cpath\u003e, webhook:\u003curl\u003e\n      --dry-run                 Show request without sending\n      --home string             Root directory for config, data, state, and cache files\n      --human-friendly          Enable colored output and rich formatting\n      --idempotent              Treat already-existing create results as a successful no-op\n      --ignore-missing          Treat missing delete targets as a successful no-op\n      --json                    Output as JSON\n      --max-age duration        Maximum acceptable age of local-store data before a stderr hint suggests sync; 0 disables (default 30m0s)\n      --no-cache                Bypass response cache\n      --no-color                Disable colored output\n      --no-input                Disable all interactive prompts (for CI/agents)\n      --plain                   Output as plain tab-separated text\n      --profile string          Apply values from a saved profile (see 'hostex-pp-cli profile list')\n      --quiet                   Bare output, one value per line\n      --rate-limit float        Max requests per second (0 to disable)\n      --select string           Comma-separated fields to include in output (e.g. --select id,name,status)\n      --timeout duration        Request timeout (default 1m0s)\n      --yes                     Skip confirmation prompts (for agents and scripts)\n"
    },
    {
      "command": "reservations cancel",
      "kind": "happy_path",
      "args": null,
      "status": "skip",
      "reason": "non-id positional \"reservation_code\" at depth 0"
    },
    {
      "command": "reservations cancel",
      "kind": "json_fidelity",
      "args": null,
      "status": "skip",
      "reason": "non-id positional \"reservation_code\" at depth 0"
    },
    {
      "command": "reservations cancel",
      "kind": "error_path",
      "args": null,
      "status": "skip",
      "reason": "mutating command; error_path would call live API without --dry-run"
    },
    {
      "command": "reservations cancel",
      "kind": "error_path_real",
      "args": null,
      "status": "skip",
      "reason": "non-id positional \"reservation_code\" at depth 0"
    },
    {
      "command": "reservations check-in-details update",
      "kind": "help",
      "args": [
        "reservations",
        "check-in-details",
        "update",
        "--help"
      ],
      "status": "pass",
      "output_sample": "Update check-in details for a stay including lock code, arrival/departure times, and deposit information.\n\nUsage:\n  hostex-pp-cli reservations check-in-details update \u003cstay_code\u003e [flags]\n\nExamples:\n  hostex-pp-cli reservations check-in-details update example-value\n\nFlags:\n      --arrival-at-hour int              Hour in 24-hour format (0-23)\n      --arrival-at-minute int            Minute (0-59)\n      --departure-at-hour int            Hour in 24-hour format (0-23)\n      --departure-at-minute int          Minute (0-59)\n      --deposit int                      The deposit amount in the host's currency. For example, if the currency is USD, 100 means 100 US Dollars.\n  -h, --help                             help for update\n      --id-required string               Whether the guest must register / upload identity documents (ID) for this stay before check-in.\n      --lock-code string                 The lock code for the property, stored only in Hostex and shown in the check-in guide.\n      --lock-code-visible-after string   The time after which the lock code becomes visible, in HH:mm format (24-hour). Example: '14:00'.\n      --stdin                            Read request body as JSON from stdin\n\nGlobal Flags:\n      --agent                   Set all agent-friendly defaults (--json --compact --no-input --no-color --yes)\n      --allow-partial-failure   Downgrade response-body partial-failure (e.g. partialFailureError) to a warning instead of a non-zero exit\n      --compact                 Return only key fields (id, name, status, timestamps) for minimal token usage\n      --config string           Config file path\n      --csv                     Output as CSV (table and array responses)\n      --data-source string      Data source for read commands: auto (live with local fallback), live (API only), local (synced data only) (default \"auto\")\n      --deliver string          Route output to a sink: stdout (default), file:\u003cpath\u003e, webhook:\u003curl\u003e\n      --dry-run                 Show request without sending\n      --home string             Root directory for config, data, state, and cache files\n      --human-friendly          Enable colored output and rich formatting\n      --idempotent              Treat already-existing create results as a successful no-op\n      --ignore-missing          Treat missing delete targets as a successful no-op\n      --json                    Output as JSON\n      --max-age duration        Maximum acceptable age of local-store data before a stderr hint suggests sync; 0 disables (default 30m0s)\n      --no-cache                Bypass response cache\n      --no-color                Disable colored output\n      --no-input                Disable all interactive prompts (for CI/agents)\n      --plain                   Output as plain tab-separated text\n      --profile string          Apply values from a saved profile (see 'hostex-pp-cli profile list')\n      --quiet                   Bare output, one value per line\n      --rate-limit float        Max requests per second (0 to disable)\n      --select string           Comma-separated fields to include in output (e.g. --select id,name,status)\n      --timeout duration        Request timeout (default 1m0s)\n      --yes                     Skip confirmation prompts (for agents and scripts)\n"
    },
    {
      "command": "reservations check-in-details update",
      "kind": "happy_path",
      "args": null,
      "status": "skip",
      "reason": "non-id positional \"stay_code\" at depth 0"
    },
    {
      "command": "reservations check-in-details update",
      "kind": "json_fidelity",
      "args": null,
      "status": "skip",
      "reason": "non-id positional \"stay_code\" at depth 0"
    },
    {
      "command": "reservations check-in-details update",
      "kind": "error_path",
      "args": null,
      "status": "skip",
      "reason": "mutating command; error_path would call live API without --dry-run"
    },
    {
      "command": "reservations check-in-details update",
      "kind": "error_path_real",
      "args": null,
      "status": "skip",
      "reason": "non-id positional \"stay_code\" at depth 0"
    },
    {
      "command": "reservations create",
      "kind": "help",
      "args": [
        "reservations",
        "create",
        "--help"
      ],
      "status": "pass",
      "output_sample": "Create a reservation (Direct Booking) in Hostex.\n\nUsage:\n  hostex-pp-cli reservations create [flags]\n\nExamples:\n  hostex-pp-cli reservations create --check-in-date 2026-01-15\n\nFlags:\n      --check-in-date string       The check-in date for the reservation in YYYY-MM-DD format.\n      --check-out-date string      The check-out date for the reservation in YYYY-MM-DD format.\n      --commission-amount int      The commission amount for the reservation.\n      --currency string            The currency code for the reservation amounts.\n      --custom-channel-id string   The id of the custom channel through which the reservation is booked.\n      --email string               The email address of the primary guest.\n      --guest-name string          The name of the primary guest.\n  -h, --help                       help for create\n      --income-method-id string    The identifier for the income method used for the reservation payment.\n      --mobile string              The mobile phone number of the primary guest.\n      --number-of-guests int       The total number of guests included in the reservation.\n      --property-id string         The id of the property for the reservation.\n      --rate-amount int            The total rate amount for the reservation.\n      --received-amount int        The total amount received for the reservation.\n      --remarks string             Any additional remarks related to the reservation.\n      --stdin                      Read request body as JSON from stdin\n\nGlobal Flags:\n      --agent                   Set all agent-friendly defaults (--json --compact --no-input --no-color --yes)\n      --allow-partial-failure   Downgrade response-body partial-failure (e.g. partialFailureError) to a warning instead of a non-zero exit\n      --compact                 Return only key fields (id, name, status, timestamps) for minimal token usage\n      --config string           Config file path\n      --csv                     Output as CSV (table and array responses)\n      --data-source string      Data source for read commands: auto (live with local fallback), live (API only), local (synced data only) (default \"auto\")\n      --deliver string          Route output to a sink: stdout (default), file:\u003cpath\u003e, webhook:\u003curl\u003e\n      --dry-run                 Show request without sending\n      --home string             Root directory for config, data, state, and cache files\n      --human-friendly          Enable colored output and rich formatting\n      --idempotent              Treat already-existing create results as a successful no-op\n      --ignore-missing          Treat missing delete targets as a successful no-op\n      --json                    Output as JSON\n      --max-age duration        Maximum acceptable age of local-store data before a stderr hint suggests sync; 0 disables (default 30m0s)\n      --no-cache                Bypass response cache\n      --no-color                Disable colored output\n      --no-input                Disable all interactive prompts (for CI/agents)\n      --plain                   Output as plain tab-separated text\n      --profile string          Apply values from a saved profile (see 'hostex-pp-cli profile list')\n      --quiet                   Bare output, one value per line\n      --rate-limit float        Max requests per second (0 to disable)\n      --select string           Comma-separated fields to include in output (e.g. --select id,name,status)\n      --timeout duration        Request timeout (default 1m0s)\n      --yes                     Skip confirmation prompts (for agents and scripts)\n"
    },
    {
      "command": "reservations create",
      "kind": "happy_path",
      "args": [
        "reservations",
        "create",
        "--check-in-date",
        "2026-01-15",
        "--dry-run"
      ],
      "status": "pass",
      "output_sample": "{\n  \"action\": \"post\",\n  \"data\": {\n    \"dry_run\": true\n  },\n  \"dry_run\": true,\n  \"path\": \"/reservations\",\n  \"resource\": \"reservations\",\n  \"status\": 0,\n  \"success\": false\n}\nPOST https://api.hostex.io/v3/reservations\n  Body:\n{\n    \"check_in_date\": \"2026-01-15\"\n  }\n  Hostex-Access-Token: ****KbdV\n\n(dry run - no request sent)\n"
    },
    {
      "command": "reservations create",
      "kind": "json_fidelity",
      "args": [
        "reservations",
        "create",
        "--check-in-date",
        "2026-01-15",
        "--dry-run",
        "--json"
      ],
      "status": "pass",
      "output_sample": "{\n  \"action\": \"post\",\n  \"data\": {\n    \"dry_run\": true\n  },\n  \"dry_run\": true,\n  \"path\": \"/reservations\",\n  \"resource\": \"reservations\",\n  \"status\": 0,\n  \"success\": false\n}\nPOST https://api.hostex.io/v3/reservations\n  Body:\n{\n    \"check_in_date\": \"2026-01-15\"\n  }\n  Hostex-Access-Token: ****KbdV\n\n(dry run - no request sent)\n"
    },
    {
      "command": "reservations create",
      "kind": "error_path",
      "args": null,
      "status": "skip",
      "reason": "no positional argument"
    },
    {
      "command": "reservations create",
      "kind": "error_path_real",
      "args": null,
      "status": "skip",
      "reason": "mutating command dry-run only"
    },
    {
      "command": "reservations custom-fields query",
      "kind": "help",
      "args": [
        "reservations",
        "custom-fields",
        "query",
        "--help"
      ],
      "status": "pass",
      "output_sample": "Query custom fields for a stay.\n\nUsage:\n  hostex-pp-cli reservations custom-fields query \u003cstay_code\u003e [flags]\n\nAliases:\n  query, get\n\nExamples:\n  hostex-pp-cli reservations custom-fields query example-value\n\nFlags:\n  -h, --help   help for query\n\nGlobal Flags:\n      --agent                   Set all agent-friendly defaults (--json --compact --no-input --no-color --yes)\n      --allow-partial-failure   Downgrade response-body partial-failure (e.g. partialFailureError) to a warning instead of a non-zero exit\n      --compact                 Return only key fields (id, name, status, timestamps) for minimal token usage\n      --config string           Config file path\n      --csv                     Output as CSV (table and array responses)\n      --data-source string      Data source for read commands: auto (live with local fallback), live (API only), local (synced data only) (default \"auto\")\n      --deliver string          Route output to a sink: stdout (default), file:\u003cpath\u003e, webhook:\u003curl\u003e\n      --dry-run                 Show request without sending\n      --home string             Root directory for config, data, state, and cache files\n      --human-friendly          Enable colored output and rich formatting\n      --idempotent              Treat already-existing create results as a successful no-op\n      --ignore-missing          Treat missing delete targets as a successful no-op\n      --json                    Output as JSON\n      --max-age duration        Maximum acceptable age of local-store data before a stderr hint suggests sync; 0 disables (default 30m0s)\n      --no-cache                Bypass response cache\n      --no-color                Disable colored output\n      --no-input                Disable all interactive prompts (for CI/agents)\n      --plain                   Output as plain tab-separated text\n      --profile string          Apply values from a saved profile (see 'hostex-pp-cli profile list')\n      --quiet                   Bare output, one value per line\n      --rate-limit float        Max requests per second (0 to disable)\n      --select string           Comma-separated fields to include in output (e.g. --select id,name,status)\n      --timeout duration        Request timeout (default 1m0s)\n      --yes                     Skip confirmation prompts (for agents and scripts)\n"
    },
    {
      "command": "reservations custom-fields query",
      "kind": "happy_path",
      "args": null,
      "status": "skip",
      "reason": "non-id positional \"stay_code\" at depth 0"
    },
    {
      "command": "reservations custom-fields query",
      "kind": "json_fidelity",
      "args": null,
      "status": "skip",
      "reason": "non-id positional \"stay_code\" at depth 0"
    },
    {
      "command": "reservations custom-fields query",
      "kind": "error_path",
      "args": [
        "reservations",
        "custom-fields",
        "query",
        "__printing_press_invalid__"
      ],
      "status": "pass",
      "exit_code": 5,
      "output_sample": "Error: GET /reservations/__printing_press_invalid__/custom_fields returned HTTP 500: This resource is no longer available.\n"
    },
    {
      "command": "reservations custom-fields update",
      "kind": "help",
      "args": [
        "reservations",
        "custom-fields",
        "update",
        "--help"
      ],
      "status": "pass",
      "output_sample": "Update custom fields for a stay.\n\nUsage:\n  hostex-pp-cli reservations custom-fields update \u003cstay_code\u003e [flags]\n\nExamples:\n  hostex-pp-cli reservations custom-fields update example-value\n\nFlags:\n      --custom-fields-online-checkin-url string   This is just an example.\n  -h, --help                                      help for update\n      --stdin                                     Read request body as JSON from stdin\n\nGlobal Flags:\n      --agent                   Set all agent-friendly defaults (--json --compact --no-input --no-color --yes)\n      --allow-partial-failure   Downgrade response-body partial-failure (e.g. partialFailureError) to a warning instead of a non-zero exit\n      --compact                 Return only key fields (id, name, status, timestamps) for minimal token usage\n      --config string           Config file path\n      --csv                     Output as CSV (table and array responses)\n      --data-source string      Data source for read commands: auto (live with local fallback), live (API only), local (synced data only) (default \"auto\")\n      --deliver string          Route output to a sink: stdout (default), file:\u003cpath\u003e, webhook:\u003curl\u003e\n      --dry-run                 Show request without sending\n      --home string             Root directory for config, data, state, and cache files\n      --human-friendly          Enable colored output and rich formatting\n      --idempotent              Treat already-existing create results as a successful no-op\n      --ignore-missing          Treat missing delete targets as a successful no-op\n      --json                    Output as JSON\n      --max-age duration        Maximum acceptable age of local-store data before a stderr hint suggests sync; 0 disables (default 30m0s)\n      --no-cache                Bypass response cache\n      --no-color                Disable colored output\n      --no-input                Disable all interactive prompts (for CI/agents)\n      --plain                   Output as plain tab-separated text\n      --profile string          Apply values from a saved profile (see 'hostex-pp-cli profile list')\n      --quiet                   Bare output, one value per line\n      --rate-limit float        Max requests per second (0 to disable)\n      --select string           Comma-separated fields to include in output (e.g. --select id,name,status)\n      --timeout duration        Request timeout (default 1m0s)\n      --yes                     Skip confirmation prompts (for agents and scripts)\n"
    },
    {
      "command": "reservations custom-fields update",
      "kind": "happy_path",
      "args": null,
      "status": "skip",
      "reason": "non-id positional \"stay_code\" at depth 0"
    },
    {
      "command": "reservations custom-fields update",
      "kind": "json_fidelity",
      "args": null,
      "status": "skip",
      "reason": "non-id positional \"stay_code\" at depth 0"
    },
    {
      "command": "reservations custom-fields update",
      "kind": "error_path",
      "args": null,
      "status": "skip",
      "reason": "mutating command; error_path would call live API without --dry-run"
    },
    {
      "command": "reservations custom-fields update",
      "kind": "error_path_real",
      "args": null,
      "status": "skip",
      "reason": "non-id positional \"stay_code\" at depth 0"
    },
    {
      "command": "reservations decline reservation",
      "kind": "help",
      "args": [
        "reservations",
        "decline",
        "reservation",
        "--help"
      ],
      "status": "pass",
      "output_sample": "Decline a pending reservation request. The reservation must be in `wait_accept` status.\n\nUsage:\n  hostex-pp-cli reservations decline reservation \u003creservation_code\u003e [flags]\n\nAliases:\n  reservation, create\n\nExamples:\n  hostex-pp-cli reservations decline reservation example-value\n\nFlags:\n  -h, --help    help for reservation\n      --stdin   Read request body as JSON from stdin\n\nGlobal Flags:\n      --agent                   Set all agent-friendly defaults (--json --compact --no-input --no-color --yes)\n      --allow-partial-failure   Downgrade response-body partial-failure (e.g. partialFailureError) to a warning instead of a non-zero exit\n      --compact                 Return only key fields (id, name, status, timestamps) for minimal token usage\n      --config string           Config file path\n      --csv                     Output as CSV (table and array responses)\n      --data-source string      Data source for read commands: auto (live with local fallback), live (API only), local (synced data only) (default \"auto\")\n      --deliver string          Route output to a sink: stdout (default), file:\u003cpath\u003e, webhook:\u003curl\u003e\n      --dry-run                 Show request without sending\n      --home string             Root directory for config, data, state, and cache files\n      --human-friendly          Enable colored output and rich formatting\n      --idempotent              Treat already-existing create results as a successful no-op\n      --ignore-missing          Treat missing delete targets as a successful no-op\n      --json                    Output as JSON\n      --max-age duration        Maximum acceptable age of local-store data before a stderr hint suggests sync; 0 disables (default 30m0s)\n      --no-cache                Bypass response cache\n      --no-color                Disable colored output\n      --no-input                Disable all interactive prompts (for CI/agents)\n      --plain                   Output as plain tab-separated text\n      --profile string          Apply values from a saved profile (see 'hostex-pp-cli profile list')\n      --quiet                   Bare output, one value per line\n      --rate-limit float        Max requests per second (0 to disable)\n      --select string           Comma-separated fields to include in output (e.g. --select id,name,status)\n      --timeout duration        Request timeout (default 1m0s)\n      --yes                     Skip confirmation prompts (for agents and scripts)\n"
    },
    {
      "command": "reservations decline reservation",
      "kind": "happy_path",
      "args": null,
      "status": "skip",
      "reason": "non-id positional \"reservation_code\" at depth 0"
    },
    {
      "command": "reservations decline reservation",
      "kind": "json_fidelity",
      "args": null,
      "status": "skip",
      "reason": "non-id positional \"reservation_code\" at depth 0"
    },
    {
      "command": "reservations decline reservation",
      "kind": "error_path",
      "args": null,
      "status": "skip",
      "reason": "mutating command; error_path would call live API without --dry-run"
    },
    {
      "command": "reservations decline reservation",
      "kind": "error_path_real",
      "args": null,
      "status": "skip",
      "reason": "non-id positional \"reservation_code\" at depth 0"
    },
    {
      "command": "reservations move-to-box move-reservation-to-box",
      "kind": "help",
      "args": [
        "reservations",
        "move-to-box",
        "move-reservation-to-box",
        "--help"
      ],
      "status": "pass",
      "output_sample": "Move a stay of the reservation to the reservation box.\n\nUsage:\n  hostex-pp-cli reservations move-to-box move-reservation-to-box \u003cstay_code\u003e [flags]\n\nAliases:\n  move-reservation-to-box, create\n\nExamples:\n  hostex-pp-cli reservations move-to-box move-reservation-to-box example-value\n\nFlags:\n  -h, --help    help for move-reservation-to-box\n      --stdin   Read request body as JSON from stdin\n\nGlobal Flags:\n      --agent                   Set all agent-friendly defaults (--json --compact --no-input --no-color --yes)\n      --allow-partial-failure   Downgrade response-body partial-failure (e.g. partialFailureError) to a warning instead of a non-zero exit\n      --compact                 Return only key fields (id, name, status, timestamps) for minimal token usage\n      --config string           Config file path\n      --csv                     Output as CSV (table and array responses)\n      --data-source string      Data source for read commands: auto (live with local fallback), live (API only), local (synced data only) (default \"auto\")\n      --deliver string          Route output to a sink: stdout (default), file:\u003cpath\u003e, webhook:\u003curl\u003e\n      --dry-run                 Show request without sending\n      --home string             Root directory for config, data, state, and cache files\n      --human-friendly          Enable colored output and rich formatting\n      --idempotent              Treat already-existing create results as a successful no-op\n      --ignore-missing          Treat missing delete targets as a successful no-op\n      --json                    Output as JSON\n      --max-age duration        Maximum acceptable age of local-store data before a stderr hint suggests sync; 0 disables (default 30m0s)\n      --no-cache                Bypass response cache\n      --no-color                Disable colored output\n      --no-input                Disable all interactive prompts (for CI/agents)\n      --plain                   Output as plain tab-separated text\n      --profile string          Apply values from a saved profile (see 'hostex-pp-cli profile list')\n      --quiet                   Bare output, one value per line\n      --rate-limit float        Max requests per second (0 to disable)\n      --select string           Comma-separated fields to include in output (e.g. --select id,name,status)\n      --timeout duration        Request timeout (default 1m0s)\n      --yes                     Skip confirmation prompts (for agents and scripts)\n"
    },
    {
      "command": "reservations move-to-box move-reservation-to-box",
      "kind": "happy_path",
      "args": null,
      "status": "skip",
      "reason": "non-id positional \"stay_code\" at depth 0"
    },
    {
      "command": "reservations move-to-box move-reservation-to-box",
      "kind": "json_fidelity",
      "args": null,
      "status": "skip",
      "reason": "non-id positional \"stay_code\" at depth 0"
    },
    {
      "command": "reservations move-to-box move-reservation-to-box",
      "kind": "error_path",
      "args": null,
      "status": "skip",
      "reason": "mutating command; error_path would call live API without --dry-run"
    },
    {
      "command": "reservations move-to-box move-reservation-to-box",
      "kind": "error_path_real",
      "args": null,
      "status": "skip",
      "reason": "non-id positional \"stay_code\" at depth 0"
    },
    {
      "command": "reservations query",
      "kind": "help",
      "args": [
        "reservations",
        "query",
        "--help"
      ],
      "status": "pass",
      "output_sample": "You can query reservations by making a request to this endpoint.\n\nUsage:\n  hostex-pp-cli reservations query [flags]\n\nAliases:\n  query, list\n\nExamples:\n  hostex-pp-cli reservations query --json --select data.reservations.stay_code,data.reservations.status\n\nFlags:\n      --all                           Fetch all pages\n      --channel-id channel_id         Filters the results by the reservation ID in the channel (matches the channel_id field returned in the response).\n      --channel-type string           Filters the results by the specified channel type. (one of: airbnb, booking.com, agoda, expedia, vrbo, trip.com, booking_site, tujia_intl, hostex_direct, tujia, xiaozhu, meituan_bnb, meituan_hotel, muniao, fliggy, zhukeyun, tiktok, xiaohongshu, ctrip, houfy)\n      --end-check-in-date string      Filters the results to include reservations with check-in dates up to this date (inclusive).\n      --end-check-out-date string     Filters the results to include reservations with check-out dates up to this date (inclusive).\n  -h, --help                          help for query\n      --limit int                     Determines the maximum number of results to be returned, up to a maximum of 100. Default: 20. (default 20)\n      --offset string                 Specifies the starting index from which the results should be returned. Default: 0 (default \"0\")\n      --order-by booked_at            Sorts the results by the specified field (always descending). Default is booked_at. (one of: booked_at, check_in_date, check_out_date, cancelled_at, created_at) (default \"booked_at\")\n      --property-id string            Filters the results by the specified property ID.\n      --reservation-code string       Filters the results by the specified reservation code.\n      --start-check-in-date string    Filters the results to include reservations with check-in dates starting from this date (inclusive).\n      --start-check-out-date string   Filters the results to include reservations with check-out dates starting from this date (inclusive).\n      --status string                 Filters the results by the specified reservation status. (one of: wait_accept, wait_pay, accepted, cancelled, denied, timeout)\n\nGlobal Flags:\n      --agent                   Set all agent-friendly defaults (--json --compact --no-input --no-color --yes)\n      --allow-partial-failure   Downgrade response-body partial-failure (e.g. partialFailureError) to a warning instead of a non-zero exit\n      --compact                 Return only key fields (id, name, status, timestamps) for minimal token usage\n      --config string           Config file path\n      --csv                     Output as CSV (table and array responses)\n      --data-source string      Data source for read commands: auto (live with local fallback), live (API only), local (synced data only) (default \"auto\")\n      --deliver string          Route output to a sink: stdout (default), file:\u003cpath\u003e, webhook:\u003curl\u003e\n      --dry-run                 Show request without sending\n      --home string             Root directory for config, data, state, and cache files\n      --human-friendly          Enable colored output and rich formatting\n      --idempotent              Treat already-existing create results as a successful no-op\n      --ignore-missing          Treat missing delete targets as a successful no-op\n      --json                    Output as JSON\n      --max-age duration        Maximum acceptable age of local-store data before a stderr hint suggests sync; 0 disables (default 30m0s)\n      --no-cache                Bypass response cache\n      --no-color                Disable colored output\n      --no-input                Disable all interactive prompts (for CI/agents)\n      --plain                   Output as plain tab-separated text\n      --profile string          Apply values from a saved profile (see 'hostex-pp-cli profile list')\n      --quiet                   Bare output, one value per line\n      --rate-limit float        Max requests per second (0 to disable)\n      --select string           Comma-separated fields to i…[truncated]"
    },
    {
      "command": "reservations query",
      "kind": "happy_path",
      "args": [
        "reservations",
        "query",
        "--json",
        "--select",
        "data.reservations.stay_code,data.reservations.status"
      ],
      "status": "pass",
      "output_sample": "{\n  \"meta\": {\n    \"source\": \"live\"\n  },\n  \"results\": {\n    \"data\": {\n      \"reservations\": []\n    }\n  }\n}\n"
    },
    {
      "command": "reservations query",
      "kind": "json_fidelity",
      "args": [
        "reservations",
        "query",
        "--json",
        "--select",
        "data.reservations.stay_code,data.reservations.status"
      ],
      "status": "pass",
      "output_sample": "{\n  \"meta\": {\n    \"source\": \"live\"\n  },\n  \"results\": {\n    \"data\": {\n      \"reservations\": []\n    }\n  }\n}\n"
    },
    {
      "command": "reservations query",
      "kind": "error_path",
      "args": null,
      "status": "skip",
      "reason": "no positional argument"
    },
    {
      "command": "reservations stay-status update",
      "kind": "help",
      "args": [
        "reservations",
        "stay-status",
        "update",
        "--help"
      ],
      "status": "pass",
      "output_sample": "Update the stay status of a reservation.\n\nUsage:\n  hostex-pp-cli reservations stay-status update \u003cstay_code\u003e [flags]\n\nExamples:\n  hostex-pp-cli reservations stay-status update example-value --stay-status checkin_pending\n\nFlags:\n  -h, --help                 help for update\n      --stay-status string   The new status for the stay.\n      --stdin                Read request body as JSON from stdin\n\nGlobal Flags:\n      --agent                   Set all agent-friendly defaults (--json --compact --no-input --no-color --yes)\n      --allow-partial-failure   Downgrade response-body partial-failure (e.g. partialFailureError) to a warning instead of a non-zero exit\n      --compact                 Return only key fields (id, name, status, timestamps) for minimal token usage\n      --config string           Config file path\n      --csv                     Output as CSV (table and array responses)\n      --data-source string      Data source for read commands: auto (live with local fallback), live (API only), local (synced data only) (default \"auto\")\n      --deliver string          Route output to a sink: stdout (default), file:\u003cpath\u003e, webhook:\u003curl\u003e\n      --dry-run                 Show request without sending\n      --home string             Root directory for config, data, state, and cache files\n      --human-friendly          Enable colored output and rich formatting\n      --idempotent              Treat already-existing create results as a successful no-op\n      --ignore-missing          Treat missing delete targets as a successful no-op\n      --json                    Output as JSON\n      --max-age duration        Maximum acceptable age of local-store data before a stderr hint suggests sync; 0 disables (default 30m0s)\n      --no-cache                Bypass response cache\n      --no-color                Disable colored output\n      --no-input                Disable all interactive prompts (for CI/agents)\n      --plain                   Output as plain tab-separated text\n      --profile string          Apply values from a saved profile (see 'hostex-pp-cli profile list')\n      --quiet                   Bare output, one value per line\n      --rate-limit float        Max requests per second (0 to disable)\n      --select string           Comma-separated fields to include in output (e.g. --select id,name,status)\n      --timeout duration        Request timeout (default 1m0s)\n      --yes                     Skip confirmation prompts (for agents and scripts)\n"
    },
    {
      "command": "reservations stay-status update",
      "kind": "happy_path",
      "args": null,
      "status": "skip",
      "reason": "non-id positional \"stay_code\" at depth 0"
    },
    {
      "command": "reservations stay-status update",
      "kind": "json_fidelity",
      "args": null,
      "status": "skip",
      "reason": "non-id positional \"stay_code\" at depth 0"
    },
    {
      "command": "reservations stay-status update",
      "kind": "error_path",
      "args": null,
      "status": "skip",
      "reason": "mutating command; error_path would call live API without --dry-run"
    },
    {
      "command": "reservations stay-status update",
      "kind": "error_path_real",
      "args": null,
      "status": "skip",
      "reason": "non-id positional \"stay_code\" at depth 0"
    },
    {
      "command": "reservations tags add",
      "kind": "help",
      "args": [
        "reservations",
        "tags",
        "add",
        "--help"
      ],
      "status": "pass",
      "output_sample": "Add a tag to a reservation. If the tag does not exist, it will be created automatically.\n\nUsage:\n  hostex-pp-cli reservations tags add \u003cstay_code\u003e [flags]\n\nAliases:\n  add, create\n\nExamples:\n  hostex-pp-cli reservations tags add example-value --tag-name example-resource\n\nFlags:\n  -h, --help              help for add\n      --stdin             Read request body as JSON from stdin\n      --tag-name string   The name of the tag to add.\n\nGlobal Flags:\n      --agent                   Set all agent-friendly defaults (--json --compact --no-input --no-color --yes)\n      --allow-partial-failure   Downgrade response-body partial-failure (e.g. partialFailureError) to a warning instead of a non-zero exit\n      --compact                 Return only key fields (id, name, status, timestamps) for minimal token usage\n      --config string           Config file path\n      --csv                     Output as CSV (table and array responses)\n      --data-source string      Data source for read commands: auto (live with local fallback), live (API only), local (synced data only) (default \"auto\")\n      --deliver string          Route output to a sink: stdout (default), file:\u003cpath\u003e, webhook:\u003curl\u003e\n      --dry-run                 Show request without sending\n      --home string             Root directory for config, data, state, and cache files\n      --human-friendly          Enable colored output and rich formatting\n      --idempotent              Treat already-existing create results as a successful no-op\n      --ignore-missing          Treat missing delete targets as a successful no-op\n      --json                    Output as JSON\n      --max-age duration        Maximum acceptable age of local-store data before a stderr hint suggests sync; 0 disables (default 30m0s)\n      --no-cache                Bypass response cache\n      --no-color                Disable colored output\n      --no-input                Disable all interactive prompts (for CI/agents)\n      --plain                   Output as plain tab-separated text\n      --profile string          Apply values from a saved profile (see 'hostex-pp-cli profile list')\n      --quiet                   Bare output, one value per line\n      --rate-limit float        Max requests per second (0 to disable)\n      --select string           Comma-separated fields to include in output (e.g. --select id,name,status)\n      --timeout duration        Request timeout (default 1m0s)\n      --yes                     Skip confirmation prompts (for agents and scripts)\n"
    },
    {
      "command": "reservations tags add",
      "kind": "happy_path",
      "args": null,
      "status": "skip",
      "reason": "non-id positional \"stay_code\" at depth 0"
    },
    {
      "command": "reservations tags add",
      "kind": "json_fidelity",
      "args": null,
      "status": "skip",
      "reason": "non-id positional \"stay_code\" at depth 0"
    },
    {
      "command": "reservations tags add",
      "kind": "error_path",
      "args": null,
      "status": "skip",
      "reason": "mutating command; error_path would call live API without --dry-run"
    },
    {
      "command": "reservations tags add",
      "kind": "error_path_real",
      "args": null,
      "status": "skip",
      "reason": "non-id positional \"stay_code\" at depth 0"
    },
    {
      "command": "reservations tags remove",
      "kind": "help",
      "args": [
        "reservations",
        "tags",
        "remove",
        "--help"
      ],
      "status": "pass",
      "output_sample": "Remove a tag from a reservation.\n\nUsage:\n  hostex-pp-cli reservations tags remove \u003cstay_code\u003e [flags]\n\nAliases:\n  remove, delete\n\nExamples:\n  hostex-pp-cli reservations tags remove example-value\n\nFlags:\n  -h, --help              help for remove\n      --stdin             Read request body as JSON from stdin\n      --tag-name string   The name of the tag to remove.\n\nGlobal Flags:\n      --agent                   Set all agent-friendly defaults (--json --compact --no-input --no-color --yes)\n      --allow-partial-failure   Downgrade response-body partial-failure (e.g. partialFailureError) to a warning instead of a non-zero exit\n      --compact                 Return only key fields (id, name, status, timestamps) for minimal token usage\n      --config string           Config file path\n      --csv                     Output as CSV (table and array responses)\n      --data-source string      Data source for read commands: auto (live with local fallback), live (API only), local (synced data only) (default \"auto\")\n      --deliver string          Route output to a sink: stdout (default), file:\u003cpath\u003e, webhook:\u003curl\u003e\n      --dry-run                 Show request without sending\n      --home string             Root directory for config, data, state, and cache files\n      --human-friendly          Enable colored output and rich formatting\n      --idempotent              Treat already-existing create results as a successful no-op\n      --ignore-missing          Treat missing delete targets as a successful no-op\n      --json                    Output as JSON\n      --max-age duration        Maximum acceptable age of local-store data before a stderr hint suggests sync; 0 disables (default 30m0s)\n      --no-cache                Bypass response cache\n      --no-color                Disable colored output\n      --no-input                Disable all interactive prompts (for CI/agents)\n      --plain                   Output as plain tab-separated text\n      --profile string          Apply values from a saved profile (see 'hostex-pp-cli profile list')\n      --quiet                   Bare output, one value per line\n      --rate-limit float        Max requests per second (0 to disable)\n      --select string           Comma-separated fields to include in output (e.g. --select id,name,status)\n      --timeout duration        Request timeout (default 1m0s)\n      --yes                     Skip confirmation prompts (for agents and scripts)\n"
    },
    {
      "command": "reservations tags remove",
      "kind": "happy_path",
      "args": null,
      "status": "skip",
      "reason": "non-id positional \"stay_code\" at depth 0"
    },
    {
      "command": "reservations tags remove",
      "kind": "json_fidelity",
      "args": null,
      "status": "skip",
      "reason": "non-id positional \"stay_code\" at depth 0"
    },
    {
      "command": "reservations tags remove",
      "kind": "error_path",
      "args": null,
      "status": "skip",
      "reason": "mutating command; error_path would call live API without --dry-run"
    },
    {
      "command": "reservations tags remove",
      "kind": "error_path_real",
      "args": null,
      "status": "skip",
      "reason": "non-id positional \"stay_code\" at depth 0"
    },
    {
      "command": "reservations update-basic-info",
      "kind": "help",
      "args": [
        "reservations",
        "update-basic-info",
        "--help"
      ],
      "status": "pass",
      "output_sample": "Update basic information of a stay including guest details, dates, pricing, and other attributes.\n\nUsage:\n  hostex-pp-cli reservations update-basic-info \u003cstay_code\u003e [flags]\n\nAliases:\n  update-basic-info, update\n\nExamples:\n  hostex-pp-cli reservations update-basic-info example-value\n\nFlags:\n      --check-in-date string       The check-in date for the reservation in YYYY-MM-DD format.\n      --check-out-date string      The check-out date for the reservation in YYYY-MM-DD format.\n      --commission-amount float    The commission amount for the reservation.\n      --creator string             The account of the creator.\n      --currency string            The currency code for the reservation amounts.\n      --custom-channel-id string   The id of the custom channel.\n      --email string               The email address of the guest.\n      --guest-name string          The name of the primary guest.\n  -h, --help                       help for update-basic-info\n      --mobile string              The mobile phone number of the guest.\n      --number-of-guests int       The total number of guests.\n      --rate-amount float          The total rate amount for the reservation.\n      --remarks string             Remarks for the reservation.\n      --stdin                      Read request body as JSON from stdin\n\nGlobal Flags:\n      --agent                   Set all agent-friendly defaults (--json --compact --no-input --no-color --yes)\n      --allow-partial-failure   Downgrade response-body partial-failure (e.g. partialFailureError) to a warning instead of a non-zero exit\n      --compact                 Return only key fields (id, name, status, timestamps) for minimal token usage\n      --config string           Config file path\n      --csv                     Output as CSV (table and array responses)\n      --data-source string      Data source for read commands: auto (live with local fallback), live (API only), local (synced data only) (default \"auto\")\n      --deliver string          Route output to a sink: stdout (default), file:\u003cpath\u003e, webhook:\u003curl\u003e\n      --dry-run                 Show request without sending\n      --home string             Root directory for config, data, state, and cache files\n      --human-friendly          Enable colored output and rich formatting\n      --idempotent              Treat already-existing create results as a successful no-op\n      --ignore-missing          Treat missing delete targets as a successful no-op\n      --json                    Output as JSON\n      --max-age duration        Maximum acceptable age of local-store data before a stderr hint suggests sync; 0 disables (default 30m0s)\n      --no-cache                Bypass response cache\n      --no-color                Disable colored output\n      --no-input                Disable all interactive prompts (for CI/agents)\n      --plain                   Output as plain tab-separated text\n      --profile string          Apply values from a saved profile (see 'hostex-pp-cli profile list')\n      --quiet                   Bare output, one value per line\n      --rate-limit float        Max requests per second (0 to disable)\n      --select string           Comma-separated fields to include in output (e.g. --select id,name,status)\n      --timeout duration        Request timeout (default 1m0s)\n      --yes                     Skip confirmation prompts (for agents and scripts)\n"
    },
    {
      "command": "reservations update-basic-info",
      "kind": "happy_path",
      "args": null,
      "status": "skip",
      "reason": "non-id positional \"stay_code\" at depth 0"
    },
    {
      "command": "reservations update-basic-info",
      "kind": "json_fidelity",
      "args": null,
      "status": "skip",
      "reason": "non-id positional \"stay_code\" at depth 0"
    },
    {
      "command": "reservations update-basic-info",
      "kind": "error_path",
      "args": null,
      "status": "skip",
      "reason": "mutating command; error_path would call live API without --dry-run"
    },
    {
      "command": "reservations update-basic-info",
      "kind": "error_path_real",
      "args": null,
      "status": "skip",
      "reason": "non-id positional \"stay_code\" at depth 0"
    },
    {
      "command": "revenue-rollup",
      "kind": "help",
      "args": [
        "revenue-rollup",
        "--help"
      ],
      "status": "pass",
      "output_sample": "Aggregates locally synced income/expense transactions into net totals grouped\nby property or by month. The API returns raw ledger entries; this nets them\nper group and currency in one pass.\n\nReads the local mirror; run `hostex-pp-cli sync --resources transactions` first.\n\nUsage:\n  hostex-pp-cli revenue-rollup [flags]\n\nExamples:\n  hostex-pp-cli revenue-rollup --by property --month 2026-06 --agent\n\nFlags:\n      --by string      Group by 'property' or 'month' (default \"property\")\n      --db string      Path to the local SQLite mirror (default: per-user data dir)\n  -h, --help           help for revenue-rollup\n      --month string   Restrict to a single month, format YYYY-MM (e.g. 2026-06)\n\nGlobal Flags:\n      --agent                   Set all agent-friendly defaults (--json --compact --no-input --no-color --yes)\n      --allow-partial-failure   Downgrade response-body partial-failure (e.g. partialFailureError) to a warning instead of a non-zero exit\n      --compact                 Return only key fields (id, name, status, timestamps) for minimal token usage\n      --config string           Config file path\n      --csv                     Output as CSV (table and array responses)\n      --data-source string      Data source for read commands: auto (live with local fallback), live (API only), local (synced data only) (default \"auto\")\n      --deliver string          Route output to a sink: stdout (default), file:\u003cpath\u003e, webhook:\u003curl\u003e\n      --dry-run                 Show request without sending\n      --home string             Root directory for config, data, state, and cache files\n      --human-friendly          Enable colored output and rich formatting\n      --idempotent              Treat already-existing create results as a successful no-op\n      --ignore-missing          Treat missing delete targets as a successful no-op\n      --json                    Output as JSON\n      --max-age duration        Maximum acceptable age of local-store data before a stderr hint suggests sync; 0 disables (default 30m0s)\n      --no-cache                Bypass response cache\n      --no-color                Disable colored output\n      --no-input                Disable all interactive prompts (for CI/agents)\n      --plain                   Output as plain tab-separated text\n      --profile string          Apply values from a saved profile (see 'hostex-pp-cli profile list')\n      --quiet                   Bare output, one value per line\n      --rate-limit float        Max requests per second (0 to disable)\n      --select string           Comma-separated fields to include in output (e.g. --select id,name,status)\n      --timeout duration        Request timeout (default 1m0s)\n      --yes                     Skip confirmation prompts (for agents and scripts)\n"
    },
    {
      "command": "revenue-rollup",
      "kind": "happy_path",
      "args": [
        "revenue-rollup",
        "--by",
        "property",
        "--month",
        "2026-06",
        "--agent"
      ],
      "status": "pass",
      "output_sample": "{\n  \"meta\": {\n    \"source\": \"local\"\n  },\n  \"results\": {\n    \"by\": \"property\",\n    \"groups\": [],\n    \"month\": \"2026-06\",\n    \"scanned_transactions\": 0\n  }\n}\nhint: local store has not been synced yet. Run 'hostex-pp-cli sync' before trusting local results.\n"
    },
    {
      "command": "revenue-rollup",
      "kind": "json_fidelity",
      "args": [
        "revenue-rollup",
        "--by",
        "property",
        "--month",
        "2026-06",
        "--agent",
        "--json"
      ],
      "status": "pass",
      "output_sample": "{\n  \"meta\": {\n    \"source\": \"local\"\n  },\n  \"results\": {\n    \"by\": \"property\",\n    \"groups\": [],\n    \"month\": \"2026-06\",\n    \"scanned_transactions\": 0\n  }\n}\nhint: local store has not been synced yet. Run 'hostex-pp-cli sync' before trusting local results.\n"
    },
    {
      "command": "revenue-rollup",
      "kind": "error_path",
      "args": null,
      "status": "skip",
      "reason": "no positional argument"
    },
    {
      "command": "reviews create",
      "kind": "help",
      "args": [
        "reviews",
        "create",
        "--help"
      ],
      "status": "pass",
      "output_sample": "Create review or reply for a reservation.\n\nUsage:\n  hostex-pp-cli reviews create \u003creservation_code\u003e [flags]\n\nExamples:\n  hostex-pp-cli reviews create example-value\n\nFlags:\n      --category-ratings-cleanliness float              Cleanliness rating. The value is between 0 and 5.\n      --category-ratings-communication float            Communication rating. The value is between 0 and 5.\n      --category-ratings-overall-rating float           Overall rating of the guest. The value is between 0 and 5.\n      --category-ratings-recommend float                Whether the host recommends the guest. 1 for yes, 0 for no (Airbnb only).\n      --category-ratings-respect-of-house-rules float   Respect of house rules rating. The value is between 0 and 5.\n  -h, --help                                            help for create\n      --host-reply-content string                       The reply of the host.\n      --host-review-content string                      The comment of the host.\n      --host-review-score float                         The rating score of the host review. The value is between 0 and 5.\n      --stdin                                           Read request body as JSON from stdin\n\nGlobal Flags:\n      --agent                   Set all agent-friendly defaults (--json --compact --no-input --no-color --yes)\n      --allow-partial-failure   Downgrade response-body partial-failure (e.g. partialFailureError) to a warning instead of a non-zero exit\n      --compact                 Return only key fields (id, name, status, timestamps) for minimal token usage\n      --config string           Config file path\n      --csv                     Output as CSV (table and array responses)\n      --data-source string      Data source for read commands: auto (live with local fallback), live (API only), local (synced data only) (default \"auto\")\n      --deliver string          Route output to a sink: stdout (default), file:\u003cpath\u003e, webhook:\u003curl\u003e\n      --dry-run                 Show request without sending\n      --home string             Root directory for config, data, state, and cache files\n      --human-friendly          Enable colored output and rich formatting\n      --idempotent              Treat already-existing create results as a successful no-op\n      --ignore-missing          Treat missing delete targets as a successful no-op\n      --json                    Output as JSON\n      --max-age duration        Maximum acceptable age of local-store data before a stderr hint suggests sync; 0 disables (default 30m0s)\n      --no-cache                Bypass response cache\n      --no-color                Disable colored output\n      --no-input                Disable all interactive prompts (for CI/agents)\n      --plain                   Output as plain tab-separated text\n      --profile string          Apply values from a saved profile (see 'hostex-pp-cli profile list')\n      --quiet                   Bare output, one value per line\n      --rate-limit float        Max requests per second (0 to disable)\n      --select string           Comma-separated fields to include in output (e.g. --select id,name,status)\n      --timeout duration        Request timeout (default 1m0s)\n      --yes                     Skip confirmation prompts (for agents and scripts)\n"
    },
    {
      "command": "reviews create",
      "kind": "happy_path",
      "args": null,
      "status": "skip",
      "reason": "non-id positional \"reservation_code\" at depth 0"
    },
    {
      "command": "reviews create",
      "kind": "json_fidelity",
      "args": null,
      "status": "skip",
      "reason": "non-id positional \"reservation_code\" at depth 0"
    },
    {
      "command": "reviews create",
      "kind": "error_path",
      "args": null,
      "status": "skip",
      "reason": "mutating command; error_path would call live API without --dry-run"
    },
    {
      "command": "reviews create",
      "kind": "error_path_real",
      "args": null,
      "status": "skip",
      "reason": "non-id positional \"reservation_code\" at depth 0"
    },
    {
      "command": "reviews query",
      "kind": "help",
      "args": [
        "reviews",
        "query",
        "--help"
      ],
      "status": "pass",
      "output_sample": "Query reviews like the [Reviews Page](https://hostex.io/app/reviews).\n\nUsage:\n  hostex-pp-cli reviews query [flags]\n\nAliases:\n  query, list\n\nExamples:\n  hostex-pp-cli reviews query --offset 42 --limit 50\n\nFlags:\n      --all                           Fetch all pages\n      --end-check-out-date string     Filters the results to include reservations with check-out dates up to this date (inclusive).\n  -h, --help                          help for query\n      --limit int                     Determines the maximum number of results to be returned, up to a maximum of 100. Default: 20 (default 20)\n      --offset string                 Specifies the starting index from which the results should be returned. Default: 0 (default \"0\")\n      --property-id string            Filters the results by the specified property ID.\n      --reservation-code string       Filters the results by the specified reservation code.\n      --review-status reviewed        Filters the results by the specified review status. Default: reviewed (one of: pending_guest_review, pending_host_review, reviewed)\n      --start-check-out-date string   Filters the results to include reservations with check-out dates starting from this date (inclusive).\n\nGlobal Flags:\n      --agent                   Set all agent-friendly defaults (--json --compact --no-input --no-color --yes)\n      --allow-partial-failure   Downgrade response-body partial-failure (e.g. partialFailureError) to a warning instead of a non-zero exit\n      --compact                 Return only key fields (id, name, status, timestamps) for minimal token usage\n      --config string           Config file path\n      --csv                     Output as CSV (table and array responses)\n      --data-source string      Data source for read commands: auto (live with local fallback), live (API only), local (synced data only) (default \"auto\")\n      --deliver string          Route output to a sink: stdout (default), file:\u003cpath\u003e, webhook:\u003curl\u003e\n      --dry-run                 Show request without sending\n      --home string             Root directory for config, data, state, and cache files\n      --human-friendly          Enable colored output and rich formatting\n      --idempotent              Treat already-existing create results as a successful no-op\n      --ignore-missing          Treat missing delete targets as a successful no-op\n      --json                    Output as JSON\n      --max-age duration        Maximum acceptable age of local-store data before a stderr hint suggests sync; 0 disables (default 30m0s)\n      --no-cache                Bypass response cache\n      --no-color                Disable colored output\n      --no-input                Disable all interactive prompts (for CI/agents)\n      --plain                   Output as plain tab-separated text\n      --profile string          Apply values from a saved profile (see 'hostex-pp-cli profile list')\n      --quiet                   Bare output, one value per line\n      --rate-limit float        Max requests per second (0 to disable)\n      --select string           Comma-separated fields to include in output (e.g. --select id,name,status)\n      --timeout duration        Request timeout (default 1m0s)\n      --yes                     Skip confirmation prompts (for agents and scripts)\n"
    },
    {
      "command": "reviews query",
      "kind": "happy_path",
      "args": [
        "reviews",
        "query",
        "--offset",
        "42",
        "--limit",
        "50"
      ],
      "status": "pass",
      "output_sample": "{\n  \"meta\": {\n    \"source\": \"live\"\n  },\n  \"results\": {\n    \"request_id\": \"RT2026062713363967707\",\n    \"error_code\": 200,\n    \"error_msg\": \"Done.\",\n    \"data\": {\n      \"reviews\": []\n    }\n  }\n}\n"
    },
    {
      "command": "reviews query",
      "kind": "json_fidelity",
      "args": [
        "reviews",
        "query",
        "--offset",
        "42",
        "--limit",
        "50",
        "--json"
      ],
      "status": "pass",
      "output_sample": "{\n  \"meta\": {\n    \"source\": \"live\"\n  },\n  \"results\": {\n    \"request_id\": \"RT2026062713363967707\",\n    \"error_code\": 200,\n    \"error_msg\": \"Done.\",\n    \"data\": {\n      \"reviews\": []\n    }\n  }\n}\n"
    },
    {
      "command": "reviews query",
      "kind": "error_path",
      "args": null,
      "status": "skip",
      "reason": "no positional argument"
    },
    {
      "command": "room-types create",
      "kind": "help",
      "args": [
        "room-types",
        "create",
        "--help"
      ],
      "status": "pass",
      "output_sample": "Create a new room type under the current operator.\n\nUsage:\n  hostex-pp-cli room-types create [flags]\n\nExamples:\n  hostex-pp-cli room-types create --title example-resource\n\nFlags:\n  -h, --help                  help for create\n      --property-ids string   Optional list of property ids to link to the new room type.\n      --stdin                 Read request body as JSON from stdin\n      --title string          Title of the new room type. Must be unique within the operator.\n\nGlobal Flags:\n      --agent                   Set all agent-friendly defaults (--json --compact --no-input --no-color --yes)\n      --allow-partial-failure   Downgrade response-body partial-failure (e.g. partialFailureError) to a warning instead of a non-zero exit\n      --compact                 Return only key fields (id, name, status, timestamps) for minimal token usage\n      --config string           Config file path\n      --csv                     Output as CSV (table and array responses)\n      --data-source string      Data source for read commands: auto (live with local fallback), live (API only), local (synced data only) (default \"auto\")\n      --deliver string          Route output to a sink: stdout (default), file:\u003cpath\u003e, webhook:\u003curl\u003e\n      --dry-run                 Show request without sending\n      --home string             Root directory for config, data, state, and cache files\n      --human-friendly          Enable colored output and rich formatting\n      --idempotent              Treat already-existing create results as a successful no-op\n      --ignore-missing          Treat missing delete targets as a successful no-op\n      --json                    Output as JSON\n      --max-age duration        Maximum acceptable age of local-store data before a stderr hint suggests sync; 0 disables (default 30m0s)\n      --no-cache                Bypass response cache\n      --no-color                Disable colored output\n      --no-input                Disable all interactive prompts (for CI/agents)\n      --plain                   Output as plain tab-separated text\n      --profile string          Apply values from a saved profile (see 'hostex-pp-cli profile list')\n      --quiet                   Bare output, one value per line\n      --rate-limit float        Max requests per second (0 to disable)\n      --select string           Comma-separated fields to include in output (e.g. --select id,name,status)\n      --timeout duration        Request timeout (default 1m0s)\n      --yes                     Skip confirmation prompts (for agents and scripts)\n"
    },
    {
      "command": "room-types create",
      "kind": "happy_path",
      "args": [
        "room-types",
        "create",
        "--title",
        "example-resource",
        "--dry-run"
      ],
      "status": "pass",
      "output_sample": "{\n  \"action\": \"post\",\n  \"data\": {\n    \"dry_run\": true\n  },\n  \"dry_run\": true,\n  \"path\": \"/room_types\",\n  \"resource\": \"room-types\",\n  \"status\": 0,\n  \"success\": false\n}\nPOST https://api.hostex.io/v3/room_types\n  Body:\n{\n    \"title\": \"example-resource\"\n  }\n  Hostex-Access-Token: ****KbdV\n\n(dry run - no request sent)\n"
    },
    {
      "command": "room-types create",
      "kind": "json_fidelity",
      "args": [
        "room-types",
        "create",
        "--title",
        "example-resource",
        "--dry-run",
        "--json"
      ],
      "status": "pass",
      "output_sample": "{\n  \"action\": \"post\",\n  \"data\": {\n    \"dry_run\": true\n  },\n  \"dry_run\": true,\n  \"path\": \"/room_types\",\n  \"resource\": \"room-types\",\n  \"status\": 0,\n  \"success\": false\n}\nPOST https://api.hostex.io/v3/room_types\n  Body:\n{\n    \"title\": \"example-resource\"\n  }\n  Hostex-Access-Token: ****KbdV\n\n(dry run - no request sent)\n"
    },
    {
      "command": "room-types create",
      "kind": "error_path",
      "args": null,
      "status": "skip",
      "reason": "no positional argument"
    },
    {
      "command": "room-types create",
      "kind": "error_path_real",
      "args": null,
      "status": "skip",
      "reason": "mutating command dry-run only"
    },
    {
      "command": "room-types query",
      "kind": "help",
      "args": [
        "room-types",
        "query",
        "--help"
      ],
      "status": "pass",
      "output_sample": "You can query room types by making a request to this endpoint.\n\nUsage:\n  hostex-pp-cli room-types query [flags]\n\nAliases:\n  query, list\n\nExamples:\n  hostex-pp-cli room-types query\n\nFlags:\n      --all             Fetch all pages\n  -h, --help            help for query\n      --id string       The id of the room type.\n      --limit int       The maximum number of results to return. The maximum value is 100. (default 20)\n      --offset string   The starting point from which to begin returning results. (default \"0\")\n      --tag-id string   Filter room types by the tag id. Only room types tagged with this tag are returned.\n\nGlobal Flags:\n      --agent                   Set all agent-friendly defaults (--json --compact --no-input --no-color --yes)\n      --allow-partial-failure   Downgrade response-body partial-failure (e.g. partialFailureError) to a warning instead of a non-zero exit\n      --compact                 Return only key fields (id, name, status, timestamps) for minimal token usage\n      --config string           Config file path\n      --csv                     Output as CSV (table and array responses)\n      --data-source string      Data source for read commands: auto (live with local fallback), live (API only), local (synced data only) (default \"auto\")\n      --deliver string          Route output to a sink: stdout (default), file:\u003cpath\u003e, webhook:\u003curl\u003e\n      --dry-run                 Show request without sending\n      --home string             Root directory for config, data, state, and cache files\n      --human-friendly          Enable colored output and rich formatting\n      --idempotent              Treat already-existing create results as a successful no-op\n      --ignore-missing          Treat missing delete targets as a successful no-op\n      --json                    Output as JSON\n      --max-age duration        Maximum acceptable age of local-store data before a stderr hint suggests sync; 0 disables (default 30m0s)\n      --no-cache                Bypass response cache\n      --no-color                Disable colored output\n      --no-input                Disable all interactive prompts (for CI/agents)\n      --plain                   Output as plain tab-separated text\n      --profile string          Apply values from a saved profile (see 'hostex-pp-cli profile list')\n      --quiet                   Bare output, one value per line\n      --rate-limit float        Max requests per second (0 to disable)\n      --select string           Comma-separated fields to include in output (e.g. --select id,name,status)\n      --timeout duration        Request timeout (default 1m0s)\n      --yes                     Skip confirmation prompts (for agents and scripts)\n"
    },
    {
      "command": "room-types query",
      "kind": "happy_path",
      "args": [
        "room-types",
        "query"
      ],
      "status": "pass",
      "output_sample": "{\n  \"meta\": {\n    \"source\": \"live\"\n  },\n  \"results\": {\n    \"request_id\": \"RT2026062713364082010\",\n    \"error_code\": 200,\n    \"error_msg\": \"Done.\",\n    \"data\": {\n      \"room_types\": [],\n      \"total\": 0\n    }\n  }\n}\n"
    },
    {
      "command": "room-types query",
      "kind": "json_fidelity",
      "args": [
        "room-types",
        "query",
        "--json"
      ],
      "status": "pass",
      "output_sample": "{\n  \"meta\": {\n    \"source\": \"live\"\n  },\n  \"results\": {\n    \"request_id\": \"RT2026062713364082010\",\n    \"error_code\": 200,\n    \"error_msg\": \"Done.\",\n    \"data\": {\n      \"room_types\": [],\n      \"total\": 0\n    }\n  }\n}\n"
    },
    {
      "command": "room-types query",
      "kind": "error_path",
      "args": null,
      "status": "skip",
      "reason": "no positional argument"
    },
    {
      "command": "search",
      "kind": "help",
      "args": [
        "search",
        "--help"
      ],
      "status": "pass",
      "output_sample": "Search data using FTS5 full-text search on locally synced data,\nor hit the API's search endpoint when available.\n\nIn auto mode (default): uses the API search endpoint if the API has one,\notherwise searches local data. Falls back to local on network failure.\nIn live mode: uses the API search endpoint only.\nIn local mode: searches locally synced data only.\n\nUsage:\n  hostex-pp-cli search \u003cquery\u003e [flags]\n\nExamples:\n  # Search (uses API endpoint if available, local FTS otherwise)\n  hostex-pp-cli search \"error timeout\"\n\n  # Force local search only\n  hostex-pp-cli search \"payment failed\" --data-source local\n\n  # Search a specific resource type locally\n  hostex-pp-cli search \"critical\" --type transactions --data-source local\n\n  # JSON output for piping\n  hostex-pp-cli search \"critical\" --json --limit 20\n\nFlags:\n      --db string     SQLite database file path (default: resolved data directory data.db)\n  -h, --help          help for search\n      --limit int     Maximum results to return (default 50)\n      --type string   Filter by resource type\n\nGlobal Flags:\n      --agent                   Set all agent-friendly defaults (--json --compact --no-input --no-color --yes)\n      --allow-partial-failure   Downgrade response-body partial-failure (e.g. partialFailureError) to a warning instead of a non-zero exit\n      --compact                 Return only key fields (id, name, status, timestamps) for minimal token usage\n      --config string           Config file path\n      --csv                     Output as CSV (table and array responses)\n      --data-source string      Data source for read commands: auto (live with local fallback), live (API only), local (synced data only) (default \"auto\")\n      --deliver string          Route output to a sink: stdout (default), file:\u003cpath\u003e, webhook:\u003curl\u003e\n      --dry-run                 Show request without sending\n      --home string             Root directory for config, data, state, and cache files\n      --human-friendly          Enable colored output and rich formatting\n      --idempotent              Treat already-existing create results as a successful no-op\n      --ignore-missing          Treat missing delete targets as a successful no-op\n      --json                    Output as JSON\n      --max-age duration        Maximum acceptable age of local-store data before a stderr hint suggests sync; 0 disables (default 30m0s)\n      --no-cache                Bypass response cache\n      --no-color                Disable colored output\n      --no-input                Disable all interactive prompts (for CI/agents)\n      --plain                   Output as plain tab-separated text\n      --profile string          Apply values from a saved profile (see 'hostex-pp-cli profile list')\n      --quiet                   Bare output, one value per line\n      --rate-limit float        Max requests per second (0 to disable)\n      --select string           Comma-separated fields to include in output (e.g. --select id,name,status)\n      --timeout duration        Request timeout (default 1m0s)\n      --yes                     Skip confirmation prompts (for agents and scripts)\n"
    },
    {
      "command": "search",
      "kind": "happy_path",
      "args": null,
      "status": "skip",
      "reason": "command path [search] has fewer segments than placeholders (1)"
    },
    {
      "command": "search",
      "kind": "json_fidelity",
      "args": null,
      "status": "skip",
      "reason": "command path [search] has fewer segments than placeholders (1)"
    },
    {
      "command": "search",
      "kind": "error_path",
      "args": [
        "search",
        "__printing_press_invalid__",
        "--json"
      ],
      "status": "pass",
      "output_sample": "{\n  \"meta\": {\n    \"reason\": \"no_search_endpoint\",\n    \"resource_type\": \"search\",\n    \"source\": \"local\"\n  },\n  \"results\": []\n}\nThis API has no search endpoint. Searching local data.\nhint: local store has not been synced yet. Run 'hostex-pp-cli sync' before trusting local results.\n"
    },
    {
      "command": "staffs create",
      "kind": "help",
      "args": [
        "staffs",
        "create",
        "--help"
      ],
      "status": "pass",
      "output_sample": "Create a schedule staff. The staff is created as active by default.\n\nUsage:\n  hostex-pp-cli staffs create [flags]\n\nExamples:\n  hostex-pp-cli staffs create --mobile example-value\n\nFlags:\n      --email string                      Email address.\n  -h, --help                              help for create\n      --mobile +\u003ccountry code\u003e \u003cnumber\u003e   Mobile number. International operators must use +\u003ccountry code\u003e \u003cnumber\u003e format.\n      --name string                       Display name of the staff (max 128 characters).\n      --note string                       Free-form note (max 500 characters).\n      --property-ids string               Properties this staff can access. Omit to grant access to all properties available to the operator.\n      --stdin                             Read request body as JSON from stdin\n\nGlobal Flags:\n      --agent                   Set all agent-friendly defaults (--json --compact --no-input --no-color --yes)\n      --allow-partial-failure   Downgrade response-body partial-failure (e.g. partialFailureError) to a warning instead of a non-zero exit\n      --compact                 Return only key fields (id, name, status, timestamps) for minimal token usage\n      --config string           Config file path\n      --csv                     Output as CSV (table and array responses)\n      --data-source string      Data source for read commands: auto (live with local fallback), live (API only), local (synced data only) (default \"auto\")\n      --deliver string          Route output to a sink: stdout (default), file:\u003cpath\u003e, webhook:\u003curl\u003e\n      --dry-run                 Show request without sending\n      --home string             Root directory for config, data, state, and cache files\n      --human-friendly          Enable colored output and rich formatting\n      --idempotent              Treat already-existing create results as a successful no-op\n      --ignore-missing          Treat missing delete targets as a successful no-op\n      --json                    Output as JSON\n      --max-age duration        Maximum acceptable age of local-store data before a stderr hint suggests sync; 0 disables (default 30m0s)\n      --no-cache                Bypass response cache\n      --no-color                Disable colored output\n      --no-input                Disable all interactive prompts (for CI/agents)\n      --plain                   Output as plain tab-separated text\n      --profile string          Apply values from a saved profile (see 'hostex-pp-cli profile list')\n      --quiet                   Bare output, one value per line\n      --rate-limit float        Max requests per second (0 to disable)\n      --select string           Comma-separated fields to include in output (e.g. --select id,name,status)\n      --timeout duration        Request timeout (default 1m0s)\n      --yes                     Skip confirmation prompts (for agents and scripts)\n"
    },
    {
      "command": "staffs create",
      "kind": "happy_path",
      "args": [
        "staffs",
        "create",
        "--mobile",
        "example-value",
        "--dry-run"
      ],
      "status": "pass",
      "output_sample": "{\n  \"action\": \"post\",\n  \"data\": {\n    \"dry_run\": true\n  },\n  \"dry_run\": true,\n  \"path\": \"/staffs\",\n  \"resource\": \"staffs\",\n  \"status\": 0,\n  \"success\": false\n}\nPOST https://api.hostex.io/v3/staffs\n  Body:\n{\n    \"mobile\": \"\u003credacted\u003e\"\n  }\n  Hostex-Access-Token: ****KbdV\n\n(dry run - no request sent)\n"
    },
    {
      "command": "staffs create",
      "kind": "json_fidelity",
      "args": [
        "staffs",
        "create",
        "--mobile",
        "example-value",
        "--dry-run",
        "--json"
      ],
      "status": "pass",
      "output_sample": "{\n  \"action\": \"post\",\n  \"data\": {\n    \"dry_run\": true\n  },\n  \"dry_run\": true,\n  \"path\": \"/staffs\",\n  \"resource\": \"staffs\",\n  \"status\": 0,\n  \"success\": false\n}\nPOST https://api.hostex.io/v3/staffs\n  Body:\n{\n    \"mobile\": \"\u003credacted\u003e\"\n  }\n  Hostex-Access-Token: ****KbdV\n\n(dry run - no request sent)\n"
    },
    {
      "command": "staffs create",
      "kind": "error_path",
      "args": null,
      "status": "skip",
      "reason": "no positional argument"
    },
    {
      "command": "staffs create",
      "kind": "error_path_real",
      "args": null,
      "status": "skip",
      "reason": "mutating command dry-run only"
    },
    {
      "command": "staffs delete",
      "kind": "help",
      "args": [
        "staffs",
        "delete",
        "--help"
      ],
      "status": "pass",
      "output_sample": "Delete a staff permanently along with their property assignments.\n\nUsage:\n  hostex-pp-cli staffs delete \u003cid\u003e [flags]\n\nExamples:\n  hostex-pp-cli staffs delete 550e8400-e29b-41d4-a716-446655440000\n\nFlags:\n  -h, --help   help for delete\n\nGlobal Flags:\n      --agent                   Set all agent-friendly defaults (--json --compact --no-input --no-color --yes)\n      --allow-partial-failure   Downgrade response-body partial-failure (e.g. partialFailureError) to a warning instead of a non-zero exit\n      --compact                 Return only key fields (id, name, status, timestamps) for minimal token usage\n      --config string           Config file path\n      --csv                     Output as CSV (table and array responses)\n      --data-source string      Data source for read commands: auto (live with local fallback), live (API only), local (synced data only) (default \"auto\")\n      --deliver string          Route output to a sink: stdout (default), file:\u003cpath\u003e, webhook:\u003curl\u003e\n      --dry-run                 Show request without sending\n      --home string             Root directory for config, data, state, and cache files\n      --human-friendly          Enable colored output and rich formatting\n      --idempotent              Treat already-existing create results as a successful no-op\n      --ignore-missing          Treat missing delete targets as a successful no-op\n      --json                    Output as JSON\n      --max-age duration        Maximum acceptable age of local-store data before a stderr hint suggests sync; 0 disables (default 30m0s)\n      --no-cache                Bypass response cache\n      --no-color                Disable colored output\n      --no-input                Disable all interactive prompts (for CI/agents)\n      --plain                   Output as plain tab-separated text\n      --profile string          Apply values from a saved profile (see 'hostex-pp-cli profile list')\n      --quiet                   Bare output, one value per line\n      --rate-limit float        Max requests per second (0 to disable)\n      --select string           Comma-separated fields to include in output (e.g. --select id,name,status)\n      --timeout duration        Request timeout (default 1m0s)\n      --yes                     Skip confirmation prompts (for agents and scripts)\n"
    },
    {
      "command": "staffs delete",
      "kind": "happy_path",
      "args": null,
      "status": "skip",
      "reason": "blocked-fixture: required API parameter"
    },
    {
      "command": "staffs delete",
      "kind": "json_fidelity",
      "args": null,
      "status": "skip",
      "reason": "blocked-fixture: required API parameter"
    },
    {
      "command": "staffs delete",
      "kind": "error_path",
      "args": null,
      "status": "skip",
      "reason": "mutating command; error_path would call live API without --dry-run"
    },
    {
      "command": "staffs delete",
      "kind": "error_path_real",
      "args": null,
      "status": "skip",
      "reason": "blocked-fixture: required API parameter"
    },
    {
      "command": "staffs query",
      "kind": "help",
      "args": [
        "staffs",
        "query",
        "--help"
      ],
      "status": "pass",
      "output_sample": "You can query schedule staffs (cleaners / operators / receptionists, etc.) by making a request to this endpoint.\n\nUsage:\n  hostex-pp-cli staffs query [flags]\n\nAliases:\n  query, list\n\nExamples:\n  hostex-pp-cli staffs query\n\nFlags:\n      --all             Fetch all pages\n  -h, --help            help for query\n      --id string       The id of the staff.\n      --is-active int   Filter staffs by active state. 1: active only, 0: inactive only. (one of: 0, 1)\n      --limit int       The maximum number of results to return. The maximum value is 100. (default 20)\n      --offset string   The starting point from which to begin returning results. (default \"0\")\n\nGlobal Flags:\n      --agent                   Set all agent-friendly defaults (--json --compact --no-input --no-color --yes)\n      --allow-partial-failure   Downgrade response-body partial-failure (e.g. partialFailureError) to a warning instead of a non-zero exit\n      --compact                 Return only key fields (id, name, status, timestamps) for minimal token usage\n      --config string           Config file path\n      --csv                     Output as CSV (table and array responses)\n      --data-source string      Data source for read commands: auto (live with local fallback), live (API only), local (synced data only) (default \"auto\")\n      --deliver string          Route output to a sink: stdout (default), file:\u003cpath\u003e, webhook:\u003curl\u003e\n      --dry-run                 Show request without sending\n      --home string             Root directory for config, data, state, and cache files\n      --human-friendly          Enable colored output and rich formatting\n      --idempotent              Treat already-existing create results as a successful no-op\n      --ignore-missing          Treat missing delete targets as a successful no-op\n      --json                    Output as JSON\n      --max-age duration        Maximum acceptable age of local-store data before a stderr hint suggests sync; 0 disables (default 30m0s)\n      --no-cache                Bypass response cache\n      --no-color                Disable colored output\n      --no-input                Disable all interactive prompts (for CI/agents)\n      --plain                   Output as plain tab-separated text\n      --profile string          Apply values from a saved profile (see 'hostex-pp-cli profile list')\n      --quiet                   Bare output, one value per line\n      --rate-limit float        Max requests per second (0 to disable)\n      --select string           Comma-separated fields to include in output (e.g. --select id,name,status)\n      --timeout duration        Request timeout (default 1m0s)\n      --yes                     Skip confirmation prompts (for agents and scripts)\n"
    },
    {
      "command": "staffs query",
      "kind": "happy_path",
      "args": [
        "staffs",
        "query"
      ],
      "status": "pass",
      "output_sample": "{\n  \"meta\": {\n    \"source\": \"live\"\n  },\n  \"results\": {\n    \"request_id\": \"RT202606271336436108b4\",\n    \"error_code\": 200,\n    \"error_msg\": \"Done.\",\n    \"data\": {\n      \"staffs\": [],\n      \"total\": 0\n    }\n  }\n}\n"
    },
    {
      "command": "staffs query",
      "kind": "json_fidelity",
      "args": [
        "staffs",
        "query",
        "--json"
      ],
      "status": "pass",
      "output_sample": "{\n  \"meta\": {\n    \"source\": \"live\"\n  },\n  \"results\": {\n    \"request_id\": \"RT202606271336436108b4\",\n    \"error_code\": 200,\n    \"error_msg\": \"Done.\",\n    \"data\": {\n      \"staffs\": [],\n      \"total\": 0\n    }\n  }\n}\n"
    },
    {
      "command": "staffs query",
      "kind": "error_path",
      "args": null,
      "status": "skip",
      "reason": "no positional argument"
    },
    {
      "command": "staffs update",
      "kind": "help",
      "args": [
        "staffs",
        "update",
        "--help"
      ],
      "status": "pass",
      "output_sample": "Update an existing staff. All fields are optional; only the supplied fields are changed.\n\nUsage:\n  hostex-pp-cli staffs update \u003cid\u003e [flags]\n\nExamples:\n  hostex-pp-cli staffs update 550e8400-e29b-41d4-a716-446655440000\n\nFlags:\n      --email string          Email\n  -h, --help                  help for update\n      --is-active true        Enable (true) or disable (`false`) the staff.\n      --mobile string         Mobile\n      --name string           Name\n      --note string           Note\n      --property-ids string   Replaces the staff's property assignment list. Use an empty array to remove all assignments.\n      --stdin                 Read request body as JSON from stdin\n\nGlobal Flags:\n      --agent                   Set all agent-friendly defaults (--json --compact --no-input --no-color --yes)\n      --allow-partial-failure   Downgrade response-body partial-failure (e.g. partialFailureError) to a warning instead of a non-zero exit\n      --compact                 Return only key fields (id, name, status, timestamps) for minimal token usage\n      --config string           Config file path\n      --csv                     Output as CSV (table and array responses)\n      --data-source string      Data source for read commands: auto (live with local fallback), live (API only), local (synced data only) (default \"auto\")\n      --deliver string          Route output to a sink: stdout (default), file:\u003cpath\u003e, webhook:\u003curl\u003e\n      --dry-run                 Show request without sending\n      --home string             Root directory for config, data, state, and cache files\n      --human-friendly          Enable colored output and rich formatting\n      --idempotent              Treat already-existing create results as a successful no-op\n      --ignore-missing          Treat missing delete targets as a successful no-op\n      --json                    Output as JSON\n      --max-age duration        Maximum acceptable age of local-store data before a stderr hint suggests sync; 0 disables (default 30m0s)\n      --no-cache                Bypass response cache\n      --no-color                Disable colored output\n      --no-input                Disable all interactive prompts (for CI/agents)\n      --plain                   Output as plain tab-separated text\n      --profile string          Apply values from a saved profile (see 'hostex-pp-cli profile list')\n      --quiet                   Bare output, one value per line\n      --rate-limit float        Max requests per second (0 to disable)\n      --select string           Comma-separated fields to include in output (e.g. --select id,name,status)\n      --timeout duration        Request timeout (default 1m0s)\n      --yes                     Skip confirmation prompts (for agents and scripts)\n"
    },
    {
      "command": "staffs update",
      "kind": "happy_path",
      "args": null,
      "status": "skip",
      "reason": "blocked-fixture: required API parameter"
    },
    {
      "command": "staffs update",
      "kind": "json_fidelity",
      "args": null,
      "status": "skip",
      "reason": "blocked-fixture: required API parameter"
    },
    {
      "command": "staffs update",
      "kind": "error_path",
      "args": null,
      "status": "skip",
      "reason": "mutating command; error_path would call live API without --dry-run"
    },
    {
      "command": "staffs update",
      "kind": "error_path_real",
      "args": null,
      "status": "skip",
      "reason": "blocked-fixture: required API parameter"
    },
    {
      "command": "stay-brief",
      "kind": "help",
      "args": [
        "stay-brief",
        "--help"
      ],
      "status": "pass",
      "output_sample": "Fan-joins every locally synced entity keyed on a stay_code — reservation,\nlinked conversation, tasks, transactions, and review — into one object, so an\nagent gets the full picture of a stay without five separate lookups.\n\nReads the local mirror; run `hostex-pp-cli sync` first. To scan many stays for\nproblems use `ops-gaps` instead.\n\nUsage:\n  hostex-pp-cli stay-brief \u003cstay_code\u003e [flags]\n\nExamples:\n  hostex-pp-cli stay-brief HMABC123 --agent\n\nFlags:\n      --db string   Path to the local SQLite mirror (default: per-user data dir)\n  -h, --help        help for stay-brief\n\nGlobal Flags:\n      --agent                   Set all agent-friendly defaults (--json --compact --no-input --no-color --yes)\n      --allow-partial-failure   Downgrade response-body partial-failure (e.g. partialFailureError) to a warning instead of a non-zero exit\n      --compact                 Return only key fields (id, name, status, timestamps) for minimal token usage\n      --config string           Config file path\n      --csv                     Output as CSV (table and array responses)\n      --data-source string      Data source for read commands: auto (live with local fallback), live (API only), local (synced data only) (default \"auto\")\n      --deliver string          Route output to a sink: stdout (default), file:\u003cpath\u003e, webhook:\u003curl\u003e\n      --dry-run                 Show request without sending\n      --home string             Root directory for config, data, state, and cache files\n      --human-friendly          Enable colored output and rich formatting\n      --idempotent              Treat already-existing create results as a successful no-op\n      --ignore-missing          Treat missing delete targets as a successful no-op\n      --json                    Output as JSON\n      --max-age duration        Maximum acceptable age of local-store data before a stderr hint suggests sync; 0 disables (default 30m0s)\n      --no-cache                Bypass response cache\n      --no-color                Disable colored output\n      --no-input                Disable all interactive prompts (for CI/agents)\n      --plain                   Output as plain tab-separated text\n      --profile string          Apply values from a saved profile (see 'hostex-pp-cli profile list')\n      --quiet                   Bare output, one value per line\n      --rate-limit float        Max requests per second (0 to disable)\n      --select string           Comma-separated fields to include in output (e.g. --select id,name,status)\n      --timeout duration        Request timeout (default 1m0s)\n      --yes                     Skip confirmation prompts (for agents and scripts)\n"
    },
    {
      "command": "stay-brief",
      "kind": "happy_path",
      "args": null,
      "status": "skip",
      "reason": "command path [stay-brief] has fewer segments than placeholders (1)"
    },
    {
      "command": "stay-brief",
      "kind": "json_fidelity",
      "args": null,
      "status": "skip",
      "reason": "command path [stay-brief] has fewer segments than placeholders (1)"
    },
    {
      "command": "stay-brief",
      "kind": "error_path",
      "args": [
        "stay-brief",
        "__printing_press_invalid__"
      ],
      "status": "fail",
      "reason": "expected non-zero exit for invalid argument",
      "output_sample": "hint: local store has not been synced yet. Run 'hostex-pp-cli sync' before trusting local results.\nno reservation with stay_code \"__printing_press_invalid__\" in the local mirror\n"
    },
    {
      "command": "sync",
      "kind": "help",
      "args": [
        "sync",
        "--help"
      ],
      "status": "pass",
      "output_sample": "Sync data from the API into a local SQLite database. Supports resumable\nincremental sync (only fetches new data since last sync) and full resync.\nOnce synced, use the 'search' command for instant full-text search.\n\nExit codes \u0026 warnings:\n  Resources the API denies access to (HTTP 403, or HTTP 400 with an\n  access-policy body) are reported as warnings rather than failing the\n  run. In --json mode each is emitted as a {\"event\":\"sync_warning\",...}\n  line carrying status, reason, and message fields, and a final\n  {\"event\":\"sync_summary\",...} aggregates the run.\n\n  Exit 0 when at least one resource synced and no resource flagged in\n  the spec as critical (x-critical: true) failed; non-critical failures\n  emit {\"event\":\"sync_warning\",\"reason\":\"exit_policy_default_changed\",\n  ...} so callers can detect that a partial failure was tolerated. Pass\n  --strict to exit non-zero on any per-resource failure. Exit is always\n  non-zero when every selected resource failed, regardless of --strict.\n\nResource scoping:\n  --resources runs the named top-level resources, plus any parent-keyed\n  dependent whose own name is listed OR whose parent table is listed.\n  Naming a parent therefore cascades to its dependents (so \"sync this\n  parent and its children\" works without listing every nested resource\n  by hand). There is no flag today to suppress the cascade for a named\n  parent. To run a dependent without re-syncing its parent, list only\n  the dependent by name; the parent table must already be populated\n  from a prior sync.\n\nUsage:\n  hostex-pp-cli sync [flags]\n\nExamples:\n  # Sync all resources\n  hostex-pp-cli sync\n\n  # Sync specific resources only\n  hostex-pp-cli sync --resources channels,messages\n\n  # Full resync (ignore previous checkpoint)\n  hostex-pp-cli sync --full\n\n  # Incremental sync: only records from the last 7 days\n  hostex-pp-cli sync --since 7d\n\n  # Parallel sync with 8 workers\n  hostex-pp-cli sync --concurrency 8\n\n  # Latest-only: refresh head of each resource, no historical backfill\n  hostex-pp-cli sync --latest-only\n\nFlags:\n      --concurrency int              Number of parallel sync workers (default 4)\n      --db string                    SQLite database file path (default: resolved data directory data.db)\n      --full                         Full resync (ignore previous checkpoint)\n      --global-param stringArray     Extra query param to inject into every sync request including dependent path-scoped calls (repeatable, key=value). Use when an API requires a scope on every call regardless of path nesting.\n  -h, --help                         help for sync\n      --latest-only                  Refresh head of each resource only; clears resume cursor and caps pages at 1. Mutually exclusive with --since (--since wins).\n      --max-pages int                Maximum pages to fetch per resource (0 = unlimited; cap-hit emits a sync_warning event)\n      --param stringArray            Extra query param to inject into flat-list sync requests (repeatable, key=value). Skipped on path-scoped dependent requests so a top-level scope like workspace=\u003cid\u003e does not double up on /parents/\u003cid\u003e/children calls. Use --global-param to inject everywhere. Avoid pagination keys (limit/since/cursor) — overriding them corrupts resume state.\n      --resource-param stringArray   Per-resource extra query param (repeatable, resource:key=value). Wins over --param and --global-param when keys conflict.\n      --resources strings            Comma-separated resource types to sync. Naming a parent also runs its parent-keyed dependents (see Long help for scoping).\n      --since string                 Incremental sync duration (e.g. 7d, 24h, 1w, 30m)\n      --strict                       Exit non-zero on any per-resource failure (default: only critical failures or all-resource failure exit non-zero).\n\nGlobal Flags:\n      --agent                   Set all agent-friendly defaults (--json --compact --no-input --no-color --yes)\n      --allow-partial-failure   Downgrade response-body partial-failure (e.g. partialFailureError) to a warning instead of a non-zero exit\n      --c…[truncated]"
    },
    {
      "command": "sync",
      "kind": "happy_path",
      "args": [
        "sync"
      ],
      "status": "pass",
      "output_sample": "{\"event\":\"sync_start\",\"resource\":\"automation\"}\n{\"event\":\"sync_start\",\"resource\":\"calendar-share-links\"}\n{\"event\":\"sync_start\",\"resource\":\"channel-accounts\"}\n{\"event\":\"sync_start\",\"resource\":\"conversations\"}\n{\"event\":\"sync_progress\",\"resource\":\"channel-accounts\",\"fetched\":1}\n{\"event\":\"sync_complete\",\"resource\":\"channel-accounts\",\"total\":1,\"duration_ms\":985}\n{\"event\":\"sync_start\",\"resource\":\"custom-channels\"}\n{\"event\":\"sync_complete\",\"resource\":\"calendar-share-links\",\"total\":0,\"duration_ms\":989}\n{\"event\":\"sync_start\",\"resource\":\"expense-items\"}\n{\"event\":\"sync_error\",\"resource\":\"conversations\",\"status\":400,\"method\":\"GET\",\"path\":\"/conversations\",\"body\":\"The offset field is required.\",\"error\":\"GET /conversations returned HTTP 400: The offset field is required.\"}\n{\"event\":\"sync_start\",\"resource\":\"expense-methods\"}\n{\"event\":\"sync_error\",\"resource\":\"automation\",\"status\":400,\"method\":\"GET\",\"path\":\"/automation/actions\",\"body\":\"The type field is required.\",\"error\":\"GET /automation/actions returned HTTP 400: The type field is required.\"}\n{\"event\":\"sync_start\",\"resource\":\"groups\"}\n{\"event\":\"sync_progress\",\"resource\":\"expense-methods\",\"fetched\":15}\n{\"event\":\"sync_progress\",\"resource\":\"expense-items\",\"fetched\":13}\n{\"event\":\"sync_complete\",\"resource\":\"expense-items\",\"total\":13,\"duration_ms\":626}\n{\"event\":\"sync_start\",\"resource\":\"income-items\"}\n{\"event\":\"sync_complete\",\"resource\":\"expense-methods\",\"total\":15,\"duration_ms\":598}\n{\"event\":\"sync_start\",\"resource\":\"income-methods\"}\n{\"event\":\"sync_complete\",\"resource\":\"groups\",\"total\":0,\"duration_ms\":536}\n{\"event\":\"sync_start\",\"resource\":\"knowledge-bases\"}\n{\"event\":\"sync_progress\",\"resource\":\"custom-channels\",\"fetched\":7}\n{\"event\":\"sync_complete\",\"resource\":\"custom-channels\",\"total\":7,\"duration_ms\":1097}\n{\"event\":\"sync_start\",\"resource\":\"listings\"}\n{\"event\":\"sync_progress\",\"resource\":\"income-methods\",\"fetched\":15}\n{\"event\":\"sync_complete\",\"resource\":\"income-methods\",\"total\":15,\"duration_ms\":551}\n{\"event\":\"sync_start\",\"resource\":\"message\"}\n{\"event\":\"sync_complete\",\"resource\":\"knowledge-bases\",\"total\":0,\"duration_ms\":630}\n{\"event\":\"sync_start\",\"resource\":\"pricing-ratios\"}\n{\"event\":\"sync_progress\",\"resource\":\"income-items\",\"fetched\":8}\n{\"event\":\"sync_progress\",\"resource\":\"listings\",\"fetched\":1}\n{\"event\":\"sync_complete\",\"resource\":\"listings\",\"total\":1,\"duration_ms\":569}\n{\"event\":\"sync_start\",\"resource\":\"properties\"}\n{\"event\":\"sync_complete\",\"resource\":\"income-items\",\"total\":8,\"duration_ms\":1036}\n{\"event\":\"sync_start\",\"resource\":\"reservation-tags\"}\n{\"event\":\"sync_complete\",\"resource\":\"message\",\"total\":0,\"duration_ms\":530}\n{\"event\":\"sync_start\",\"resource\":\"reservations\"}\n{\"event\":\"sync_error\",\"resource\":\"pricing-ratios\",\"status\":400,\"method\":\"GET\",\"path\":\"/pricing_ratios\",\"body\":\"The property id field is required when room type id is not present.\",\"error\":\"GET /pricing_ratios returned HTTP 400: The property id field is required when room type id is not present.\"}\n{\"event\":\"sync_start\",\"resource\":\"review\"}\n{\"event\":\"sync_progress\",\"resource\":\"reservation-tags\",\"fetched\":4}\n{\"event\":\"sync_complete\",\"resource\":\"reservation-tags\",\"total\":4,\"duration_ms\":534}\n{\"event\":\"sync_start\",\"resource\":\"reviews\"}\n{\"event\":\"sync_progress\",\"resource\":\"properties\",\"fetched\":1}\n{\"event\":\"sync_complete\",\"resource\":\"properties\",\"total\":1,\"duration_ms\":625}\n{\"event\":\"sync_start\",\"resource\":\"room-types\"}\n{\"event\":\"sync_complete\",\"resource\":\"review\",\"total\":0,\"duration_ms\":608}\n{\"event\":\"sync_start\",\"resource\":\"staffs\"}\n{\"event\":\"sync_complete\",\"resource\":\"reviews\",\"total\":0,\"duration_ms\":532}\n{\"event\":\"sync_start\",\"resource\":\"tags\"}\n{\"event\":\"sync_complete\",\"resource\":\"reservations\",\"total\":0,\"duration_ms\":1077}\n{\"event\":\"sync_start\",\"resource\":\"tasks\"}\n{\"event\":\"sync_complete\",\"resource\":\"room-types\",\"total\":0,\"duration_ms\":523}\n{\"event\":\"sync_start\",\"resource\":\"transactions\"}\n{\"event\":\"sync_complete\",\"resource\":\"staffs\",\"total\":0,\"duration_ms\":532}\n{\"event\":\"sync_start\",\"resource\":\"webhooks\"}\n{\"event\":\"sync_complete\",\"resource\":\"tags\",\"total\":0,\"duration_ms\":505}\n{\"event\":\"sync_complete\",\"resource\":\"tasks\",\"total\":0,\"dur…[truncated]"
    },
    {
      "command": "sync",
      "kind": "json_fidelity",
      "args": [
        "sync",
        "--json"
      ],
      "status": "pass",
      "output_sample": "{\"event\":\"sync_start\",\"resource\":\"automation\"}\n{\"event\":\"sync_start\",\"resource\":\"conversations\"}\n{\"event\":\"sync_start\",\"resource\":\"calendar-share-links\"}\n{\"event\":\"sync_start\",\"resource\":\"channel-accounts\"}\n{\"event\":\"sync_warning\",\"resource\":\"channel-accounts\",\"reason\":\"resource_not_incremental\",\"message\":\"endpoint does not declare a temporal filter parameter; incremental sync has no effect for this resource\"}\n{\"event\":\"sync_progress\",\"resource\":\"channel-accounts\",\"fetched\":1}\n{\"event\":\"sync_complete\",\"resource\":\"channel-accounts\",\"total\":1,\"duration_ms\":1189}\n{\"event\":\"sync_start\",\"resource\":\"custom-channels\"}\n{\"event\":\"sync_warning\",\"resource\":\"custom-channels\",\"reason\":\"resource_not_incremental\",\"message\":\"endpoint does not declare a temporal filter parameter; incremental sync has no effect for this resource\"}\n{\"event\":\"sync_error\",\"resource\":\"conversations\",\"status\":400,\"method\":\"GET\",\"path\":\"/conversations\",\"body\":\"The offset field is required.\",\"error\":\"GET /conversations returned HTTP 400: The offset field is required.\"}\n{\"event\":\"sync_start\",\"resource\":\"expense-items\"}\n{\"event\":\"sync_warning\",\"resource\":\"expense-items\",\"reason\":\"resource_not_incremental\",\"message\":\"endpoint does not declare a temporal filter parameter; incremental sync has no effect for this resource\"}\n{\"event\":\"sync_error\",\"resource\":\"automation\",\"status\":400,\"method\":\"GET\",\"path\":\"/automation/actions\",\"body\":\"The type field is required.\",\"error\":\"GET /automation/actions returned HTTP 400: The type field is required.\"}\n{\"event\":\"sync_start\",\"resource\":\"expense-methods\"}\n{\"event\":\"sync_warning\",\"resource\":\"expense-methods\",\"reason\":\"resource_not_incremental\",\"message\":\"endpoint does not declare a temporal filter parameter; incremental sync has no effect for this resource\"}\n{\"event\":\"sync_complete\",\"resource\":\"calendar-share-links\",\"total\":0,\"duration_ms\":1618}\n{\"event\":\"sync_start\",\"resource\":\"groups\"}\n{\"event\":\"sync_progress\",\"resource\":\"custom-channels\",\"fetched\":7}\n{\"event\":\"sync_complete\",\"resource\":\"custom-channels\",\"total\":7,\"duration_ms\":565}\n{\"event\":\"sync_start\",\"resource\":\"income-items\"}\n{\"event\":\"sync_warning\",\"resource\":\"income-items\",\"reason\":\"resource_not_incremental\",\"message\":\"endpoint does not declare a temporal filter parameter; incremental sync has no effect for this resource\"}\n{\"event\":\"sync_progress\",\"resource\":\"expense-methods\",\"fetched\":15}\n{\"event\":\"sync_complete\",\"resource\":\"expense-methods\",\"total\":15,\"duration_ms\":589}\n{\"event\":\"sync_start\",\"resource\":\"income-methods\"}\n{\"event\":\"sync_warning\",\"resource\":\"income-methods\",\"reason\":\"resource_not_incremental\",\"message\":\"endpoint does not declare a temporal filter parameter; incremental sync has no effect for this resource\"}\n{\"event\":\"sync_progress\",\"resource\":\"expense-items\",\"fetched\":13}\n{\"event\":\"sync_complete\",\"resource\":\"expense-items\",\"total\":13,\"duration_ms\":600}\n{\"event\":\"sync_start\",\"resource\":\"knowledge-bases\"}\n{\"event\":\"sync_complete\",\"resource\":\"groups\",\"total\":0,\"duration_ms\":518}\n{\"event\":\"sync_start\",\"resource\":\"listings\"}\n{\"event\":\"sync_warning\",\"resource\":\"listings\",\"reason\":\"resource_not_incremental\",\"message\":\"endpoint does not declare a temporal filter parameter; incremental sync has no effect for this resource\"}\n{\"event\":\"sync_progress\",\"resource\":\"income-items\",\"fetched\":8}\n{\"event\":\"sync_complete\",\"resource\":\"income-items\",\"total\":8,\"duration_ms\":484}\n{\"event\":\"sync_start\",\"resource\":\"message\"}\n{\"event\":\"sync_progress\",\"resource\":\"income-methods\",\"fetched\":15}\n{\"event\":\"sync_complete\",\"resource\":\"income-methods\",\"total\":15,\"duration_ms\":573}\n{\"event\":\"sync_start\",\"resource\":\"pricing-ratios\"}\n{\"event\":\"sync_complete\",\"resource\":\"knowledge-bases\",\"total\":0,\"duration_ms\":578}\n{\"event\":\"sync_start\",\"resource\":\"properties\"}\n{\"event\":\"sync_warning\",\"resource\":\"properties\",\"reason\":\"resource_not_incremental\",\"message\":\"endpoint does not declare a temporal filter parameter; incremental sync has no effect for this resource\"}\n{\"event\":\"sync_progress\",\"resource\":\"listings\",\"fetched\":1}\n{\"event\":\"sync_complete\",\"resource\":\"listings\",\"total\":1,\"duration_ms\":561}\n{\"…[truncated]"
    },
    {
      "command": "sync",
      "kind": "error_path",
      "args": null,
      "status": "skip",
      "reason": "no positional argument"
    },
    {
      "command": "tags create",
      "kind": "help",
      "args": [
        "tags",
        "create",
        "--help"
      ],
      "status": "pass",
      "output_sample": "Create a new property tag. Optionally pre-attach properties via `property_ids` and / or room types via `room_type_ids`.\n\nUsage:\n  hostex-pp-cli tags create [flags]\n\nExamples:\n  hostex-pp-cli tags create --name example-resource\n\nFlags:\n      --color string           Hex color string. Auto-assigned from the palette when omitted.\n  -h, --help                   help for create\n      --name string            Tag display name. Max 15 characters. Must be unique within the operator's account.\n      --property-ids string    Optional list of property ids to attach to the new tag.\n      --room-type-ids string   Optional list of room type ids to attach to the new tag.\n      --stdin                  Read request body as JSON from stdin\n\nGlobal Flags:\n      --agent                   Set all agent-friendly defaults (--json --compact --no-input --no-color --yes)\n      --allow-partial-failure   Downgrade response-body partial-failure (e.g. partialFailureError) to a warning instead of a non-zero exit\n      --compact                 Return only key fields (id, name, status, timestamps) for minimal token usage\n      --config string           Config file path\n      --csv                     Output as CSV (table and array responses)\n      --data-source string      Data source for read commands: auto (live with local fallback), live (API only), local (synced data only) (default \"auto\")\n      --deliver string          Route output to a sink: stdout (default), file:\u003cpath\u003e, webhook:\u003curl\u003e\n      --dry-run                 Show request without sending\n      --home string             Root directory for config, data, state, and cache files\n      --human-friendly          Enable colored output and rich formatting\n      --idempotent              Treat already-existing create results as a successful no-op\n      --ignore-missing          Treat missing delete targets as a successful no-op\n      --json                    Output as JSON\n      --max-age duration        Maximum acceptable age of local-store data before a stderr hint suggests sync; 0 disables (default 30m0s)\n      --no-cache                Bypass response cache\n      --no-color                Disable colored output\n      --no-input                Disable all interactive prompts (for CI/agents)\n      --plain                   Output as plain tab-separated text\n      --profile string          Apply values from a saved profile (see 'hostex-pp-cli profile list')\n      --quiet                   Bare output, one value per line\n      --rate-limit float        Max requests per second (0 to disable)\n      --select string           Comma-separated fields to include in output (e.g. --select id,name,status)\n      --timeout duration        Request timeout (default 1m0s)\n      --yes                     Skip confirmation prompts (for agents and scripts)\n"
    },
    {
      "command": "tags create",
      "kind": "happy_path",
      "args": [
        "tags",
        "create",
        "--name",
        "example-resource",
        "--dry-run"
      ],
      "status": "pass",
      "output_sample": "{\n  \"action\": \"post\",\n  \"data\": {\n    \"dry_run\": true\n  },\n  \"dry_run\": true,\n  \"path\": \"/tags\",\n  \"resource\": \"tags\",\n  \"status\": 0,\n  \"success\": false\n}\nPOST https://api.hostex.io/v3/tags\n  Body:\n{\n    \"name\": \"\u003credacted\u003e\"\n  }\n  Hostex-Access-Token: ****KbdV\n\n(dry run - no request sent)\n"
    },
    {
      "command": "tags create",
      "kind": "json_fidelity",
      "args": [
        "tags",
        "create",
        "--name",
        "example-resource",
        "--dry-run",
        "--json"
      ],
      "status": "pass",
      "output_sample": "{\n  \"action\": \"post\",\n  \"data\": {\n    \"dry_run\": true\n  },\n  \"dry_run\": true,\n  \"path\": \"/tags\",\n  \"resource\": \"tags\",\n  \"status\": 0,\n  \"success\": false\n}\nPOST https://api.hostex.io/v3/tags\n  Body:\n{\n    \"name\": \"\u003credacted\u003e\"\n  }\n  Hostex-Access-Token: ****KbdV\n\n(dry run - no request sent)\n"
    },
    {
      "command": "tags create",
      "kind": "error_path",
      "args": null,
      "status": "skip",
      "reason": "no positional argument"
    },
    {
      "command": "tags create",
      "kind": "error_path_real",
      "args": null,
      "status": "skip",
      "reason": "mutating command dry-run only"
    },
    {
      "command": "tags delete",
      "kind": "help",
      "args": [
        "tags",
        "delete",
        "--help"
      ],
      "status": "pass",
      "output_sample": "Delete a property tag.\n\nUsage:\n  hostex-pp-cli tags delete \u003cid\u003e [flags]\n\nExamples:\n  hostex-pp-cli tags delete 550e8400-e29b-41d4-a716-446655440000\n\nFlags:\n  -h, --help   help for delete\n\nGlobal Flags:\n      --agent                   Set all agent-friendly defaults (--json --compact --no-input --no-color --yes)\n      --allow-partial-failure   Downgrade response-body partial-failure (e.g. partialFailureError) to a warning instead of a non-zero exit\n      --compact                 Return only key fields (id, name, status, timestamps) for minimal token usage\n      --config string           Config file path\n      --csv                     Output as CSV (table and array responses)\n      --data-source string      Data source for read commands: auto (live with local fallback), live (API only), local (synced data only) (default \"auto\")\n      --deliver string          Route output to a sink: stdout (default), file:\u003cpath\u003e, webhook:\u003curl\u003e\n      --dry-run                 Show request without sending\n      --home string             Root directory for config, data, state, and cache files\n      --human-friendly          Enable colored output and rich formatting\n      --idempotent              Treat already-existing create results as a successful no-op\n      --ignore-missing          Treat missing delete targets as a successful no-op\n      --json                    Output as JSON\n      --max-age duration        Maximum acceptable age of local-store data before a stderr hint suggests sync; 0 disables (default 30m0s)\n      --no-cache                Bypass response cache\n      --no-color                Disable colored output\n      --no-input                Disable all interactive prompts (for CI/agents)\n      --plain                   Output as plain tab-separated text\n      --profile string          Apply values from a saved profile (see 'hostex-pp-cli profile list')\n      --quiet                   Bare output, one value per line\n      --rate-limit float        Max requests per second (0 to disable)\n      --select string           Comma-separated fields to include in output (e.g. --select id,name,status)\n      --timeout duration        Request timeout (default 1m0s)\n      --yes                     Skip confirmation prompts (for agents and scripts)\n"
    },
    {
      "command": "tags delete",
      "kind": "happy_path",
      "args": null,
      "status": "skip",
      "reason": "blocked-fixture: required API parameter"
    },
    {
      "command": "tags delete",
      "kind": "json_fidelity",
      "args": null,
      "status": "skip",
      "reason": "blocked-fixture: required API parameter"
    },
    {
      "command": "tags delete",
      "kind": "error_path",
      "args": null,
      "status": "skip",
      "reason": "mutating command; error_path would call live API without --dry-run"
    },
    {
      "command": "tags delete",
      "kind": "error_path_real",
      "args": null,
      "status": "skip",
      "reason": "blocked-fixture: required API parameter"
    },
    {
      "command": "tags query",
      "kind": "help",
      "args": [
        "tags",
        "query",
        "--help"
      ],
      "status": "pass",
      "output_sample": "You can query tags by making a request to this endpoint.\n\nUsage:\n  hostex-pp-cli tags query [flags]\n\nAliases:\n  query, list\n\nExamples:\n  hostex-pp-cli tags query\n\nFlags:\n      --all             Fetch all pages\n  -h, --help            help for query\n      --id string       The id of the tag.\n      --limit int       The maximum number of results to return. The maximum value is 100. (default 20)\n      --offset string   The starting point from which to begin returning results. (default \"0\")\n\nGlobal Flags:\n      --agent                   Set all agent-friendly defaults (--json --compact --no-input --no-color --yes)\n      --allow-partial-failure   Downgrade response-body partial-failure (e.g. partialFailureError) to a warning instead of a non-zero exit\n      --compact                 Return only key fields (id, name, status, timestamps) for minimal token usage\n      --config string           Config file path\n      --csv                     Output as CSV (table and array responses)\n      --data-source string      Data source for read commands: auto (live with local fallback), live (API only), local (synced data only) (default \"auto\")\n      --deliver string          Route output to a sink: stdout (default), file:\u003cpath\u003e, webhook:\u003curl\u003e\n      --dry-run                 Show request without sending\n      --home string             Root directory for config, data, state, and cache files\n      --human-friendly          Enable colored output and rich formatting\n      --idempotent              Treat already-existing create results as a successful no-op\n      --ignore-missing          Treat missing delete targets as a successful no-op\n      --json                    Output as JSON\n      --max-age duration        Maximum acceptable age of local-store data before a stderr hint suggests sync; 0 disables (default 30m0s)\n      --no-cache                Bypass response cache\n      --no-color                Disable colored output\n      --no-input                Disable all interactive prompts (for CI/agents)\n      --plain                   Output as plain tab-separated text\n      --profile string          Apply values from a saved profile (see 'hostex-pp-cli profile list')\n      --quiet                   Bare output, one value per line\n      --rate-limit float        Max requests per second (0 to disable)\n      --select string           Comma-separated fields to include in output (e.g. --select id,name,status)\n      --timeout duration        Request timeout (default 1m0s)\n      --yes                     Skip confirmation prompts (for agents and scripts)\n"
    },
    {
      "command": "tags query",
      "kind": "happy_path",
      "args": [
        "tags",
        "query"
      ],
      "status": "pass",
      "output_sample": "{\n  \"meta\": {\n    \"source\": \"live\"\n  },\n  \"results\": {\n    \"request_id\": \"RT2026062713365488307\",\n    \"error_code\": 200,\n    \"error_msg\": \"Done.\",\n    \"data\": {\n      \"tags\": [],\n      \"total\": 0\n    }\n  }\n}\n"
    },
    {
      "command": "tags query",
      "kind": "json_fidelity",
      "args": [
        "tags",
        "query",
        "--json"
      ],
      "status": "pass",
      "output_sample": "{\n  \"meta\": {\n    \"source\": \"live\"\n  },\n  \"results\": {\n    \"request_id\": \"RT2026062713365488307\",\n    \"error_code\": 200,\n    \"error_msg\": \"Done.\",\n    \"data\": {\n      \"tags\": [],\n      \"total\": 0\n    }\n  }\n}\n"
    },
    {
      "command": "tags query",
      "kind": "error_path",
      "args": null,
      "status": "skip",
      "reason": "no positional argument"
    },
    {
      "command": "tags update",
      "kind": "help",
      "args": [
        "tags",
        "update",
        "--help"
      ],
      "status": "pass",
      "output_sample": "Update a property tag.\n\nUsage:\n  hostex-pp-cli tags update \u003cid\u003e [flags]\n\nExamples:\n  hostex-pp-cli tags update 550e8400-e29b-41d4-a716-446655440000\n\nFlags:\n      --color string           Hex color string from the allowed palette.\n  -h, --help                   help for update\n      --name string            New display name. Must remain unique within the operator's account.\n      --property-ids string    Replaces the tag's property list with the given ids (each must belong to the operator). Empty array detaches all.\n      --room-type-ids string   Replaces the tag's room type list with the given ids (each must belong to the operator). Empty array detaches all.\n      --stdin                  Read request body as JSON from stdin\n\nGlobal Flags:\n      --agent                   Set all agent-friendly defaults (--json --compact --no-input --no-color --yes)\n      --allow-partial-failure   Downgrade response-body partial-failure (e.g. partialFailureError) to a warning instead of a non-zero exit\n      --compact                 Return only key fields (id, name, status, timestamps) for minimal token usage\n      --config string           Config file path\n      --csv                     Output as CSV (table and array responses)\n      --data-source string      Data source for read commands: auto (live with local fallback), live (API only), local (synced data only) (default \"auto\")\n      --deliver string          Route output to a sink: stdout (default), file:\u003cpath\u003e, webhook:\u003curl\u003e\n      --dry-run                 Show request without sending\n      --home string             Root directory for config, data, state, and cache files\n      --human-friendly          Enable colored output and rich formatting\n      --idempotent              Treat already-existing create results as a successful no-op\n      --ignore-missing          Treat missing delete targets as a successful no-op\n      --json                    Output as JSON\n      --max-age duration        Maximum acceptable age of local-store data before a stderr hint suggests sync; 0 disables (default 30m0s)\n      --no-cache                Bypass response cache\n      --no-color                Disable colored output\n      --no-input                Disable all interactive prompts (for CI/agents)\n      --plain                   Output as plain tab-separated text\n      --profile string          Apply values from a saved profile (see 'hostex-pp-cli profile list')\n      --quiet                   Bare output, one value per line\n      --rate-limit float        Max requests per second (0 to disable)\n      --select string           Comma-separated fields to include in output (e.g. --select id,name,status)\n      --timeout duration        Request timeout (default 1m0s)\n      --yes                     Skip confirmation prompts (for agents and scripts)\n"
    },
    {
      "command": "tags update",
      "kind": "happy_path",
      "args": null,
      "status": "skip",
      "reason": "blocked-fixture: required API parameter"
    },
    {
      "command": "tags update",
      "kind": "json_fidelity",
      "args": null,
      "status": "skip",
      "reason": "blocked-fixture: required API parameter"
    },
    {
      "command": "tags update",
      "kind": "error_path",
      "args": null,
      "status": "skip",
      "reason": "mutating command; error_path would call live API without --dry-run"
    },
    {
      "command": "tags update",
      "kind": "error_path_real",
      "args": null,
      "status": "skip",
      "reason": "blocked-fixture: required API parameter"
    },
    {
      "command": "tail",
      "kind": "help",
      "args": [
        "tail",
        "--help"
      ],
      "status": "pass",
      "output_sample": "Tail streams live data changes by polling the API at configurable intervals.\nEvents are emitted as NDJSON to stdout for piping to other tools.\nGracefully shuts down on SIGTERM/SIGINT.\n\nNote: For APIs with WebSocket or SSE support, a future version will use\nnative streaming instead of polling.\n\nUsage:\n  hostex-pp-cli tail [resource] [flags]\n\nExamples:\n  # Tail all changes every 10 seconds\n  hostex-pp-cli tail --interval 10s\n\n  # Tail a specific resource\n  hostex-pp-cli tail messages --interval 5s\n\n  # Pipe to jq for filtering\n  hostex-pp-cli tail events --interval 30s | jq 'select(.type == \"error\")'\n\nFlags:\n      --follow              Keep running (set --follow=false for single poll) (default true)\n  -h, --help                help for tail\n      --interval duration   Poll interval (default 10s)\n      --resource string     Resource type to tail\n\nGlobal Flags:\n      --agent                   Set all agent-friendly defaults (--json --compact --no-input --no-color --yes)\n      --allow-partial-failure   Downgrade response-body partial-failure (e.g. partialFailureError) to a warning instead of a non-zero exit\n      --compact                 Return only key fields (id, name, status, timestamps) for minimal token usage\n      --config string           Config file path\n      --csv                     Output as CSV (table and array responses)\n      --data-source string      Data source for read commands: auto (live with local fallback), live (API only), local (synced data only) (default \"auto\")\n      --deliver string          Route output to a sink: stdout (default), file:\u003cpath\u003e, webhook:\u003curl\u003e\n      --dry-run                 Show request without sending\n      --home string             Root directory for config, data, state, and cache files\n      --human-friendly          Enable colored output and rich formatting\n      --idempotent              Treat already-existing create results as a successful no-op\n      --ignore-missing          Treat missing delete targets as a successful no-op\n      --json                    Output as JSON\n      --max-age duration        Maximum acceptable age of local-store data before a stderr hint suggests sync; 0 disables (default 30m0s)\n      --no-cache                Bypass response cache\n      --no-color                Disable colored output\n      --no-input                Disable all interactive prompts (for CI/agents)\n      --plain                   Output as plain tab-separated text\n      --profile string          Apply values from a saved profile (see 'hostex-pp-cli profile list')\n      --quiet                   Bare output, one value per line\n      --rate-limit float        Max requests per second (0 to disable)\n      --select string           Comma-separated fields to include in output (e.g. --select id,name,status)\n      --timeout duration        Request timeout (default 1m0s)\n      --yes                     Skip confirmation prompts (for agents and scripts)\n"
    },
    {
      "command": "tail",
      "kind": "happy_path",
      "args": null,
      "status": "skip",
      "reason": "command path [tail] has fewer segments than placeholders (1)"
    },
    {
      "command": "tail",
      "kind": "json_fidelity",
      "args": null,
      "status": "skip",
      "reason": "command path [tail] has fewer segments than placeholders (1)"
    },
    {
      "command": "tail",
      "kind": "error_path",
      "args": null,
      "status": "skip",
      "reason": "no-error-path-probe annotation"
    },
    {
      "command": "tasks create",
      "kind": "help",
      "args": [
        "tasks",
        "create",
        "--help"
      ],
      "status": "pass",
      "output_sample": "Create a schedule task.\n\nUsage:\n  hostex-pp-cli tasks create [flags]\n\nExamples:\n  hostex-pp-cli tasks create --currency example-value\n\nFlags:\n      --currency fee               Currency code for fee. See [Supported Currencies](/reference/supported-currencies) for more information.\n      --expected-date YYYY-MM-DD   Expected execution date in YYYY-MM-DD.\n      --expected-time HH:mm:ss     Expected execution time in HH:mm:ss. Optional. Interpreted in the operator's configured timezone.\n      --fee float                  Task fee.\n  -h, --help                       help for create\n      --level type=cleaning        Cleaning level. Only meaningful when type=cleaning.\n      --note string                Free-form note attached to the task (max 500 characters).\n      --property-id string         Id of the property the task belongs to.\n      --staff-id string            Id of the staff to assign. Omit to leave the task unassigned.\n      --stay-code string           Stay code to link the task to a specific reservation.\n      --stdin                      Read request body as JSON from stdin\n      --type string                Task category.\n\nGlobal Flags:\n      --agent                   Set all agent-friendly defaults (--json --compact --no-input --no-color --yes)\n      --allow-partial-failure   Downgrade response-body partial-failure (e.g. partialFailureError) to a warning instead of a non-zero exit\n      --compact                 Return only key fields (id, name, status, timestamps) for minimal token usage\n      --config string           Config file path\n      --csv                     Output as CSV (table and array responses)\n      --data-source string      Data source for read commands: auto (live with local fallback), live (API only), local (synced data only) (default \"auto\")\n      --deliver string          Route output to a sink: stdout (default), file:\u003cpath\u003e, webhook:\u003curl\u003e\n      --dry-run                 Show request without sending\n      --home string             Root directory for config, data, state, and cache files\n      --human-friendly          Enable colored output and rich formatting\n      --idempotent              Treat already-existing create results as a successful no-op\n      --ignore-missing          Treat missing delete targets as a successful no-op\n      --json                    Output as JSON\n      --max-age duration        Maximum acceptable age of local-store data before a stderr hint suggests sync; 0 disables (default 30m0s)\n      --no-cache                Bypass response cache\n      --no-color                Disable colored output\n      --no-input                Disable all interactive prompts (for CI/agents)\n      --plain                   Output as plain tab-separated text\n      --profile string          Apply values from a saved profile (see 'hostex-pp-cli profile list')\n      --quiet                   Bare output, one value per line\n      --rate-limit float        Max requests per second (0 to disable)\n      --select string           Comma-separated fields to include in output (e.g. --select id,name,status)\n      --timeout duration        Request timeout (default 1m0s)\n      --yes                     Skip confirmation prompts (for agents and scripts)\n"
    },
    {
      "command": "tasks create",
      "kind": "happy_path",
      "args": [
        "tasks",
        "create",
        "--currency",
        "example-value",
        "--dry-run"
      ],
      "status": "pass",
      "output_sample": "{\n  \"action\": \"post\",\n  \"data\": {\n    \"dry_run\": true\n  },\n  \"dry_run\": true,\n  \"path\": \"/tasks\",\n  \"resource\": \"tasks\",\n  \"status\": 0,\n  \"success\": false\n}\nPOST https://api.hostex.io/v3/tasks\n  Body:\n{\n    \"currency\": \"example-value\"\n  }\n  Hostex-Access-Token: ****KbdV\n\n(dry run - no request sent)\n"
    },
    {
      "command": "tasks create",
      "kind": "json_fidelity",
      "args": [
        "tasks",
        "create",
        "--currency",
        "example-value",
        "--dry-run",
        "--json"
      ],
      "status": "pass",
      "output_sample": "{\n  \"action\": \"post\",\n  \"data\": {\n    \"dry_run\": true\n  },\n  \"dry_run\": true,\n  \"path\": \"/tasks\",\n  \"resource\": \"tasks\",\n  \"status\": 0,\n  \"success\": false\n}\nPOST https://api.hostex.io/v3/tasks\n  Body:\n{\n    \"currency\": \"example-value\"\n  }\n  Hostex-Access-Token: ****KbdV\n\n(dry run - no request sent)\n"
    },
    {
      "command": "tasks create",
      "kind": "error_path",
      "args": null,
      "status": "skip",
      "reason": "no positional argument"
    },
    {
      "command": "tasks create",
      "kind": "error_path_real",
      "args": null,
      "status": "skip",
      "reason": "mutating command dry-run only"
    },
    {
      "command": "tasks delete",
      "kind": "help",
      "args": [
        "tasks",
        "delete",
        "--help"
      ],
      "status": "pass",
      "output_sample": "Delete a task permanently. Returns 404 if the task does not exist or is not accessible to the current operator.\n\nUsage:\n  hostex-pp-cli tasks delete \u003cid\u003e [flags]\n\nExamples:\n  hostex-pp-cli tasks delete 550e8400-e29b-41d4-a716-446655440000\n\nFlags:\n  -h, --help   help for delete\n\nGlobal Flags:\n      --agent                   Set all agent-friendly defaults (--json --compact --no-input --no-color --yes)\n      --allow-partial-failure   Downgrade response-body partial-failure (e.g. partialFailureError) to a warning instead of a non-zero exit\n      --compact                 Return only key fields (id, name, status, timestamps) for minimal token usage\n      --config string           Config file path\n      --csv                     Output as CSV (table and array responses)\n      --data-source string      Data source for read commands: auto (live with local fallback), live (API only), local (synced data only) (default \"auto\")\n      --deliver string          Route output to a sink: stdout (default), file:\u003cpath\u003e, webhook:\u003curl\u003e\n      --dry-run                 Show request without sending\n      --home string             Root directory for config, data, state, and cache files\n      --human-friendly          Enable colored output and rich formatting\n      --idempotent              Treat already-existing create results as a successful no-op\n      --ignore-missing          Treat missing delete targets as a successful no-op\n      --json                    Output as JSON\n      --max-age duration        Maximum acceptable age of local-store data before a stderr hint suggests sync; 0 disables (default 30m0s)\n      --no-cache                Bypass response cache\n      --no-color                Disable colored output\n      --no-input                Disable all interactive prompts (for CI/agents)\n      --plain                   Output as plain tab-separated text\n      --profile string          Apply values from a saved profile (see 'hostex-pp-cli profile list')\n      --quiet                   Bare output, one value per line\n      --rate-limit float        Max requests per second (0 to disable)\n      --select string           Comma-separated fields to include in output (e.g. --select id,name,status)\n      --timeout duration        Request timeout (default 1m0s)\n      --yes                     Skip confirmation prompts (for agents and scripts)\n"
    },
    {
      "command": "tasks delete",
      "kind": "happy_path",
      "args": null,
      "status": "skip",
      "reason": "blocked-fixture: required API parameter"
    },
    {
      "command": "tasks delete",
      "kind": "json_fidelity",
      "args": null,
      "status": "skip",
      "reason": "blocked-fixture: required API parameter"
    },
    {
      "command": "tasks delete",
      "kind": "error_path",
      "args": null,
      "status": "skip",
      "reason": "mutating command; error_path would call live API without --dry-run"
    },
    {
      "command": "tasks delete",
      "kind": "error_path_real",
      "args": null,
      "status": "skip",
      "reason": "blocked-fixture: required API parameter"
    },
    {
      "command": "tasks query",
      "kind": "help",
      "args": [
        "tasks",
        "query",
        "--help"
      ],
      "status": "pass",
      "output_sample": "You can query schedule tasks (cleaning / maintain / reception / housekeeping / others)\n\nUsage:\n  hostex-pp-cli tasks query [flags]\n\nAliases:\n  query, list\n\nExamples:\n  hostex-pp-cli tasks query\n\nFlags:\n      --all                  Fetch all pages\n      --end-date string      The end of the expected date range to filter tasks by. The date format is YYYY-MM-DD.\n  -h, --help                 help for query\n      --id string            Internal id of a specific task. When supplied, returns at most one entry (the matching task under the current operator).\n      --limit int            The maximum number of results to return. The maximum value is 100. (default 20)\n      --offset string        The starting point from which to begin returning results. (default \"0\")\n      --property-id string   Filter tasks under the given property id.\n      --staff-id string      Filter tasks assigned to the given staff id.\n      --start-date string    The start of the expected date range to filter tasks by. The date format is YYYY-MM-DD.\n      --status string        Filter tasks by status. (one of: pending, in_progress, completed, cancelled)\n      --type string          Filter tasks by type. (one of: cleaning, maintenance, reception, room_service, other)\n\nGlobal Flags:\n      --agent                   Set all agent-friendly defaults (--json --compact --no-input --no-color --yes)\n      --allow-partial-failure   Downgrade response-body partial-failure (e.g. partialFailureError) to a warning instead of a non-zero exit\n      --compact                 Return only key fields (id, name, status, timestamps) for minimal token usage\n      --config string           Config file path\n      --csv                     Output as CSV (table and array responses)\n      --data-source string      Data source for read commands: auto (live with local fallback), live (API only), local (synced data only) (default \"auto\")\n      --deliver string          Route output to a sink: stdout (default), file:\u003cpath\u003e, webhook:\u003curl\u003e\n      --dry-run                 Show request without sending\n      --home string             Root directory for config, data, state, and cache files\n      --human-friendly          Enable colored output and rich formatting\n      --idempotent              Treat already-existing create results as a successful no-op\n      --ignore-missing          Treat missing delete targets as a successful no-op\n      --json                    Output as JSON\n      --max-age duration        Maximum acceptable age of local-store data before a stderr hint suggests sync; 0 disables (default 30m0s)\n      --no-cache                Bypass response cache\n      --no-color                Disable colored output\n      --no-input                Disable all interactive prompts (for CI/agents)\n      --plain                   Output as plain tab-separated text\n      --profile string          Apply values from a saved profile (see 'hostex-pp-cli profile list')\n      --quiet                   Bare output, one value per line\n      --rate-limit float        Max requests per second (0 to disable)\n      --select string           Comma-separated fields to include in output (e.g. --select id,name,status)\n      --timeout duration        Request timeout (default 1m0s)\n      --yes                     Skip confirmation prompts (for agents and scripts)\n"
    },
    {
      "command": "tasks query",
      "kind": "happy_path",
      "args": [
        "tasks",
        "query"
      ],
      "status": "pass",
      "output_sample": "{\n  \"meta\": {\n    \"source\": \"live\"\n  },\n  \"results\": {\n    \"request_id\": \"RT2026062713365749408b4\",\n    \"error_code\": 200,\n    \"error_msg\": \"Done.\",\n    \"data\": {\n      \"tasks\": [],\n      \"total\": 0\n    }\n  }\n}\n"
    },
    {
      "command": "tasks query",
      "kind": "json_fidelity",
      "args": [
        "tasks",
        "query",
        "--json"
      ],
      "status": "pass",
      "output_sample": "{\n  \"meta\": {\n    \"source\": \"live\"\n  },\n  \"results\": {\n    \"request_id\": \"RT2026062713365749408b4\",\n    \"error_code\": 200,\n    \"error_msg\": \"Done.\",\n    \"data\": {\n      \"tasks\": [],\n      \"total\": 0\n    }\n  }\n}\n"
    },
    {
      "command": "tasks query",
      "kind": "error_path",
      "args": null,
      "status": "skip",
      "reason": "no positional argument"
    },
    {
      "command": "tasks update",
      "kind": "help",
      "args": [
        "tasks",
        "update",
        "--help"
      ],
      "status": "pass",
      "output_sample": "Update an existing task. All fields are optional; only the supplied fields are changed.\n\nUsage:\n  hostex-pp-cli tasks update \u003cid\u003e [flags]\n\nExamples:\n  hostex-pp-cli tasks update 550e8400-e29b-41d4-a716-446655440000\n\nFlags:\n      --currency string            Currency\n      --expected-date YYYY-MM-DD   Expected execution date in YYYY-MM-DD. Interpreted in the operator's configured timezone.\n      --expected-time HH:mm:ss     Expected execution time in HH:mm:ss. Interpreted in the operator's configured timezone.\n      --fee float                  Fee\n  -h, --help                       help for update\n      --level string               Level\n      --note string                Note\n      --property-id 0              Pass 0 to detach the task from any property.\n      --staff-id 0                 Pass 0 to unassign the task.\n      --status string              Status\n      --stdin                      Read request body as JSON from stdin\n      --type string                Type\n\nGlobal Flags:\n      --agent                   Set all agent-friendly defaults (--json --compact --no-input --no-color --yes)\n      --allow-partial-failure   Downgrade response-body partial-failure (e.g. partialFailureError) to a warning instead of a non-zero exit\n      --compact                 Return only key fields (id, name, status, timestamps) for minimal token usage\n      --config string           Config file path\n      --csv                     Output as CSV (table and array responses)\n      --data-source string      Data source for read commands: auto (live with local fallback), live (API only), local (synced data only) (default \"auto\")\n      --deliver string          Route output to a sink: stdout (default), file:\u003cpath\u003e, webhook:\u003curl\u003e\n      --dry-run                 Show request without sending\n      --home string             Root directory for config, data, state, and cache files\n      --human-friendly          Enable colored output and rich formatting\n      --idempotent              Treat already-existing create results as a successful no-op\n      --ignore-missing          Treat missing delete targets as a successful no-op\n      --json                    Output as JSON\n      --max-age duration        Maximum acceptable age of local-store data before a stderr hint suggests sync; 0 disables (default 30m0s)\n      --no-cache                Bypass response cache\n      --no-color                Disable colored output\n      --no-input                Disable all interactive prompts (for CI/agents)\n      --plain                   Output as plain tab-separated text\n      --profile string          Apply values from a saved profile (see 'hostex-pp-cli profile list')\n      --quiet                   Bare output, one value per line\n      --rate-limit float        Max requests per second (0 to disable)\n      --select string           Comma-separated fields to include in output (e.g. --select id,name,status)\n      --timeout duration        Request timeout (default 1m0s)\n      --yes                     Skip confirmation prompts (for agents and scripts)\n"
    },
    {
      "command": "tasks update",
      "kind": "happy_path",
      "args": null,
      "status": "skip",
      "reason": "blocked-fixture: required API parameter"
    },
    {
      "command": "tasks update",
      "kind": "json_fidelity",
      "args": null,
      "status": "skip",
      "reason": "blocked-fixture: required API parameter"
    },
    {
      "command": "tasks update",
      "kind": "error_path",
      "args": null,
      "status": "skip",
      "reason": "mutating command; error_path would call live API without --dry-run"
    },
    {
      "command": "tasks update",
      "kind": "error_path_real",
      "args": null,
      "status": "skip",
      "reason": "blocked-fixture: required API parameter"
    },
    {
      "command": "transactions create",
      "kind": "help",
      "args": [
        "transactions",
        "create",
        "--help"
      ],
      "status": "pass",
      "output_sample": "Record a new income or expense entry.\n\nUsage:\n  hostex-pp-cli transactions create [flags]\n\nExamples:\n  hostex-pp-cli transactions create --direction income\n\nFlags:\n      --action-at YYYY-MM-DDTHH:MM:SSZ   When the action took place. Accepts ISO 8601 (YYYY-MM-DDTHH:MM:SSZ). Defaults to the current time.\n      --amount direction                 Absolute amount of the entry. Always provide a positive value; the sign is derived from direction.\n      --currency amount                  Currency code that accompanies amount.\n      --direction income                 Whether this entry represents money received (income) or money spent (`expense`).\n  -h, --help                             help for create\n      --item-id string                   The id of the item categorization.\n      --note string                      Free-form note (max 500 characters).\n      --payment-method-id string         The id of the payment method.\n      --property-id stay_code            The id of the property to record the entry against. Mutually exclusive with stay_code.\n      --stay-code stay_code              The stay_code (returned by `GET /reservations`) of the stay to record the entry against.\n      --stdin                            Read request body as JSON from stdin\n\nGlobal Flags:\n      --agent                   Set all agent-friendly defaults (--json --compact --no-input --no-color --yes)\n      --allow-partial-failure   Downgrade response-body partial-failure (e.g. partialFailureError) to a warning instead of a non-zero exit\n      --compact                 Return only key fields (id, name, status, timestamps) for minimal token usage\n      --config string           Config file path\n      --csv                     Output as CSV (table and array responses)\n      --data-source string      Data source for read commands: auto (live with local fallback), live (API only), local (synced data only) (default \"auto\")\n      --deliver string          Route output to a sink: stdout (default), file:\u003cpath\u003e, webhook:\u003curl\u003e\n      --dry-run                 Show request without sending\n      --home string             Root directory for config, data, state, and cache files\n      --human-friendly          Enable colored output and rich formatting\n      --idempotent              Treat already-existing create results as a successful no-op\n      --ignore-missing          Treat missing delete targets as a successful no-op\n      --json                    Output as JSON\n      --max-age duration        Maximum acceptable age of local-store data before a stderr hint suggests sync; 0 disables (default 30m0s)\n      --no-cache                Bypass response cache\n      --no-color                Disable colored output\n      --no-input                Disable all interactive prompts (for CI/agents)\n      --plain                   Output as plain tab-separated text\n      --profile string          Apply values from a saved profile (see 'hostex-pp-cli profile list')\n      --quiet                   Bare output, one value per line\n      --rate-limit float        Max requests per second (0 to disable)\n      --select string           Comma-separated fields to include in output (e.g. --select id,name,status)\n      --timeout duration        Request timeout (default 1m0s)\n      --yes                     Skip confirmation prompts (for agents and scripts)\n"
    },
    {
      "command": "transactions create",
      "kind": "happy_path",
      "args": [
        "transactions",
        "create",
        "--direction",
        "income",
        "--dry-run"
      ],
      "status": "pass",
      "output_sample": "{\n  \"action\": \"post\",\n  \"data\": {\n    \"dry_run\": true\n  },\n  \"dry_run\": true,\n  \"path\": \"/transactions\",\n  \"resource\": \"transactions\",\n  \"status\": 0,\n  \"success\": false\n}\nPOST https://api.hostex.io/v3/transactions\n  Body:\n{\n    \"direction\": \"income\"\n  }\n  Hostex-Access-Token: ****KbdV\n\n(dry run - no request sent)\n"
    },
    {
      "command": "transactions create",
      "kind": "json_fidelity",
      "args": [
        "transactions",
        "create",
        "--direction",
        "income",
        "--dry-run",
        "--json"
      ],
      "status": "pass",
      "output_sample": "{\n  \"action\": \"post\",\n  \"data\": {\n    \"dry_run\": true\n  },\n  \"dry_run\": true,\n  \"path\": \"/transactions\",\n  \"resource\": \"transactions\",\n  \"status\": 0,\n  \"success\": false\n}\nPOST https://api.hostex.io/v3/transactions\n  Body:\n{\n    \"direction\": \"income\"\n  }\n  Hostex-Access-Token: ****KbdV\n\n(dry run - no request sent)\n"
    },
    {
      "command": "transactions create",
      "kind": "error_path",
      "args": null,
      "status": "skip",
      "reason": "no positional argument"
    },
    {
      "command": "transactions create",
      "kind": "error_path_real",
      "args": null,
      "status": "skip",
      "reason": "mutating command dry-run only"
    },
    {
      "command": "transactions delete",
      "kind": "help",
      "args": [
        "transactions",
        "delete",
        "--help"
      ],
      "status": "pass",
      "output_sample": "Delete a transaction entry. The operation is irreversible.\n\nUsage:\n  hostex-pp-cli transactions delete \u003cid\u003e [flags]\n\nExamples:\n  hostex-pp-cli transactions delete 550e8400-e29b-41d4-a716-446655440000\n\nFlags:\n  -h, --help   help for delete\n\nGlobal Flags:\n      --agent                   Set all agent-friendly defaults (--json --compact --no-input --no-color --yes)\n      --allow-partial-failure   Downgrade response-body partial-failure (e.g. partialFailureError) to a warning instead of a non-zero exit\n      --compact                 Return only key fields (id, name, status, timestamps) for minimal token usage\n      --config string           Config file path\n      --csv                     Output as CSV (table and array responses)\n      --data-source string      Data source for read commands: auto (live with local fallback), live (API only), local (synced data only) (default \"auto\")\n      --deliver string          Route output to a sink: stdout (default), file:\u003cpath\u003e, webhook:\u003curl\u003e\n      --dry-run                 Show request without sending\n      --home string             Root directory for config, data, state, and cache files\n      --human-friendly          Enable colored output and rich formatting\n      --idempotent              Treat already-existing create results as a successful no-op\n      --ignore-missing          Treat missing delete targets as a successful no-op\n      --json                    Output as JSON\n      --max-age duration        Maximum acceptable age of local-store data before a stderr hint suggests sync; 0 disables (default 30m0s)\n      --no-cache                Bypass response cache\n      --no-color                Disable colored output\n      --no-input                Disable all interactive prompts (for CI/agents)\n      --plain                   Output as plain tab-separated text\n      --profile string          Apply values from a saved profile (see 'hostex-pp-cli profile list')\n      --quiet                   Bare output, one value per line\n      --rate-limit float        Max requests per second (0 to disable)\n      --select string           Comma-separated fields to include in output (e.g. --select id,name,status)\n      --timeout duration        Request timeout (default 1m0s)\n      --yes                     Skip confirmation prompts (for agents and scripts)\n"
    },
    {
      "command": "transactions delete",
      "kind": "happy_path",
      "args": null,
      "status": "skip",
      "reason": "blocked-fixture: required API parameter"
    },
    {
      "command": "transactions delete",
      "kind": "json_fidelity",
      "args": null,
      "status": "skip",
      "reason": "blocked-fixture: required API parameter"
    },
    {
      "command": "transactions delete",
      "kind": "error_path",
      "args": null,
      "status": "skip",
      "reason": "mutating command; error_path would call live API without --dry-run"
    },
    {
      "command": "transactions delete",
      "kind": "error_path_real",
      "args": null,
      "status": "skip",
      "reason": "blocked-fixture: required API parameter"
    },
    {
      "command": "transactions query",
      "kind": "help",
      "args": [
        "transactions",
        "query",
        "--help"
      ],
      "status": "pass",
      "output_sample": "Query income and expense entries (also known as `transactions`) recorded against the operator\n\nUsage:\n  hostex-pp-cli transactions query [flags]\n\nAliases:\n  query, list\n\nExamples:\n  hostex-pp-cli transactions query\n\nFlags:\n      --all                        Fetch all pages\n      --currency string            Filter by currency code. See [Supported Currencies](/reference/supported-currencies) for more information.\n      --direction income           Filter by direction: income for money received, `expense` for money spent. (one of: income, expense)\n      --end-date YYYY-MM-DD        End of the action time range, inclusive. Format YYYY-MM-DD. Interpreted in the operator's configured timezone.\n  -h, --help                       help for query\n      --id string                  Internal id of a specific transaction entry.\n      --item-id string             Filter by item id (the categorization of the entry).\n      --keyword note               Substring match on the entry note.\n      --limit int                  The maximum number of results to return. The maximum value is 100. (default 20)\n      --offset string              The starting point from which to begin returning results. (default \"0\")\n      --payment-method-id string   Filter by payment method id.\n      --property-id string         Filter entries linked to the given property id (either directly recorded against the property\n      --start-date YYYY-MM-DD      Start of the action time range, inclusive. Format YYYY-MM-DD. Interpreted in the operator's configured timezone.\n      --stay-code stay_code        Filter entries linked to the given stay (the stay_code returned by `GET /reservations`).\n\nGlobal Flags:\n      --agent                   Set all agent-friendly defaults (--json --compact --no-input --no-color --yes)\n      --allow-partial-failure   Downgrade response-body partial-failure (e.g. partialFailureError) to a warning instead of a non-zero exit\n      --compact                 Return only key fields (id, name, status, timestamps) for minimal token usage\n      --config string           Config file path\n      --csv                     Output as CSV (table and array responses)\n      --data-source string      Data source for read commands: auto (live with local fallback), live (API only), local (synced data only) (default \"auto\")\n      --deliver string          Route output to a sink: stdout (default), file:\u003cpath\u003e, webhook:\u003curl\u003e\n      --dry-run                 Show request without sending\n      --home string             Root directory for config, data, state, and cache files\n      --human-friendly          Enable colored output and rich formatting\n      --idempotent              Treat already-existing create results as a successful no-op\n      --ignore-missing          Treat missing delete targets as a successful no-op\n      --json                    Output as JSON\n      --max-age duration        Maximum acceptable age of local-store data before a stderr hint suggests sync; 0 disables (default 30m0s)\n      --no-cache                Bypass response cache\n      --no-color                Disable colored output\n      --no-input                Disable all interactive prompts (for CI/agents)\n      --plain                   Output as plain tab-separated text\n      --profile string          Apply values from a saved profile (see 'hostex-pp-cli profile list')\n      --quiet                   Bare output, one value per line\n      --rate-limit float        Max requests per second (0 to disable)\n      --select string           Comma-separated fields to include in output (e.g. --select id,name,status)\n      --timeout duration        Request timeout (default 1m0s)\n      --yes                     Skip confirmation prompts (for agents and scripts)\n"
    },
    {
      "command": "transactions query",
      "kind": "happy_path",
      "args": [
        "transactions",
        "query"
      ],
      "status": "fail",
      "exit_code": 5,
      "reason": "exit 5",
      "output_sample": "Error: GET /transactions returned HTTP 400: The start date field is required when id is not present.\n"
    },
    {
      "command": "transactions query",
      "kind": "json_fidelity",
      "args": [
        "transactions",
        "query",
        "--json"
      ],
      "status": "fail",
      "exit_code": 5,
      "reason": "exit 5",
      "output_sample": "Error: GET /transactions returned HTTP 400: The start date field is required when id is not present.\n"
    },
    {
      "command": "transactions query",
      "kind": "error_path",
      "args": null,
      "status": "skip",
      "reason": "no positional argument"
    },
    {
      "command": "transactions update",
      "kind": "help",
      "args": [
        "transactions",
        "update",
        "--help"
      ],
      "status": "pass",
      "output_sample": "Update an existing transaction entry. Only the fields listed below can be modified.\n\nUsage:\n  hostex-pp-cli transactions update \u003cid\u003e [flags]\n\nExamples:\n  hostex-pp-cli transactions update 550e8400-e29b-41d4-a716-446655440000\n\nFlags:\n      --action-at YYYY-MM-DDTHH:MM:SSZ   New action time. Accepts ISO 8601 (YYYY-MM-DDTHH:MM:SSZ).\n      --amount direction                 New absolute amount. Always provide a positive value; the original direction (income or expense) is preserved.\n  -h, --help                             help for update\n      --item-id string                   New item categorization id.\n      --note string                      New free-form note (max 500 characters).\n      --payment-method-id string         New payment method id.\n      --stdin                            Read request body as JSON from stdin\n\nGlobal Flags:\n      --agent                   Set all agent-friendly defaults (--json --compact --no-input --no-color --yes)\n      --allow-partial-failure   Downgrade response-body partial-failure (e.g. partialFailureError) to a warning instead of a non-zero exit\n      --compact                 Return only key fields (id, name, status, timestamps) for minimal token usage\n      --config string           Config file path\n      --csv                     Output as CSV (table and array responses)\n      --data-source string      Data source for read commands: auto (live with local fallback), live (API only), local (synced data only) (default \"auto\")\n      --deliver string          Route output to a sink: stdout (default), file:\u003cpath\u003e, webhook:\u003curl\u003e\n      --dry-run                 Show request without sending\n      --home string             Root directory for config, data, state, and cache files\n      --human-friendly          Enable colored output and rich formatting\n      --idempotent              Treat already-existing create results as a successful no-op\n      --ignore-missing          Treat missing delete targets as a successful no-op\n      --json                    Output as JSON\n      --max-age duration        Maximum acceptable age of local-store data before a stderr hint suggests sync; 0 disables (default 30m0s)\n      --no-cache                Bypass response cache\n      --no-color                Disable colored output\n      --no-input                Disable all interactive prompts (for CI/agents)\n      --plain                   Output as plain tab-separated text\n      --profile string          Apply values from a saved profile (see 'hostex-pp-cli profile list')\n      --quiet                   Bare output, one value per line\n      --rate-limit float        Max requests per second (0 to disable)\n      --select string           Comma-separated fields to include in output (e.g. --select id,name,status)\n      --timeout duration        Request timeout (default 1m0s)\n      --yes                     Skip confirmation prompts (for agents and scripts)\n"
    },
    {
      "command": "transactions update",
      "kind": "happy_path",
      "args": null,
      "status": "skip",
      "reason": "blocked-fixture: required API parameter"
    },
    {
      "command": "transactions update",
      "kind": "json_fidelity",
      "args": null,
      "status": "skip",
      "reason": "blocked-fixture: required API parameter"
    },
    {
      "command": "transactions update",
      "kind": "error_path",
      "args": null,
      "status": "skip",
      "reason": "mutating command; error_path would call live API without --dry-run"
    },
    {
      "command": "transactions update",
      "kind": "error_path_real",
      "args": null,
      "status": "skip",
      "reason": "blocked-fixture: required API parameter"
    },
    {
      "command": "webhooks create",
      "kind": "help",
      "args": [
        "webhooks",
        "create",
        "--help"
      ],
      "status": "pass",
      "output_sample": "Create a webhook.\n\nUsage:\n  hostex-pp-cli webhooks create [flags]\n\nExamples:\n  hostex-pp-cli webhooks create --url https://example.com/resource\n\nFlags:\n      --events string   The list of event types to subscribe to. Defaults to all events if omitted.\n  -h, --help            help for create\n      --stdin           Read request body as JSON from stdin\n      --url string      The webhook endpoint URL.\n\nGlobal Flags:\n      --agent                   Set all agent-friendly defaults (--json --compact --no-input --no-color --yes)\n      --allow-partial-failure   Downgrade response-body partial-failure (e.g. partialFailureError) to a warning instead of a non-zero exit\n      --compact                 Return only key fields (id, name, status, timestamps) for minimal token usage\n      --config string           Config file path\n      --csv                     Output as CSV (table and array responses)\n      --data-source string      Data source for read commands: auto (live with local fallback), live (API only), local (synced data only) (default \"auto\")\n      --deliver string          Route output to a sink: stdout (default), file:\u003cpath\u003e, webhook:\u003curl\u003e\n      --dry-run                 Show request without sending\n      --home string             Root directory for config, data, state, and cache files\n      --human-friendly          Enable colored output and rich formatting\n      --idempotent              Treat already-existing create results as a successful no-op\n      --ignore-missing          Treat missing delete targets as a successful no-op\n      --json                    Output as JSON\n      --max-age duration        Maximum acceptable age of local-store data before a stderr hint suggests sync; 0 disables (default 30m0s)\n      --no-cache                Bypass response cache\n      --no-color                Disable colored output\n      --no-input                Disable all interactive prompts (for CI/agents)\n      --plain                   Output as plain tab-separated text\n      --profile string          Apply values from a saved profile (see 'hostex-pp-cli profile list')\n      --quiet                   Bare output, one value per line\n      --rate-limit float        Max requests per second (0 to disable)\n      --select string           Comma-separated fields to include in output (e.g. --select id,name,status)\n      --timeout duration        Request timeout (default 1m0s)\n      --yes                     Skip confirmation prompts (for agents and scripts)\n"
    },
    {
      "command": "webhooks create",
      "kind": "happy_path",
      "args": [
        "webhooks",
        "create",
        "--url",
        "https://example.com/resource",
        "--dry-run"
      ],
      "status": "pass",
      "output_sample": "{\n  \"action\": \"post\",\n  \"data\": {\n    \"dry_run\": true\n  },\n  \"dry_run\": true,\n  \"path\": \"/webhooks\",\n  \"resource\": \"webhooks\",\n  \"status\": 0,\n  \"success\": false\n}\nPOST https://api.hostex.io/v3/webhooks\n  Body:\n{\n    \"url\": \"https://example.com/resource\"\n  }\n  Hostex-Access-Token: ****KbdV\n\n(dry run - no request sent)\n"
    },
    {
      "command": "webhooks create",
      "kind": "json_fidelity",
      "args": [
        "webhooks",
        "create",
        "--url",
        "https://example.com/resource",
        "--dry-run",
        "--json"
      ],
      "status": "pass",
      "output_sample": "{\n  \"action\": \"post\",\n  \"data\": {\n    \"dry_run\": true\n  },\n  \"dry_run\": true,\n  \"path\": \"/webhooks\",\n  \"resource\": \"webhooks\",\n  \"status\": 0,\n  \"success\": false\n}\nPOST https://api.hostex.io/v3/webhooks\n  Body:\n{\n    \"url\": \"https://example.com/resource\"\n  }\n  Hostex-Access-Token: ****KbdV\n\n(dry run - no request sent)\n"
    },
    {
      "command": "webhooks create",
      "kind": "error_path",
      "args": null,
      "status": "skip",
      "reason": "no positional argument"
    },
    {
      "command": "webhooks create",
      "kind": "error_path_real",
      "args": null,
      "status": "skip",
      "reason": "mutating command dry-run only"
    },
    {
      "command": "webhooks delete",
      "kind": "help",
      "args": [
        "webhooks",
        "delete",
        "--help"
      ],
      "status": "pass",
      "output_sample": "You can only delete webhooks created by your own app if they are manageable.\n\nUsage:\n  hostex-pp-cli webhooks delete \u003cid\u003e [flags]\n\nExamples:\n  hostex-pp-cli webhooks delete 550e8400-e29b-41d4-a716-446655440000\n\nFlags:\n  -h, --help   help for delete\n\nGlobal Flags:\n      --agent                   Set all agent-friendly defaults (--json --compact --no-input --no-color --yes)\n      --allow-partial-failure   Downgrade response-body partial-failure (e.g. partialFailureError) to a warning instead of a non-zero exit\n      --compact                 Return only key fields (id, name, status, timestamps) for minimal token usage\n      --config string           Config file path\n      --csv                     Output as CSV (table and array responses)\n      --data-source string      Data source for read commands: auto (live with local fallback), live (API only), local (synced data only) (default \"auto\")\n      --deliver string          Route output to a sink: stdout (default), file:\u003cpath\u003e, webhook:\u003curl\u003e\n      --dry-run                 Show request without sending\n      --home string             Root directory for config, data, state, and cache files\n      --human-friendly          Enable colored output and rich formatting\n      --idempotent              Treat already-existing create results as a successful no-op\n      --ignore-missing          Treat missing delete targets as a successful no-op\n      --json                    Output as JSON\n      --max-age duration        Maximum acceptable age of local-store data before a stderr hint suggests sync; 0 disables (default 30m0s)\n      --no-cache                Bypass response cache\n      --no-color                Disable colored output\n      --no-input                Disable all interactive prompts (for CI/agents)\n      --plain                   Output as plain tab-separated text\n      --profile string          Apply values from a saved profile (see 'hostex-pp-cli profile list')\n      --quiet                   Bare output, one value per line\n      --rate-limit float        Max requests per second (0 to disable)\n      --select string           Comma-separated fields to include in output (e.g. --select id,name,status)\n      --timeout duration        Request timeout (default 1m0s)\n      --yes                     Skip confirmation prompts (for agents and scripts)\n"
    },
    {
      "command": "webhooks delete",
      "kind": "happy_path",
      "args": null,
      "status": "skip",
      "reason": "blocked-fixture: required API parameter"
    },
    {
      "command": "webhooks delete",
      "kind": "json_fidelity",
      "args": null,
      "status": "skip",
      "reason": "blocked-fixture: required API parameter"
    },
    {
      "command": "webhooks delete",
      "kind": "error_path",
      "args": null,
      "status": "skip",
      "reason": "mutating command; error_path would call live API without --dry-run"
    },
    {
      "command": "webhooks delete",
      "kind": "error_path_real",
      "args": null,
      "status": "skip",
      "reason": "blocked-fixture: required API parameter"
    },
    {
      "command": "webhooks query",
      "kind": "help",
      "args": [
        "webhooks",
        "query",
        "--help"
      ],
      "status": "pass",
      "output_sample": "Query Webhooks like the [Webhooks Page](https://hostex.io/app/api/web-hooks).\n\nUsage:\n  hostex-pp-cli webhooks query [flags]\n\nAliases:\n  query, list\n\nExamples:\n  hostex-pp-cli webhooks query\n\nFlags:\n  -h, --help   help for query\n\nGlobal Flags:\n      --agent                   Set all agent-friendly defaults (--json --compact --no-input --no-color --yes)\n      --allow-partial-failure   Downgrade response-body partial-failure (e.g. partialFailureError) to a warning instead of a non-zero exit\n      --compact                 Return only key fields (id, name, status, timestamps) for minimal token usage\n      --config string           Config file path\n      --csv                     Output as CSV (table and array responses)\n      --data-source string      Data source for read commands: auto (live with local fallback), live (API only), local (synced data only) (default \"auto\")\n      --deliver string          Route output to a sink: stdout (default), file:\u003cpath\u003e, webhook:\u003curl\u003e\n      --dry-run                 Show request without sending\n      --home string             Root directory for config, data, state, and cache files\n      --human-friendly          Enable colored output and rich formatting\n      --idempotent              Treat already-existing create results as a successful no-op\n      --ignore-missing          Treat missing delete targets as a successful no-op\n      --json                    Output as JSON\n      --max-age duration        Maximum acceptable age of local-store data before a stderr hint suggests sync; 0 disables (default 30m0s)\n      --no-cache                Bypass response cache\n      --no-color                Disable colored output\n      --no-input                Disable all interactive prompts (for CI/agents)\n      --plain                   Output as plain tab-separated text\n      --profile string          Apply values from a saved profile (see 'hostex-pp-cli profile list')\n      --quiet                   Bare output, one value per line\n      --rate-limit float        Max requests per second (0 to disable)\n      --select string           Comma-separated fields to include in output (e.g. --select id,name,status)\n      --timeout duration        Request timeout (default 1m0s)\n      --yes                     Skip confirmation prompts (for agents and scripts)\n"
    },
    {
      "command": "webhooks query",
      "kind": "happy_path",
      "args": [
        "webhooks",
        "query"
      ],
      "status": "pass",
      "output_sample": "{\n  \"meta\": {\n    \"source\": \"live\"\n  },\n  \"results\": {\n    \"request_id\": \"RT2026062713370210409\",\n    \"error_code\": 200,\n    \"error_msg\": \"Done.\",\n    \"data\": {\n      \"webhooks\": []\n    }\n  }\n}\n"
    },
    {
      "command": "webhooks query",
      "kind": "json_fidelity",
      "args": [
        "webhooks",
        "query",
        "--json"
      ],
      "status": "pass",
      "output_sample": "{\n  \"meta\": {\n    \"source\": \"live\"\n  },\n  \"results\": {\n    \"request_id\": \"RT2026062713370210409\",\n    \"error_code\": 200,\n    \"error_msg\": \"Done.\",\n    \"data\": {\n      \"webhooks\": []\n    }\n  }\n}\n"
    },
    {
      "command": "webhooks query",
      "kind": "error_path",
      "args": null,
      "status": "skip",
      "reason": "no positional argument"
    },
    {
      "command": "webhooks update",
      "kind": "help",
      "args": [
        "webhooks",
        "update",
        "--help"
      ],
      "status": "pass",
      "output_sample": "Update the url or event subscriptions for a webhook. You can only update webhooks created by your own app.\n\nUsage:\n  hostex-pp-cli webhooks update \u003cid\u003e [flags]\n\nExamples:\n  hostex-pp-cli webhooks update 550e8400-e29b-41d4-a716-446655440000\n\nFlags:\n      --events string   The list of event types to subscribe to.\n  -h, --help            help for update\n      --stdin           Read request body as JSON from stdin\n      --url string      The new webhook endpoint URL.\n\nGlobal Flags:\n      --agent                   Set all agent-friendly defaults (--json --compact --no-input --no-color --yes)\n      --allow-partial-failure   Downgrade response-body partial-failure (e.g. partialFailureError) to a warning instead of a non-zero exit\n      --compact                 Return only key fields (id, name, status, timestamps) for minimal token usage\n      --config string           Config file path\n      --csv                     Output as CSV (table and array responses)\n      --data-source string      Data source for read commands: auto (live with local fallback), live (API only), local (synced data only) (default \"auto\")\n      --deliver string          Route output to a sink: stdout (default), file:\u003cpath\u003e, webhook:\u003curl\u003e\n      --dry-run                 Show request without sending\n      --home string             Root directory for config, data, state, and cache files\n      --human-friendly          Enable colored output and rich formatting\n      --idempotent              Treat already-existing create results as a successful no-op\n      --ignore-missing          Treat missing delete targets as a successful no-op\n      --json                    Output as JSON\n      --max-age duration        Maximum acceptable age of local-store data before a stderr hint suggests sync; 0 disables (default 30m0s)\n      --no-cache                Bypass response cache\n      --no-color                Disable colored output\n      --no-input                Disable all interactive prompts (for CI/agents)\n      --plain                   Output as plain tab-separated text\n      --profile string          Apply values from a saved profile (see 'hostex-pp-cli profile list')\n      --quiet                   Bare output, one value per line\n      --rate-limit float        Max requests per second (0 to disable)\n      --select string           Comma-separated fields to include in output (e.g. --select id,name,status)\n      --timeout duration        Request timeout (default 1m0s)\n      --yes                     Skip confirmation prompts (for agents and scripts)\n"
    },
    {
      "command": "webhooks update",
      "kind": "happy_path",
      "args": null,
      "status": "skip",
      "reason": "blocked-fixture: required API parameter"
    },
    {
      "command": "webhooks update",
      "kind": "json_fidelity",
      "args": null,
      "status": "skip",
      "reason": "blocked-fixture: required API parameter"
    },
    {
      "command": "webhooks update",
      "kind": "error_path",
      "args": null,
      "status": "skip",
      "reason": "mutating command; error_path would call live API without --dry-run"
    },
    {
      "command": "webhooks update",
      "kind": "error_path_real",
      "args": null,
      "status": "skip",
      "reason": "blocked-fixture: required API parameter"
    },
    {
      "command": "which",
      "kind": "help",
      "args": [
        "which",
        "--help"
      ],
      "status": "pass",
      "output_sample": "which resolves a natural-language capability query (for example, \"search messages\" or \"stale tickets\") to the best matching command from this CLI's curated feature index.\n\nExit codes:\n  0  at least one match found\n  2  no confident match - the query did not score against any indexed capability; fall back to '--help' or 'search' if this CLI has one\n\nUsage:\n  hostex-pp-cli which [query] [flags]\n\nExamples:\n  hostex-pp-cli which \"stale tickets\"\n  hostex-pp-cli which \"bottleneck\"\n  hostex-pp-cli which --limit 1 \"send message\"\n  hostex-pp-cli which                                # list the full capability index\n\nFlags:\n  -h, --help        help for which\n      --limit int   Maximum number of matches to return (default 3)\n\nGlobal Flags:\n      --agent                   Set all agent-friendly defaults (--json --compact --no-input --no-color --yes)\n      --allow-partial-failure   Downgrade response-body partial-failure (e.g. partialFailureError) to a warning instead of a non-zero exit\n      --compact                 Return only key fields (id, name, status, timestamps) for minimal token usage\n      --config string           Config file path\n      --csv                     Output as CSV (table and array responses)\n      --data-source string      Data source for read commands: auto (live with local fallback), live (API only), local (synced data only) (default \"auto\")\n      --deliver string          Route output to a sink: stdout (default), file:\u003cpath\u003e, webhook:\u003curl\u003e\n      --dry-run                 Show request without sending\n      --home string             Root directory for config, data, state, and cache files\n      --human-friendly          Enable colored output and rich formatting\n      --idempotent              Treat already-existing create results as a successful no-op\n      --ignore-missing          Treat missing delete targets as a successful no-op\n      --json                    Output as JSON\n      --max-age duration        Maximum acceptable age of local-store data before a stderr hint suggests sync; 0 disables (default 30m0s)\n      --no-cache                Bypass response cache\n      --no-color                Disable colored output\n      --no-input                Disable all interactive prompts (for CI/agents)\n      --plain                   Output as plain tab-separated text\n      --profile string          Apply values from a saved profile (see 'hostex-pp-cli profile list')\n      --quiet                   Bare output, one value per line\n      --rate-limit float        Max requests per second (0 to disable)\n      --select string           Comma-separated fields to include in output (e.g. --select id,name,status)\n      --timeout duration        Request timeout (default 1m0s)\n      --yes                     Skip confirmation prompts (for agents and scripts)\n"
    },
    {
      "command": "which",
      "kind": "happy_path",
      "args": null,
      "status": "skip",
      "reason": "command path [which] has fewer segments than placeholders (1)"
    },
    {
      "command": "which",
      "kind": "json_fidelity",
      "args": null,
      "status": "skip",
      "reason": "command path [which] has fewer segments than placeholders (1)"
    },
    {
      "command": "which",
      "kind": "error_path",
      "args": [
        "which",
        "__printing_press_invalid__",
        "--json"
      ],
      "status": "pass",
      "output_sample": "{\n  \"matches\": []\n}\n"
    },
    {
      "command": "workflow archive",
      "kind": "help",
      "args": [
        "workflow",
        "archive",
        "--help"
      ],
      "status": "pass",
      "output_sample": "Archive fetches all syncable resources from the API and stores them in a\nlocal SQLite database. Supports incremental sync (only new data since last run)\nand full resync. After archiving, use 'search' for instant full-text search.\n\nUsage:\n  hostex-pp-cli workflow archive [flags]\n\nExamples:\n  # Archive all resources\n  hostex-pp-cli workflow archive\n\n  # Full re-archive (ignore previous sync state)\n  hostex-pp-cli workflow archive --full\n\nFlags:\n      --db string   SQLite database file path (default: resolved data directory data.db)\n      --full        Full re-archive (ignore previous sync state)\n  -h, --help        help for archive\n\nGlobal Flags:\n      --agent                   Set all agent-friendly defaults (--json --compact --no-input --no-color --yes)\n      --allow-partial-failure   Downgrade response-body partial-failure (e.g. partialFailureError) to a warning instead of a non-zero exit\n      --compact                 Return only key fields (id, name, status, timestamps) for minimal token usage\n      --config string           Config file path\n      --csv                     Output as CSV (table and array responses)\n      --data-source string      Data source for read commands: auto (live with local fallback), live (API only), local (synced data only) (default \"auto\")\n      --deliver string          Route output to a sink: stdout (default), file:\u003cpath\u003e, webhook:\u003curl\u003e\n      --dry-run                 Show request without sending\n      --home string             Root directory for config, data, state, and cache files\n      --human-friendly          Enable colored output and rich formatting\n      --idempotent              Treat already-existing create results as a successful no-op\n      --ignore-missing          Treat missing delete targets as a successful no-op\n      --json                    Output as JSON\n      --max-age duration        Maximum acceptable age of local-store data before a stderr hint suggests sync; 0 disables (default 30m0s)\n      --no-cache                Bypass response cache\n      --no-color                Disable colored output\n      --no-input                Disable all interactive prompts (for CI/agents)\n      --plain                   Output as plain tab-separated text\n      --profile string          Apply values from a saved profile (see 'hostex-pp-cli profile list')\n      --quiet                   Bare output, one value per line\n      --rate-limit float        Max requests per second (0 to disable)\n      --select string           Comma-separated fields to include in output (e.g. --select id,name,status)\n      --timeout duration        Request timeout (default 1m0s)\n      --yes                     Skip confirmation prompts (for agents and scripts)\n"
    },
    {
      "command": "workflow archive",
      "kind": "happy_path",
      "args": [
        "workflow",
        "archive"
      ],
      "status": "pass",
      "output_sample": "{\"event\":\"sync_start\",\"resource\":\"automation\"}\n{\"event\":\"sync_error\",\"resource\":\"automation\",\"status\":400,\"method\":\"GET\",\"path\":\"/automation/actions\",\"body\":\"The type field is required.\",\"error\":\"GET /automation/actions returned HTTP 400: The type field is required.\"}\n{\"event\":\"sync_start\",\"resource\":\"calendar-share-links\"}\n{\"event\":\"sync_complete\",\"resource\":\"calendar-share-links\",\"total\":0,\"duration_ms\":929}\n{\"event\":\"sync_start\",\"resource\":\"channel-accounts\"}\n{\"event\":\"sync_warning\",\"resource\":\"channel-accounts\",\"reason\":\"resource_not_incremental\",\"message\":\"endpoint does not declare a temporal filter parameter; incremental sync has no effect for this resource\"}\n{\"event\":\"sync_progress\",\"resource\":\"channel-accounts\",\"fetched\":1}\n{\"event\":\"sync_complete\",\"resource\":\"channel-accounts\",\"total\":1,\"duration_ms\":532}\n{\"event\":\"sync_start\",\"resource\":\"conversations\"}\n{\"event\":\"sync_error\",\"resource\":\"conversations\",\"status\":400,\"method\":\"GET\",\"path\":\"/conversations\",\"body\":\"The offset field is required.\",\"error\":\"GET /conversations returned HTTP 400: The offset field is required.\"}\n{\"event\":\"sync_start\",\"resource\":\"custom-channels\"}\n{\"event\":\"sync_warning\",\"resource\":\"custom-channels\",\"reason\":\"resource_not_incremental\",\"message\":\"endpoint does not declare a temporal filter parameter; incremental sync has no effect for this resource\"}\n{\"event\":\"sync_progress\",\"resource\":\"custom-channels\",\"fetched\":7}\n{\"event\":\"sync_complete\",\"resource\":\"custom-channels\",\"total\":7,\"duration_ms\":553}\n{\"event\":\"sync_start\",\"resource\":\"expense-items\"}\n{\"event\":\"sync_warning\",\"resource\":\"expense-items\",\"reason\":\"resource_not_incremental\",\"message\":\"endpoint does not declare a temporal filter parameter; incremental sync has no effect for this resource\"}\n{\"event\":\"sync_progress\",\"resource\":\"expense-items\",\"fetched\":13}\n{\"event\":\"sync_complete\",\"resource\":\"expense-items\",\"total\":13,\"duration_ms\":557}\n{\"event\":\"sync_start\",\"resource\":\"expense-methods\"}\n{\"event\":\"sync_warning\",\"resource\":\"expense-methods\",\"reason\":\"resource_not_incremental\",\"message\":\"endpoint does not declare a temporal filter parameter; incremental sync has no effect for this resource\"}\n{\"event\":\"sync_progress\",\"resource\":\"expense-methods\",\"fetched\":15}\n{\"event\":\"sync_complete\",\"resource\":\"expense-methods\",\"total\":15,\"duration_ms\":608}\n{\"event\":\"sync_start\",\"resource\":\"groups\"}\n{\"event\":\"sync_complete\",\"resource\":\"groups\",\"total\":0,\"duration_ms\":598}\n{\"event\":\"sync_start\",\"resource\":\"income-items\"}\n{\"event\":\"sync_warning\",\"resource\":\"income-items\",\"reason\":\"resource_not_incremental\",\"message\":\"endpoint does not declare a temporal filter parameter; incremental sync has no effect for this resource\"}\n{\"event\":\"sync_progress\",\"resource\":\"income-items\",\"fetched\":8}\n{\"event\":\"sync_complete\",\"resource\":\"income-items\",\"total\":8,\"duration_ms\":639}\n{\"event\":\"sync_start\",\"resource\":\"income-methods\"}\n{\"event\":\"sync_warning\",\"resource\":\"income-methods\",\"reason\":\"resource_not_incremental\",\"message\":\"endpoint does not declare a temporal filter parameter; incremental sync has no effect for this resource\"}\n{\"event\":\"sync_progress\",\"resource\":\"income-methods\",\"fetched\":15}\n{\"event\":\"sync_complete\",\"resource\":\"income-methods\",\"total\":15,\"duration_ms\":564}\n{\"event\":\"sync_start\",\"resource\":\"knowledge-bases\"}\n{\"event\":\"sync_complete\",\"resource\":\"knowledge-bases\",\"total\":0,\"duration_ms\":676}\n{\"event\":\"sync_start\",\"resource\":\"listings\"}\n{\"event\":\"sync_warning\",\"resource\":\"listings\",\"reason\":\"resource_not_incremental\",\"message\":\"endpoint does not declare a temporal filter parameter; incremental sync has no effect for this resource\"}\n{\"event\":\"sync_progress\",\"resource\":\"listings\",\"fetched\":1}\n{\"event\":\"sync_complete\",\"resource\":\"listings\",\"total\":1,\"duration_ms\":577}\n{\"event\":\"sync_start\",\"resource\":\"message\"}\n{\"event\":\"sync_complete\",\"resource\":\"message\",\"total\":0,\"duration_ms\":651}\n{\"event\":\"sync_start\",\"resource\":\"pricing-ratios\"}\n{\"event\":\"sync_error\",\"resource\":\"pricing-ratios\",\"status\":400,\"method\":\"GET\",\"path\":\"/pricing_ratios\",\"body\":\"The property id field is required when room type id is not present…[truncated]"
    },
    {
      "command": "workflow archive",
      "kind": "json_fidelity",
      "args": [
        "workflow",
        "archive",
        "--json"
      ],
      "status": "pass",
      "output_sample": "{\n  \"resources_synced\": 25,\n  \"store_path\": \"/var/folders/ys/lr3bkj4x2773n5bfchm99wc40000gn/T/printing-press-subprocess-3907342488/.local/share/hostex-pp-cli/data.db\",\n  \"timestamp\": \"2026-06-27T05:37:32Z\",\n  \"total_items\": 65\n}\n{\"event\":\"sync_start\",\"resource\":\"automation\"}\n{\"event\":\"sync_error\",\"resource\":\"automation\",\"status\":400,\"method\":\"GET\",\"path\":\"/automation/actions\",\"body\":\"The type field is required.\",\"error\":\"GET /automation/actions returned HTTP 400: The type field is required.\"}\n  automation: error: fetching automation: GET /automation/actions returned HTTP 400: The type field is required.\n{\"event\":\"sync_start\",\"resource\":\"calendar-share-links\"}\n{\"event\":\"sync_complete\",\"resource\":\"calendar-share-links\",\"total\":0,\"duration_ms\":502}\n  calendar-share-links: 0 synced\n{\"event\":\"sync_start\",\"resource\":\"channel-accounts\"}\n{\"event\":\"sync_warning\",\"resource\":\"channel-accounts\",\"reason\":\"resource_not_incremental\",\"message\":\"endpoint does not declare a temporal filter parameter; incremental sync has no effect for this resource\"}\n{\"event\":\"sync_progress\",\"resource\":\"channel-accounts\",\"fetched\":1}\n{\"event\":\"sync_complete\",\"resource\":\"channel-accounts\",\"total\":1,\"duration_ms\":546}\n  channel-accounts: 1 synced\n{\"event\":\"sync_start\",\"resource\":\"conversations\"}\n{\"event\":\"sync_error\",\"resource\":\"conversations\",\"status\":400,\"method\":\"GET\",\"path\":\"/conversations\",\"body\":\"The offset field is required.\",\"error\":\"GET /conversations returned HTTP 400: The offset field is required.\"}\n  conversations: error: fetching conversations: GET /conversations returned HTTP 400: The offset field is required.\n{\"event\":\"sync_start\",\"resource\":\"custom-channels\"}\n{\"event\":\"sync_warning\",\"resource\":\"custom-channels\",\"reason\":\"resource_not_incremental\",\"message\":\"endpoint does not declare a temporal filter parameter; incremental sync has no effect for this resource\"}\n{\"event\":\"sync_progress\",\"resource\":\"custom-channels\",\"fetched\":7}\n{\"event\":\"sync_complete\",\"resource\":\"custom-channels\",\"total\":7,\"duration_ms\":499}\n  custom-channels: 7 synced\n{\"event\":\"sync_start\",\"resource\":\"expense-items\"}\n{\"event\":\"sync_warning\",\"resource\":\"expense-items\",\"reason\":\"resource_not_incremental\",\"message\":\"endpoint does not declare a temporal filter parameter; incremental sync has no effect for this resource\"}\n{\"event\":\"sync_progress\",\"resource\":\"expense-items\",\"fetched\":13}\n{\"event\":\"sync_complete\",\"resource\":\"expense-items\",\"total\":13,\"duration_ms\":548}\n  expense-items: 13 synced\n{\"event\":\"sync_start\",\"resource\":\"expense-methods\"}\n{\"event\":\"sync_warning\",\"resource\":\"expense-methods\",\"reason\":\"resource_not_incremental\",\"message\":\"endpoint does not declare a temporal filter parameter; incremental sync has no effect for this resource\"}\n{\"event\":\"sync_progress\",\"resource\":\"expense-methods\",\"fetched\":15}\n{\"event\":\"sync_complete\",\"resource\":\"expense-methods\",\"total\":15,\"duration_ms\":507}\n  expense-methods: 15 synced\n{\"event\":\"sync_start\",\"resource\":\"groups\"}\n{\"event\":\"sync_complete\",\"resource\":\"groups\",\"total\":0,\"duration_ms\":490}\n  groups: 0 synced\n{\"event\":\"sync_start\",\"resource\":\"income-items\"}\n{\"event\":\"sync_warning\",\"resource\":\"income-items\",\"reason\":\"resource_not_incremental\",\"message\":\"endpoint does not declare a temporal filter parameter; incremental sync has no effect for this resource\"}\n{\"event\":\"sync_progress\",\"resource\":\"income-items\",\"fetched\":8}\n{\"event\":\"sync_complete\",\"resource\":\"income-items\",\"total\":8,\"duration_ms\":573}\n  income-items: 8 synced\n{\"event\":\"sync_start\",\"resource\":\"income-methods\"}\n{\"event\":\"sync_warning\",\"resource\":\"income-methods\",\"reason\":\"resource_not_incremental\",\"message\":\"endpoint does not declare a temporal filter parameter; incremental sync has no effect for this resource\"}\n{\"event\":\"sync_progress\",\"resource\":\"income-methods\",\"fetched\":15}\n{\"event\":\"sync_complete\",\"resource\":\"income-methods\",\"total\":15,\"duration_ms\":493}\n  income-methods: 15 synced\n{\"event\":\"sync_start\",\"resource\":\"knowledge-bases\"}\n{\"event\":\"sync_complete\",\"resource\":\"knowledge-bases\",\"total\":0,\"duration_ms\":521}\n  knowledge-bases: 0 synced\n{\"event\":\"sync_start\",\"…[truncated]"
    },
    {
      "command": "workflow archive",
      "kind": "error_path",
      "args": null,
      "status": "skip",
      "reason": "no positional argument"
    },
    {
      "command": "workflow status",
      "kind": "help",
      "args": [
        "workflow",
        "status",
        "--help"
      ],
      "status": "pass",
      "output_sample": "Show local archive status and sync state for all resources\n\nUsage:\n  hostex-pp-cli workflow status [flags]\n\nExamples:\n  # Show archive status\n  hostex-pp-cli workflow status\n\n  # Show status as JSON\n  hostex-pp-cli workflow status --json\n\nFlags:\n      --db string   SQLite database file path (default: resolved data directory data.db)\n  -h, --help        help for status\n\nGlobal Flags:\n      --agent                   Set all agent-friendly defaults (--json --compact --no-input --no-color --yes)\n      --allow-partial-failure   Downgrade response-body partial-failure (e.g. partialFailureError) to a warning instead of a non-zero exit\n      --compact                 Return only key fields (id, name, status, timestamps) for minimal token usage\n      --config string           Config file path\n      --csv                     Output as CSV (table and array responses)\n      --data-source string      Data source for read commands: auto (live with local fallback), live (API only), local (synced data only) (default \"auto\")\n      --deliver string          Route output to a sink: stdout (default), file:\u003cpath\u003e, webhook:\u003curl\u003e\n      --dry-run                 Show request without sending\n      --home string             Root directory for config, data, state, and cache files\n      --human-friendly          Enable colored output and rich formatting\n      --idempotent              Treat already-existing create results as a successful no-op\n      --ignore-missing          Treat missing delete targets as a successful no-op\n      --json                    Output as JSON\n      --max-age duration        Maximum acceptable age of local-store data before a stderr hint suggests sync; 0 disables (default 30m0s)\n      --no-cache                Bypass response cache\n      --no-color                Disable colored output\n      --no-input                Disable all interactive prompts (for CI/agents)\n      --plain                   Output as plain tab-separated text\n      --profile string          Apply values from a saved profile (see 'hostex-pp-cli profile list')\n      --quiet                   Bare output, one value per line\n      --rate-limit float        Max requests per second (0 to disable)\n      --select string           Comma-separated fields to include in output (e.g. --select id,name,status)\n      --timeout duration        Request timeout (default 1m0s)\n      --yes                     Skip confirmation prompts (for agents and scripts)\n"
    },
    {
      "command": "workflow status",
      "kind": "happy_path",
      "args": [
        "workflow",
        "status"
      ],
      "status": "pass",
      "output_sample": "Archive Status:\n  income-items                   8 items\n  income-methods                 15 items\n  properties                     1 items\n  channel-accounts               1 items\n  custom-channels                7 items\n  expense-methods                15 items\n  listings                       1 items\n  reservation-tags               4 items\n  conversations                  4 items\n  expense-items                  13 items\n\n  Total: 69 items\n  Store: /var/folders/ys/lr3bkj4x2773n5bfchm99wc40000gn/T/printing-press-subprocess-3907342488/.local/share/hostex-pp-cli/data.db\n"
    },
    {
      "command": "workflow status",
      "kind": "json_fidelity",
      "args": [
        "workflow",
        "status",
        "--json"
      ],
      "status": "pass",
      "output_sample": "{\n  \"channel-accounts\": 1,\n  \"conversations\": 4,\n  \"custom-channels\": 7,\n  \"expense-items\": 13,\n  \"expense-methods\": 15,\n  \"income-items\": 8,\n  \"income-methods\": 15,\n  \"listings\": 1,\n  \"properties\": 1,\n  \"reservation-tags\": 4\n}\n"
    },
    {
      "command": "workflow status",
      "kind": "error_path",
      "args": null,
      "status": "skip",
      "reason": "no positional argument"
    }
  ],
  "ran_at": "2026-06-27T05:33:12.357838Z"
}
Error: live dogfood failed: 13/251 tests failed
live dogfood failed: 13/251 tests failed
